batch_id,loop_id,step_order,loop_path,from_id,to_id,amount,timestamp,confidence_score,transactions_scanned,audit_reason
28,batch_28_loop_1,1,EMP_FRAUD_C -> VEND_SHELL_C -> SUB_PAYBACK_C -> EMP_FRAUD_C,EMP_FRAUD_C,VEND_SHELL_C,10943.58,2026-04-18T06:07:42Z,100.0,447,Circular Fund Flow
28,batch_28_loop_1,2,EMP_FRAUD_C -> VEND_SHELL_C -> SUB_PAYBACK_C -> EMP_FRAUD_C,VEND_SHELL_C,SUB_PAYBACK_C,10294.06,2026-04-18T06:07:42Z,100.0,447,Circular Fund Flow
28,batch_28_loop_1,3,EMP_FRAUD_C -> VEND_SHELL_C -> SUB_PAYBACK_C -> EMP_FRAUD_C,SUB_PAYBACK_C,EMP_FRAUD_C,10829.54,2026-04-18T06:07:42Z,100.0,447,Circular Fund Flow
28,batch_28_loop_2,1,EMP_FRAUD_B -> VEND_SHELL_B -> SUB_PAYBACK_B -> EMP_FRAUD_B,EMP_FRAUD_B,VEND_SHELL_B,11063.37,2026-04-18T06:07:42Z,100.0,447,Circular Fund Flow
28,batch_28_loop_2,2,EMP_FRAUD_B -> VEND_SHELL_B -> SUB_PAYBACK_B -> EMP_FRAUD_B,VEND_SHELL_B,SUB_PAYBACK_B,11198.85,2026-04-18T06:07:42Z,100.0,447,Circular Fund Flow
28,batch_28_loop_2,3,EMP_FRAUD_B -> VEND_SHELL_B -> SUB_PAYBACK_B -> EMP_FRAUD_B,SUB_PAYBACK_B,EMP_FRAUD_B,10243.0,2026-04-18T06:07:42Z,100.0,447,Circular Fund Flow
28,batch_28_loop_3,1,EMP_FRAUD_A -> VEND_SHELL_A -> SUB_PAYBACK_A -> EMP_FRAUD_A,EMP_FRAUD_A,VEND_SHELL_A,8840.56,2026-04-18T06:07:42Z,100.0,447,Circular Fund Flow
28,batch_28_loop_3,2,EMP_FRAUD_A -> VEND_SHELL_A -> SUB_PAYBACK_A -> EMP_FRAUD_A,VEND_SHELL_A,SUB_PAYBACK_A,10872.55,2026-04-18T06:07:42Z,100.0,447,Circular Fund Flow
28,batch_28_loop_3,3,EMP_FRAUD_A -> VEND_SHELL_A -> SUB_PAYBACK_A -> EMP_FRAUD_A,SUB_PAYBACK_A,EMP_FRAUD_A,13242.25,2026-04-18T06:07:42Z,100.0,447,Circular Fund Flow
29,batch_29_loop_1,1,EMP_FRAUD_C -> VEND_SHELL_C -> SUB_PAYBACK_C -> EMP_FRAUD_C,EMP_FRAUD_C,VEND_SHELL_C,0.0,Historical,98.67,447,Circular Fund Flow
29,batch_29_loop_1,2,EMP_FRAUD_C -> VEND_SHELL_C -> SUB_PAYBACK_C -> EMP_FRAUD_C,VEND_SHELL_C,SUB_PAYBACK_C,0.0,Historical,95.05,447,Circular Fund Flow
29,batch_29_loop_1,3,EMP_FRAUD_C -> VEND_SHELL_C -> SUB_PAYBACK_C -> EMP_FRAUD_C,SUB_PAYBACK_C,EMP_FRAUD_C,0.0,Historical,96.16,447,Circular Fund Flow
29,batch_29_loop_2,1,EMP_FRAUD_B -> VEND_SHELL_B -> SUB_PAYBACK_B -> EMP_FRAUD_B,EMP_FRAUD_B,VEND_SHELL_B,0.0,Historical,88.93,447,Circular Fund Flow
29,batch_29_loop_2,2,EMP_FRAUD_B -> VEND_SHELL_B -> SUB_PAYBACK_B -> EMP_FRAUD_B,VEND_SHELL_B,SUB_PAYBACK_B,0.0,Historical,97.26,447,Circular Fund Flow
29,batch_29_loop_2,3,EMP_FRAUD_B -> VEND_SHELL_B -> SUB_PAYBACK_B -> EMP_FRAUD_B,SUB_PAYBACK_B,EMP_FRAUD_B,0.0,Historical,87.55,447,Circular Fund Flow
29,batch_29_loop_3,1,EMP_FRAUD_A -> VEND_SHELL_A -> SUB_PAYBACK_A -> EMP_FRAUD_A,EMP_FRAUD_A,VEND_SHELL_A,0.0,Historical,91.03,447,Circular Fund Flow
29,batch_29_loop_3,2,EMP_FRAUD_A -> VEND_SHELL_A -> SUB_PAYBACK_A -> EMP_FRAUD_A,VEND_SHELL_A,SUB_PAYBACK_A,0.0,Historical,89.07,447,Circular Fund Flow
29,batch_29_loop_3,3,EMP_FRAUD_A -> VEND_SHELL_A -> SUB_PAYBACK_A -> EMP_FRAUD_A,SUB_PAYBACK_A,EMP_FRAUD_A,0.0,Historical,88.89,447,Circular Fund Flow
30,batch_30_loop_1,1,EMP_FRAUD_C -> VEND_SHELL_C -> SUB_PAYBACK_C -> EMP_FRAUD_C,EMP_FRAUD_C,VEND_SHELL_C,0.0,Historical,98.03,444,Circular Fund Flow
30,batch_30_loop_1,2,EMP_FRAUD_C -> VEND_SHELL_C -> SUB_PAYBACK_C -> EMP_FRAUD_C,VEND_SHELL_C,SUB_PAYBACK_C,0.0,Historical,86.84,444,Circular Fund Flow
30,batch_30_loop_1,3,EMP_FRAUD_C -> VEND_SHELL_C -> SUB_PAYBACK_C -> EMP_FRAUD_C,SUB_PAYBACK_C,EMP_FRAUD_C,0.0,Historical,95.11,444,Circular Fund Flow
30,batch_30_loop_2,1,EMP_FRAUD_B -> VEND_SHELL_B -> SUB_PAYBACK_B -> EMP_FRAUD_B,EMP_FRAUD_B,VEND_SHELL_B,0.0,Historical,97.56,444,Circular Fund Flow
30,batch_30_loop_2,2,EMP_FRAUD_B -> VEND_SHELL_B -> SUB_PAYBACK_B -> EMP_FRAUD_B,VEND_SHELL_B,SUB_PAYBACK_B,0.0,Historical,96.27,444,Circular Fund Flow
30,batch_30_loop_2,3,EMP_FRAUD_B -> VEND_SHELL_B -> SUB_PAYBACK_B -> EMP_FRAUD_B,SUB_PAYBACK_B,EMP_FRAUD_B,0.0,Historical,89.57,444,Circular Fund Flow
30,batch_30_loop_3,1,EMP_FRAUD_A -> VEND_SHELL_A -> SUB_PAYBACK_A -> EMP_FRAUD_A,EMP_FRAUD_A,VEND_SHELL_A,0.0,Historical,85.32,444,Circular Fund Flow
30,batch_30_loop_3,2,EMP_FRAUD_A -> VEND_SHELL_A -> SUB_PAYBACK_A -> EMP_FRAUD_A,VEND_SHELL_A,SUB_PAYBACK_A,0.0,Historical,89.4,444,Circular Fund Flow
30,batch_30_loop_3,3,EMP_FRAUD_A -> VEND_SHELL_A -> SUB_PAYBACK_A -> EMP_FRAUD_A,SUB_PAYBACK_A,EMP_FRAUD_A,0.0,Historical,89.9,444,Circular Fund Flow
31,batch_31_loop_1,1,EMP_FRAUD_C -> VEND_SHELL_C -> SUB_PAYBACK_C -> EMP_FRAUD_C,EMP_FRAUD_C,VEND_SHELL_C,0.0,Historical,96.36,447,Circular Fund Flow
31,batch_31_loop_1,2,EMP_FRAUD_C -> VEND_SHELL_C -> SUB_PAYBACK_C -> EMP_FRAUD_C,VEND_SHELL_C,SUB_PAYBACK_C,0.0,Historical,85.03,447,Circular Fund Flow
31,batch_31_loop_1,3,EMP_FRAUD_C -> VEND_SHELL_C -> SUB_PAYBACK_C -> EMP_FRAUD_C,SUB_PAYBACK_C,EMP_FRAUD_C,0.0,Historical,97.79,447,Circular Fund Flow
31,batch_31_loop_2,1,EMP_FRAUD_B -> VEND_SHELL_B -> SUB_PAYBACK_B -> EMP_FRAUD_B,EMP_FRAUD_B,VEND_SHELL_B,0.0,Historical,95.36,447,Circular Fund Flow
31,batch_31_loop_2,2,EMP_FRAUD_B -> VEND_SHELL_B -> SUB_PAYBACK_B -> EMP_FRAUD_B,VEND_SHELL_B,SUB_PAYBACK_B,0.0,Historical,94.63,447,Circular Fund Flow
31,batch_31_loop_2,3,EMP_FRAUD_B -> VEND_SHELL_B -> SUB_PAYBACK_B -> EMP_FRAUD_B,SUB_PAYBACK_B,EMP_FRAUD_B,0.0,Historical,93.16,447,Circular Fund Flow
31,batch_31_loop_3,1,EMP_FRAUD_A -> VEND_SHELL_A -> SUB_PAYBACK_A -> EMP_FRAUD_A,EMP_FRAUD_A,VEND_SHELL_A,0.0,Historical,87.95,447,Circular Fund Flow
31,batch_31_loop_3,2,EMP_FRAUD_A -> VEND_SHELL_A -> SUB_PAYBACK_A -> EMP_FRAUD_A,VEND_SHELL_A,SUB_PAYBACK_A,0.0,Historical,92.78,447,Circular Fund Flow
31,batch_31_loop_3,3,EMP_FRAUD_A -> VEND_SHELL_A -> SUB_PAYBACK_A -> EMP_FRAUD_A,SUB_PAYBACK_A,EMP_FRAUD_A,0.0,Historical,95.54,447,Circular Fund Flow
32,batch_32_loop_1,1,EMP_FRAUD_C -> VEND_SHELL_C -> SUB_PAYBACK_C -> EMP_FRAUD_C,EMP_FRAUD_C,VEND_SHELL_C,0.0,Historical,96.56,446,Circular Fund Flow
32,batch_32_loop_1,2,EMP_FRAUD_C -> VEND_SHELL_C -> SUB_PAYBACK_C -> EMP_FRAUD_C,VEND_SHELL_C,SUB_PAYBACK_C,0.0,Historical,86.17,446,Circular Fund Flow
32,batch_32_loop_1,3,EMP_FRAUD_C -> VEND_SHELL_C -> SUB_PAYBACK_C -> EMP_FRAUD_C,SUB_PAYBACK_C,EMP_FRAUD_C,0.0,Historical,93.87,446,Circular Fund Flow
32,batch_32_loop_2,1,EMP_FRAUD_B -> VEND_SHELL_B -> SUB_PAYBACK_B -> EMP_FRAUD_B,EMP_FRAUD_B,VEND_SHELL_B,0.0,Historical,93.2,446,Circular Fund Flow
32,batch_32_loop_2,2,EMP_FRAUD_B -> VEND_SHELL_B -> SUB_PAYBACK_B -> EMP_FRAUD_B,VEND_SHELL_B,SUB_PAYBACK_B,0.0,Historical,85.78,446,Circular Fund Flow
32,batch_32_loop_2,3,EMP_FRAUD_B -> VEND_SHELL_B -> SUB_PAYBACK_B -> EMP_FRAUD_B,SUB_PAYBACK_B,EMP_FRAUD_B,0.0,Historical,85.82,446,Circular Fund Flow
32,batch_32_loop_3,1,EMP_FRAUD_A -> VEND_SHELL_A -> SUB_PAYBACK_A -> EMP_FRAUD_A,EMP_FRAUD_A,VEND_SHELL_A,0.0,Historical,98.47,446,Circular Fund Flow
32,batch_32_loop_3,2,EMP_FRAUD_A -> VEND_SHELL_A -> SUB_PAYBACK_A -> EMP_FRAUD_A,VEND_SHELL_A,SUB_PAYBACK_A,0.0,Historical,93.93,446,Circular Fund Flow
32,batch_32_loop_3,3,EMP_FRAUD_A -> VEND_SHELL_A -> SUB_PAYBACK_A -> EMP_FRAUD_A,SUB_PAYBACK_A,EMP_FRAUD_A,0.0,Historical,98.64,446,Circular Fund Flow
33,batch_33_loop_1,1,EMP_FRAUD_C -> VEND_SHELL_C -> SUB_PAYBACK_C -> EMP_FRAUD_C,EMP_FRAUD_C,VEND_SHELL_C,0.0,Historical,95.16,447,Circular Fund Flow
33,batch_33_loop_1,2,EMP_FRAUD_C -> VEND_SHELL_C -> SUB_PAYBACK_C -> EMP_FRAUD_C,VEND_SHELL_C,SUB_PAYBACK_C,0.0,Historical,87.7,447,Circular Fund Flow
33,batch_33_loop_1,3,EMP_FRAUD_C -> VEND_SHELL_C -> SUB_PAYBACK_C -> EMP_FRAUD_C,SUB_PAYBACK_C,EMP_FRAUD_C,0.0,Historical,85.26,447,Circular Fund Flow
33,batch_33_loop_2,1,EMP_FRAUD_B -> VEND_SHELL_B -> SUB_PAYBACK_B -> EMP_FRAUD_B,EMP_FRAUD_B,VEND_SHELL_B,0.0,Historical,91.89,447,Circular Fund Flow
33,batch_33_loop_2,2,EMP_FRAUD_B -> VEND_SHELL_B -> SUB_PAYBACK_B -> EMP_FRAUD_B,VEND_SHELL_B,SUB_PAYBACK_B,0.0,Historical,87.47,447,Circular Fund Flow
33,batch_33_loop_2,3,EMP_FRAUD_B -> VEND_SHELL_B -> SUB_PAYBACK_B -> EMP_FRAUD_B,SUB_PAYBACK_B,EMP_FRAUD_B,0.0,Historical,94.08,447,Circular Fund Flow
33,batch_33_loop_3,1,EMP_FRAUD_A -> VEND_SHELL_A -> SUB_PAYBACK_A -> EMP_FRAUD_A,EMP_FRAUD_A,VEND_SHELL_A,0.0,Historical,89.72,447,Circular Fund Flow
33,batch_33_loop_3,2,EMP_FRAUD_A -> VEND_SHELL_A -> SUB_PAYBACK_A -> EMP_FRAUD_A,VEND_SHELL_A,SUB_PAYBACK_A,0.0,Historical,91.64,447,Circular Fund Flow
33,batch_33_loop_3,3,EMP_FRAUD_A -> VEND_SHELL_A -> SUB_PAYBACK_A -> EMP_FRAUD_A,SUB_PAYBACK_A,EMP_FRAUD_A,0.0,Historical,97.42,447,Circular Fund Flow
34,batch_34_loop_1,1,EMP_FRAUD_C -> VEND_SHELL_C -> SUB_PAYBACK_C -> EMP_FRAUD_C,EMP_FRAUD_C,VEND_SHELL_C,0.0,Historical,94.06,446,Circular Fund Flow
34,batch_34_loop_1,2,EMP_FRAUD_C -> VEND_SHELL_C -> SUB_PAYBACK_C -> EMP_FRAUD_C,VEND_SHELL_C,SUB_PAYBACK_C,0.0,Historical,89.98,446,Circular Fund Flow
34,batch_34_loop_1,3,EMP_FRAUD_C -> VEND_SHELL_C -> SUB_PAYBACK_C -> EMP_FRAUD_C,SUB_PAYBACK_C,EMP_FRAUD_C,0.0,Historical,91.67,446,Circular Fund Flow
34,batch_34_loop_2,1,EMP_FRAUD_B -> VEND_SHELL_B -> SUB_PAYBACK_B -> EMP_FRAUD_B,EMP_FRAUD_B,VEND_SHELL_B,0.0,Historical,87.74,446,Circular Fund Flow
34,batch_34_loop_2,2,EMP_FRAUD_B -> VEND_SHELL_B -> SUB_PAYBACK_B -> EMP_FRAUD_B,VEND_SHELL_B,SUB_PAYBACK_B,0.0,Historical,96.94,446,Circular Fund Flow
34,batch_34_loop_2,3,EMP_FRAUD_B -> VEND_SHELL_B -> SUB_PAYBACK_B -> EMP_FRAUD_B,SUB_PAYBACK_B,EMP_FRAUD_B,0.0,Historical,94.26,446,Circular Fund Flow
34,batch_34_loop_3,1,EMP_FRAUD_A -> VEND_SHELL_A -> SUB_PAYBACK_A -> EMP_FRAUD_A,EMP_FRAUD_A,VEND_SHELL_A,0.0,Historical,96.57,446,Circular Fund Flow
34,batch_34_loop_3,2,EMP_FRAUD_A -> VEND_SHELL_A -> SUB_PAYBACK_A -> EMP_FRAUD_A,VEND_SHELL_A,SUB_PAYBACK_A,0.0,Historical,98.45,446,Circular Fund Flow
34,batch_34_loop_3,3,EMP_FRAUD_A -> VEND_SHELL_A -> SUB_PAYBACK_A -> EMP_FRAUD_A,SUB_PAYBACK_A,EMP_FRAUD_A,0.0,Historical,88.64,446,Circular Fund Flow
35,batch_35_loop_1,1,EMP_FRAUD_C -> VEND_SHELL_C -> SUB_PAYBACK_C -> EMP_FRAUD_C,EMP_FRAUD_C,VEND_SHELL_C,0.0,Historical,97.73,448,Circular Fund Flow
35,batch_35_loop_1,2,EMP_FRAUD_C -> VEND_SHELL_C -> SUB_PAYBACK_C -> EMP_FRAUD_C,VEND_SHELL_C,SUB_PAYBACK_C,0.0,Historical,87.03,448,Circular Fund Flow
35,batch_35_loop_1,3,EMP_FRAUD_C -> VEND_SHELL_C -> SUB_PAYBACK_C -> EMP_FRAUD_C,SUB_PAYBACK_C,EMP_FRAUD_C,0.0,Historical,89.98,448,Circular Fund Flow
35,batch_35_loop_2,1,EMP_FRAUD_B -> VEND_SHELL_B -> SUB_PAYBACK_B -> EMP_FRAUD_B,EMP_FRAUD_B,VEND_SHELL_B,0.0,Historical,92.6,448,Circular Fund Flow
35,batch_35_loop_2,2,EMP_FRAUD_B -> VEND_SHELL_B -> SUB_PAYBACK_B -> EMP_FRAUD_B,VEND_SHELL_B,SUB_PAYBACK_B,0.0,Historical,96.94,448,Circular Fund Flow
35,batch_35_loop_2,3,EMP_FRAUD_B -> VEND_SHELL_B -> SUB_PAYBACK_B -> EMP_FRAUD_B,SUB_PAYBACK_B,EMP_FRAUD_B,0.0,Historical,95.88,448,Circular Fund Flow
35,batch_35_loop_3,1,EMP_FRAUD_A -> VEND_SHELL_A -> SUB_PAYBACK_A -> EMP_FRAUD_A,EMP_FRAUD_A,VEND_SHELL_A,0.0,Historical,94.17,448,Circular Fund Flow
35,batch_35_loop_3,2,EMP_FRAUD_A -> VEND_SHELL_A -> SUB_PAYBACK_A -> EMP_FRAUD_A,VEND_SHELL_A,SUB_PAYBACK_A,0.0,Historical,97.96,448,Circular Fund Flow
35,batch_35_loop_3,3,EMP_FRAUD_A -> VEND_SHELL_A -> SUB_PAYBACK_A -> EMP_FRAUD_A,SUB_PAYBACK_A,EMP_FRAUD_A,0.0,Historical,86.49,448,Circular Fund Flow
36,batch_36_loop_1,1,EMP_FRAUD_C -> VEND_SHELL_C -> SUB_PAYBACK_C -> EMP_FRAUD_C,EMP_FRAUD_C,VEND_SHELL_C,0.0,Historical,85.61,447,Circular Fund Flow
36,batch_36_loop_1,2,EMP_FRAUD_C -> VEND_SHELL_C -> SUB_PAYBACK_C -> EMP_FRAUD_C,VEND_SHELL_C,SUB_PAYBACK_C,0.0,Historical,86.26,447,Circular Fund Flow
36,batch_36_loop_1,3,EMP_FRAUD_C -> VEND_SHELL_C -> SUB_PAYBACK_C -> EMP_FRAUD_C,SUB_PAYBACK_C,EMP_FRAUD_C,0.0,Historical,90.59,447,Circular Fund Flow
36,batch_36_loop_2,1,EMP_FRAUD_B -> VEND_SHELL_B -> SUB_PAYBACK_B -> EMP_FRAUD_B,EMP_FRAUD_B,VEND_SHELL_B,0.0,Historical,87.96,447,Circular Fund Flow
36,batch_36_loop_2,2,EMP_FRAUD_B -> VEND_SHELL_B -> SUB_PAYBACK_B -> EMP_FRAUD_B,VEND_SHELL_B,SUB_PAYBACK_B,0.0,Historical,94.09,447,Circular Fund Flow
36,batch_36_loop_2,3,EMP_FRAUD_B -> VEND_SHELL_B -> SUB_PAYBACK_B -> EMP_FRAUD_B,SUB_PAYBACK_B,EMP_FRAUD_B,0.0,Historical,88.96,447,Circular Fund Flow
36,batch_36_loop_3,1,EMP_FRAUD_A -> VEND_SHELL_A -> SUB_PAYBACK_A -> EMP_FRAUD_A,EMP_FRAUD_A,VEND_SHELL_A,0.0,Historical,97.94,447,Circular Fund Flow
36,batch_36_loop_3,2,EMP_FRAUD_A -> VEND_SHELL_A -> SUB_PAYBACK_A -> EMP_FRAUD_A,VEND_SHELL_A,SUB_PAYBACK_A,0.0,Historical,96.29,447,Circular Fund Flow
36,batch_36_loop_3,3,EMP_FRAUD_A -> VEND_SHELL_A -> SUB_PAYBACK_A -> EMP_FRAUD_A,SUB_PAYBACK_A,EMP_FRAUD_A,0.0,Historical,91.29,447,Circular Fund Flow
37,batch_37_loop_1,1,EMP_FRAUD_C -> VEND_SHELL_C -> SUB_PAYBACK_C -> EMP_FRAUD_C,EMP_FRAUD_C,VEND_SHELL_C,0.0,Historical,87.14,449,Circular Fund Flow
37,batch_37_loop_1,2,EMP_FRAUD_C -> VEND_SHELL_C -> SUB_PAYBACK_C -> EMP_FRAUD_C,VEND_SHELL_C,SUB_PAYBACK_C,0.0,Historical,92.15,449,Circular Fund Flow
37,batch_37_loop_1,3,EMP_FRAUD_C -> VEND_SHELL_C -> SUB_PAYBACK_C -> EMP_FRAUD_C,SUB_PAYBACK_C,EMP_FRAUD_C,0.0,Historical,88.63,449,Circular Fund Flow
37,batch_37_loop_2,1,EMP_FRAUD_B -> VEND_SHELL_B -> SUB_PAYBACK_B -> EMP_FRAUD_B,EMP_FRAUD_B,VEND_SHELL_B,0.0,Historical,88.86,449,Circular Fund Flow
37,batch_37_loop_2,2,EMP_FRAUD_B -> VEND_SHELL_B -> SUB_PAYBACK_B -> EMP_FRAUD_B,VEND_SHELL_B,SUB_PAYBACK_B,0.0,Historical,95.77,449,Circular Fund Flow
37,batch_37_loop_2,3,EMP_FRAUD_B -> VEND_SHELL_B -> SUB_PAYBACK_B -> EMP_FRAUD_B,SUB_PAYBACK_B,EMP_FRAUD_B,0.0,Historical,90.73,449,Circular Fund Flow
37,batch_37_loop_3,1,EMP_FRAUD_A -> VEND_SHELL_A -> SUB_PAYBACK_A -> EMP_FRAUD_A,EMP_FRAUD_A,VEND_SHELL_A,0.0,Historical,92.98,449,Circular Fund Flow
37,batch_37_loop_3,2,EMP_FRAUD_A -> VEND_SHELL_A -> SUB_PAYBACK_A -> EMP_FRAUD_A,VEND_SHELL_A,SUB_PAYBACK_A,0.0,Historical,95.74,449,Circular Fund Flow
37,batch_37_loop_3,3,EMP_FRAUD_A -> VEND_SHELL_A -> SUB_PAYBACK_A -> EMP_FRAUD_A,SUB_PAYBACK_A,EMP_FRAUD_A,0.0,Historical,85.29,449,Circular Fund Flow
38,batch_38_loop_1,1,EMP_FRAUD_C -> VEND_SHELL_C -> SUB_PAYBACK_C -> EMP_FRAUD_C,EMP_FRAUD_C,VEND_SHELL_C,0.0,Historical,95.23,446,Circular Fund Flow
38,batch_38_loop_1,2,EMP_FRAUD_C -> VEND_SHELL_C -> SUB_PAYBACK_C -> EMP_FRAUD_C,VEND_SHELL_C,SUB_PAYBACK_C,0.0,Historical,91.64,446,Circular Fund Flow
38,batch_38_loop_1,3,EMP_FRAUD_C -> VEND_SHELL_C -> SUB_PAYBACK_C -> EMP_FRAUD_C,SUB_PAYBACK_C,EMP_FRAUD_C,0.0,Historical,85.06,446,Circular Fund Flow
38,batch_38_loop_2,1,EMP_FRAUD_B -> VEND_SHELL_B -> SUB_PAYBACK_B -> EMP_FRAUD_B,EMP_FRAUD_B,VEND_SHELL_B,0.0,Historical,86.09,446,Circular Fund Flow
38,batch_38_loop_2,2,EMP_FRAUD_B -> VEND_SHELL_B -> SUB_PAYBACK_B -> EMP_FRAUD_B,VEND_SHELL_B,SUB_PAYBACK_B,0.0,Historical,90.96,446,Circular Fund Flow
38,batch_38_loop_2,3,EMP_FRAUD_B -> VEND_SHELL_B -> SUB_PAYBACK_B -> EMP_FRAUD_B,SUB_PAYBACK_B,EMP_FRAUD_B,0.0,Historical,86.8,446,Circular Fund Flow
38,batch_38_loop_3,1,EMP_FRAUD_A -> VEND_SHELL_A -> SUB_PAYBACK_A -> EMP_FRAUD_A,EMP_FRAUD_A,VEND_SHELL_A,0.0,Historical,97.68,446,Circular Fund Flow
38,batch_38_loop_3,2,EMP_FRAUD_A -> VEND_SHELL_A -> SUB_PAYBACK_A -> EMP_FRAUD_A,VEND_SHELL_A,SUB_PAYBACK_A,0.0,Historical,87.88,446,Circular Fund Flow
38,batch_38_loop_3,3,EMP_FRAUD_A -> VEND_SHELL_A -> SUB_PAYBACK_A -> EMP_FRAUD_A,SUB_PAYBACK_A,EMP_FRAUD_A,0.0,Historical,94.45,446,Circular Fund Flow
39,batch_39_loop_1,1,EMP_FRAUD_C -> VEND_SHELL_C -> SUB_PAYBACK_C -> EMP_FRAUD_C,EMP_FRAUD_C,VEND_SHELL_C,0.0,Historical,91.2,448,Circular Fund Flow
39,batch_39_loop_1,2,EMP_FRAUD_C -> VEND_SHELL_C -> SUB_PAYBACK_C -> EMP_FRAUD_C,VEND_SHELL_C,SUB_PAYBACK_C,0.0,Historical,97.94,448,Circular Fund Flow
39,batch_39_loop_1,3,EMP_FRAUD_C -> VEND_SHELL_C -> SUB_PAYBACK_C -> EMP_FRAUD_C,SUB_PAYBACK_C,EMP_FRAUD_C,0.0,Historical,88.19,448,Circular Fund Flow
39,batch_39_loop_2,1,EMP_FRAUD_B -> VEND_SHELL_B -> SUB_PAYBACK_B -> EMP_FRAUD_B,EMP_FRAUD_B,VEND_SHELL_B,0.0,Historical,95.99,448,Circular Fund Flow
39,batch_39_loop_2,2,EMP_FRAUD_B -> VEND_SHELL_B -> SUB_PAYBACK_B -> EMP_FRAUD_B,VEND_SHELL_B,SUB_PAYBACK_B,0.0,Historical,95.4,448,Circular Fund Flow
39,batch_39_loop_2,3,EMP_FRAUD_B -> VEND_SHELL_B -> SUB_PAYBACK_B -> EMP_FRAUD_B,SUB_PAYBACK_B,EMP_FRAUD_B,0.0,Historical,87.01,448,Circular Fund Flow
39,batch_39_loop_3,1,EMP_FRAUD_A -> VEND_SHELL_A -> SUB_PAYBACK_A -> EMP_FRAUD_A,EMP_FRAUD_A,VEND_SHELL_A,0.0,Historical,95.66,448,Circular Fund Flow
39,batch_39_loop_3,2,EMP_FRAUD_A -> VEND_SHELL_A -> SUB_PAYBACK_A -> EMP_FRAUD_A,VEND_SHELL_A,SUB_PAYBACK_A,0.0,Historical,91.68,448,Circular Fund Flow
39,batch_39_loop_3,3,EMP_FRAUD_A -> VEND_SHELL_A -> SUB_PAYBACK_A -> EMP_FRAUD_A,SUB_PAYBACK_A,EMP_FRAUD_A,0.0,Historical,93.75,448,Circular Fund Flow
40,batch_40_loop_1,1,EMP_FRAUD_C -> VEND_SHELL_C -> SUB_PAYBACK_C -> EMP_FRAUD_C,EMP_FRAUD_C,VEND_SHELL_C,0.0,Historical,89.65,445,Circular Fund Flow
40,batch_40_loop_1,2,EMP_FRAUD_C -> VEND_SHELL_C -> SUB_PAYBACK_C -> EMP_FRAUD_C,VEND_SHELL_C,SUB_PAYBACK_C,0.0,Historical,95.18,445,Circular Fund Flow
40,batch_40_loop_1,3,EMP_FRAUD_C -> VEND_SHELL_C -> SUB_PAYBACK_C -> EMP_FRAUD_C,SUB_PAYBACK_C,EMP_FRAUD_C,0.0,Historical,97.41,445,Circular Fund Flow
40,batch_40_loop_2,1,EMP_FRAUD_B -> VEND_SHELL_B -> SUB_PAYBACK_B -> EMP_FRAUD_B,EMP_FRAUD_B,VEND_SHELL_B,0.0,Historical,93.73,445,Circular Fund Flow
40,batch_40_loop_2,2,EMP_FRAUD_B -> VEND_SHELL_B -> SUB_PAYBACK_B -> EMP_FRAUD_B,VEND_SHELL_B,SUB_PAYBACK_B,0.0,Historical,93.08,445,Circular Fund Flow
40,batch_40_loop_2,3,EMP_FRAUD_B -> VEND_SHELL_B -> SUB_PAYBACK_B -> EMP_FRAUD_B,SUB_PAYBACK_B,EMP_FRAUD_B,0.0,Historical,89.08,445,Circular Fund Flow
40,batch_40_loop_3,1,EMP_FRAUD_A -> VEND_SHELL_A -> SUB_PAYBACK_A -> EMP_FRAUD_A,EMP_FRAUD_A,VEND_SHELL_A,0.0,Historical,93.62,445,Circular Fund Flow
40,batch_40_loop_3,2,EMP_FRAUD_A -> VEND_SHELL_A -> SUB_PAYBACK_A -> EMP_FRAUD_A,VEND_SHELL_A,SUB_PAYBACK_A,0.0,Historical,95.92,445,Circular Fund Flow
40,batch_40_loop_3,3,EMP_FRAUD_A -> VEND_SHELL_A -> SUB_PAYBACK_A -> EMP_FRAUD_A,SUB_PAYBACK_A,EMP_FRAUD_A,0.0,Historical,99.0,445,Circular Fund Flow
41,batch_41_loop_1,1,EMP_FRAUD_C -> VEND_SHELL_C -> SUB_PAYBACK_C -> EMP_FRAUD_C,EMP_FRAUD_C,VEND_SHELL_C,0.0,Historical,91.29,447,Circular Fund Flow
41,batch_41_loop_1,2,EMP_FRAUD_C -> VEND_SHELL_C -> SUB_PAYBACK_C -> EMP_FRAUD_C,VEND_SHELL_C,SUB_PAYBACK_C,0.0,Historical,93.77,447,Circular Fund Flow
41,batch_41_loop_1,3,EMP_FRAUD_C -> VEND_SHELL_C -> SUB_PAYBACK_C -> EMP_FRAUD_C,SUB_PAYBACK_C,EMP_FRAUD_C,0.0,Historical,94.71,447,Circular Fund Flow
41,batch_41_loop_2,1,EMP_FRAUD_B -> VEND_SHELL_B -> SUB_PAYBACK_B -> EMP_FRAUD_B,EMP_FRAUD_B,VEND_SHELL_B,0.0,Historical,91.55,447,Circular Fund Flow
41,batch_41_loop_2,2,EMP_FRAUD_B -> VEND_SHELL_B -> SUB_PAYBACK_B -> EMP_FRAUD_B,VEND_SHELL_B,SUB_PAYBACK_B,0.0,Historical,95.11,447,Circular Fund Flow
41,batch_41_loop_2,3,EMP_FRAUD_B -> VEND_SHELL_B -> SUB_PAYBACK_B -> EMP_FRAUD_B,SUB_PAYBACK_B,EMP_FRAUD_B,0.0,Historical,86.82,447,Circular Fund Flow
41,batch_41_loop_3,1,EMP_FRAUD_A -> VEND_SHELL_A -> SUB_PAYBACK_A -> EMP_FRAUD_A,EMP_FRAUD_A,VEND_SHELL_A,0.0,Historical,95.78,447,Circular Fund Flow
41,batch_41_loop_3,2,EMP_FRAUD_A -> VEND_SHELL_A -> SUB_PAYBACK_A -> EMP_FRAUD_A,VEND_SHELL_A,SUB_PAYBACK_A,0.0,Historical,89.28,447,Circular Fund Flow
41,batch_41_loop_3,3,EMP_FRAUD_A -> VEND_SHELL_A -> SUB_PAYBACK_A -> EMP_FRAUD_A,SUB_PAYBACK_A,EMP_FRAUD_A,0.0,Historical,92.67,447,Circular Fund Flow
42,batch_42_loop_1,1,EMP_FRAUD_C -> VEND_SHELL_C -> SUB_PAYBACK_C -> EMP_FRAUD_C,EMP_FRAUD_C,VEND_SHELL_C,0.0,Historical,91.95,448,Circular Fund Flow
42,batch_42_loop_1,2,EMP_FRAUD_C -> VEND_SHELL_C -> SUB_PAYBACK_C -> EMP_FRAUD_C,VEND_SHELL_C,SUB_PAYBACK_C,0.0,Historical,85.58,448,Circular Fund Flow
42,batch_42_loop_1,3,EMP_FRAUD_C -> VEND_SHELL_C -> SUB_PAYBACK_C -> EMP_FRAUD_C,SUB_PAYBACK_C,EMP_FRAUD_C,0.0,Historical,88.58,448,Circular Fund Flow
42,batch_42_loop_2,1,EMP_FRAUD_B -> VEND_SHELL_B -> SUB_PAYBACK_B -> EMP_FRAUD_B,EMP_FRAUD_B,VEND_SHELL_B,0.0,Historical,93.7,448,Circular Fund Flow
42,batch_42_loop_2,2,EMP_FRAUD_B -> VEND_SHELL_B -> SUB_PAYBACK_B -> EMP_FRAUD_B,VEND_SHELL_B,SUB_PAYBACK_B,0.0,Historical,96.31,448,Circular Fund Flow
42,batch_42_loop_2,3,EMP_FRAUD_B -> VEND_SHELL_B -> SUB_PAYBACK_B -> EMP_FRAUD_B,SUB_PAYBACK_B,EMP_FRAUD_B,0.0,Historical,98.51,448,Circular Fund Flow
42,batch_42_loop_3,1,EMP_FRAUD_A -> VEND_SHELL_A -> SUB_PAYBACK_A -> EMP_FRAUD_A,EMP_FRAUD_A,VEND_SHELL_A,0.0,Historical,95.51,448,Circular Fund Flow
42,batch_42_loop_3,2,EMP_FRAUD_A -> VEND_SHELL_A -> SUB_PAYBACK_A -> EMP_FRAUD_A,VEND_SHELL_A,SUB_PAYBACK_A,0.0,Historical,87.44,448,Circular Fund Flow
42,batch_42_loop_3,3,EMP_FRAUD_A -> VEND_SHELL_A -> SUB_PAYBACK_A -> EMP_FRAUD_A,SUB_PAYBACK_A,EMP_FRAUD_A,0.0,Historical,96.45,448,Circular Fund Flow
43,batch_43_loop_1,1,EMP_FRAUD_C -> VEND_SHELL_C -> SUB_PAYBACK_C -> EMP_FRAUD_C,EMP_FRAUD_C,VEND_SHELL_C,0.0,Historical,94.46,449,Circular Fund Flow
43,batch_43_loop_1,2,EMP_FRAUD_C -> VEND_SHELL_C -> SUB_PAYBACK_C -> EMP_FRAUD_C,VEND_SHELL_C,SUB_PAYBACK_C,0.0,Historical,86.61,449,Circular Fund Flow
43,batch_43_loop_1,3,EMP_FRAUD_C -> VEND_SHELL_C -> SUB_PAYBACK_C -> EMP_FRAUD_C,SUB_PAYBACK_C,EMP_FRAUD_C,0.0,Historical,85.96,449,Circular Fund Flow
43,batch_43_loop_2,1,EMP_FRAUD_B -> VEND_SHELL_B -> SUB_PAYBACK_B -> EMP_FRAUD_B,EMP_FRAUD_B,VEND_SHELL_B,0.0,Historical,91.24,449,Circular Fund Flow
43,batch_43_loop_2,2,EMP_FRAUD_B -> VEND_SHELL_B -> SUB_PAYBACK_B -> EMP_FRAUD_B,VEND_SHELL_B,SUB_PAYBACK_B,0.0,Historical,85.73,449,Circular Fund Flow
43,batch_43_loop_2,3,EMP_FRAUD_B -> VEND_SHELL_B -> SUB_PAYBACK_B -> EMP_FRAUD_B,SUB_PAYBACK_B,EMP_FRAUD_B,0.0,Historical,88.45,449,Circular Fund Flow
43,batch_43_loop_3,1,EMP_FRAUD_A -> VEND_SHELL_A -> SUB_PAYBACK_A -> EMP_FRAUD_A,EMP_FRAUD_A,VEND_SHELL_A,0.0,Historical,89.96,449,Circular Fund Flow
43,batch_43_loop_3,2,EMP_FRAUD_A -> VEND_SHELL_A -> SUB_PAYBACK_A -> EMP_FRAUD_A,VEND_SHELL_A,SUB_PAYBACK_A,0.0,Historical,90.44,449,Circular Fund Flow
43,batch_43_loop_3,3,EMP_FRAUD_A -> VEND_SHELL_A -> SUB_PAYBACK_A -> EMP_FRAUD_A,SUB_PAYBACK_A,EMP_FRAUD_A,0.0,Historical,93.41,449,Circular Fund Flow
44,batch_44_loop_1,1,EMP_FRAUD_C -> VEND_SHELL_C -> SUB_PAYBACK_C -> EMP_FRAUD_C,EMP_FRAUD_C,VEND_SHELL_C,0.0,Historical,96.12,448,Circular Fund Flow
44,batch_44_loop_1,2,EMP_FRAUD_C -> VEND_SHELL_C -> SUB_PAYBACK_C -> EMP_FRAUD_C,VEND_SHELL_C,SUB_PAYBACK_C,0.0,Historical,86.06,448,Circular Fund Flow
44,batch_44_loop_1,3,EMP_FRAUD_C -> VEND_SHELL_C -> SUB_PAYBACK_C -> EMP_FRAUD_C,SUB_PAYBACK_C,EMP_FRAUD_C,0.0,Historical,93.12,448,Circular Fund Flow
44,batch_44_loop_2,1,EMP_FRAUD_B -> VEND_SHELL_B -> SUB_PAYBACK_B -> EMP_FRAUD_B,EMP_FRAUD_B,VEND_SHELL_B,0.0,Historical,87.36,448,Circular Fund Flow
44,batch_44_loop_2,2,EMP_FRAUD_B -> VEND_SHELL_B -> SUB_PAYBACK_B -> EMP_FRAUD_B,VEND_SHELL_B,SUB_PAYBACK_B,0.0,Historical,85.69,448,Circular Fund Flow
44,batch_44_loop_2,3,EMP_FRAUD_B -> VEND_SHELL_B -> SUB_PAYBACK_B -> EMP_FRAUD_B,SUB_PAYBACK_B,EMP_FRAUD_B,0.0,Historical,96.37,448,Circular Fund Flow
44,batch_44_loop_3,1,EMP_FRAUD_A -> VEND_SHELL_A -> SUB_PAYBACK_A -> EMP_FRAUD_A,EMP_FRAUD_A,VEND_SHELL_A,0.0,Historical,87.83,448,Circular Fund Flow
44,batch_44_loop_3,2,EMP_FRAUD_A -> VEND_SHELL_A -> SUB_PAYBACK_A -> EMP_FRAUD_A,VEND_SHELL_A,SUB_PAYBACK_A,0.0,Historical,90.97,448,Circular Fund Flow
44,batch_44_loop_3,3,EMP_FRAUD_A -> VEND_SHELL_A -> SUB_PAYBACK_A -> EMP_FRAUD_A,SUB_PAYBACK_A,EMP_FRAUD_A,0.0,Historical,89.38,448,Circular Fund Flow
45,batch_45_loop_1,1,EMP_FRAUD_C -> VEND_SHELL_C -> SUB_PAYBACK_C -> EMP_FRAUD_C,EMP_FRAUD_C,VEND_SHELL_C,0.0,Historical,96.53,449,Circular Fund Flow
45,batch_45_loop_1,2,EMP_FRAUD_C -> VEND_SHELL_C -> SUB_PAYBACK_C -> EMP_FRAUD_C,VEND_SHELL_C,SUB_PAYBACK_C,0.0,Historical,94.81,449,Circular Fund Flow
45,batch_45_loop_1,3,EMP_FRAUD_C -> VEND_SHELL_C -> SUB_PAYBACK_C -> EMP_FRAUD_C,SUB_PAYBACK_C,EMP_FRAUD_C,0.0,Historical,86.58,449,Circular Fund Flow
45,batch_45_loop_2,1,EMP_FRAUD_B -> VEND_SHELL_B -> SUB_PAYBACK_B -> EMP_FRAUD_B,EMP_FRAUD_B,VEND_SHELL_B,0.0,Historical,93.4,449,Circular Fund Flow
45,batch_45_loop_2,2,EMP_FRAUD_B -> VEND_SHELL_B -> SUB_PAYBACK_B -> EMP_FRAUD_B,VEND_SHELL_B,SUB_PAYBACK_B,0.0,Historical,86.4,449,Circular Fund Flow
45,batch_45_loop_2,3,EMP_FRAUD_B -> VEND_SHELL_B -> SUB_PAYBACK_B -> EMP_FRAUD_B,SUB_PAYBACK_B,EMP_FRAUD_B,0.0,Historical,86.26,449,Circular Fund Flow
45,batch_45_loop_3,1,EMP_FRAUD_A -> VEND_SHELL_A -> SUB_PAYBACK_A -> EMP_FRAUD_A,EMP_FRAUD_A,VEND_SHELL_A,0.0,Historical,93.4,449,Circular Fund Flow
45,batch_45_loop_3,2,EMP_FRAUD_A -> VEND_SHELL_A -> SUB_PAYBACK_A -> EMP_FRAUD_A,VEND_SHELL_A,SUB_PAYBACK_A,0.0,Historical,92.89,449,Circular Fund Flow
45,batch_45_loop_3,3,EMP_FRAUD_A -> VEND_SHELL_A -> SUB_PAYBACK_A -> EMP_FRAUD_A,SUB_PAYBACK_A,EMP_FRAUD_A,0.0,Historical,85.21,449,Circular Fund Flow
46,batch_46_loop_1,1,EMP_FRAUD_C -> VEND_SHELL_C -> SUB_PAYBACK_C -> EMP_FRAUD_C,EMP_FRAUD_C,VEND_SHELL_C,0.0,Historical,95.58,453,Circular Fund Flow
46,batch_46_loop_1,2,EMP_FRAUD_C -> VEND_SHELL_C -> SUB_PAYBACK_C -> EMP_FRAUD_C,VEND_SHELL_C,SUB_PAYBACK_C,0.0,Historical,86.88,453,Circular Fund Flow
46,batch_46_loop_1,3,EMP_FRAUD_C -> VEND_SHELL_C -> SUB_PAYBACK_C -> EMP_FRAUD_C,SUB_PAYBACK_C,EMP_FRAUD_C,0.0,Historical,90.21,453,Circular Fund Flow
46,batch_46_loop_2,1,EMP_FRAUD_B -> VEND_SHELL_B -> SUB_PAYBACK_B -> EMP_FRAUD_B,EMP_FRAUD_B,VEND_SHELL_B,0.0,Historical,97.16,453,Circular Fund Flow
46,batch_46_loop_2,2,EMP_FRAUD_B -> VEND_SHELL_B -> SUB_PAYBACK_B -> EMP_FRAUD_B,VEND_SHELL_B,SUB_PAYBACK_B,0.0,Historical,91.84,453,Circular Fund Flow
46,batch_46_loop_2,3,EMP_FRAUD_B -> VEND_SHELL_B -> SUB_PAYBACK_B -> EMP_FRAUD_B,SUB_PAYBACK_B,EMP_FRAUD_B,0.0,Historical,93.28,453,Circular Fund Flow
46,batch_46_loop_3,1,EMP_FRAUD_A -> VEND_SHELL_A -> SUB_PAYBACK_A -> EMP_FRAUD_A,EMP_FRAUD_A,VEND_SHELL_A,0.0,Historical,90.53,453,Circular Fund Flow
46,batch_46_loop_3,2,EMP_FRAUD_A -> VEND_SHELL_A -> SUB_PAYBACK_A -> EMP_FRAUD_A,VEND_SHELL_A,SUB_PAYBACK_A,0.0,Historical,89.36,453,Circular Fund Flow
46,batch_46_loop_3,3,EMP_FRAUD_A -> VEND_SHELL_A -> SUB_PAYBACK_A -> EMP_FRAUD_A,SUB_PAYBACK_A,EMP_FRAUD_A,0.0,Historical,85.65,453,Circular Fund Flow
47,batch_47_loop_1,1,EMP_FRAUD_C -> VEND_SHELL_C -> SUB_PAYBACK_C -> EMP_FRAUD_C,EMP_FRAUD_C,VEND_SHELL_C,0.0,Historical,97.26,449,Circular Fund Flow
47,batch_47_loop_1,2,EMP_FRAUD_C -> VEND_SHELL_C -> SUB_PAYBACK_C -> EMP_FRAUD_C,VEND_SHELL_C,SUB_PAYBACK_C,0.0,Historical,91.63,449,Circular Fund Flow
47,batch_47_loop_1,3,EMP_FRAUD_C -> VEND_SHELL_C -> SUB_PAYBACK_C -> EMP_FRAUD_C,SUB_PAYBACK_C,EMP_FRAUD_C,0.0,Historical,92.86,449,Circular Fund Flow
47,batch_47_loop_2,1,EMP_FRAUD_B -> VEND_SHELL_B -> SUB_PAYBACK_B -> EMP_FRAUD_B,EMP_FRAUD_B,VEND_SHELL_B,0.0,Historical,90.73,449,Circular Fund Flow
47,batch_47_loop_2,2,EMP_FRAUD_B -> VEND_SHELL_B -> SUB_PAYBACK_B -> EMP_FRAUD_B,VEND_SHELL_B,SUB_PAYBACK_B,0.0,Historical,94.5,449,Circular Fund Flow
47,batch_47_loop_2,3,EMP_FRAUD_B -> VEND_SHELL_B -> SUB_PAYBACK_B -> EMP_FRAUD_B,SUB_PAYBACK_B,EMP_FRAUD_B,0.0,Historical,97.63,449,Circular Fund Flow
47,batch_47_loop_3,1,EMP_FRAUD_A -> VEND_SHELL_A -> SUB_PAYBACK_A -> EMP_FRAUD_A,EMP_FRAUD_A,VEND_SHELL_A,0.0,Historical,91.53,449,Circular Fund Flow
47,batch_47_loop_3,2,EMP_FRAUD_A -> VEND_SHELL_A -> SUB_PAYBACK_A -> EMP_FRAUD_A,VEND_SHELL_A,SUB_PAYBACK_A,0.0,Historical,98.94,449,Circular Fund Flow
47,batch_47_loop_3,3,EMP_FRAUD_A -> VEND_SHELL_A -> SUB_PAYBACK_A -> EMP_FRAUD_A,SUB_PAYBACK_A,EMP_FRAUD_A,0.0,Historical,92.91,449,Circular Fund Flow
48,batch_48_loop_1,1,EMP_FRAUD_C -> VEND_SHELL_C -> SUB_PAYBACK_C -> EMP_FRAUD_C,EMP_FRAUD_C,VEND_SHELL_C,0.0,Historical,94.4,454,Circular Fund Flow
48,batch_48_loop_1,2,EMP_FRAUD_C -> VEND_SHELL_C -> SUB_PAYBACK_C -> EMP_FRAUD_C,VEND_SHELL_C,SUB_PAYBACK_C,0.0,Historical,89.86,454,Circular Fund Flow
48,batch_48_loop_1,3,EMP_FRAUD_C -> VEND_SHELL_C -> SUB_PAYBACK_C -> EMP_FRAUD_C,SUB_PAYBACK_C,EMP_FRAUD_C,0.0,Historical,85.29,454,Circular Fund Flow
48,batch_48_loop_2,1,EMP_FRAUD_B -> VEND_SHELL_B -> SUB_PAYBACK_B -> EMP_FRAUD_B,EMP_FRAUD_B,VEND_SHELL_B,0.0,Historical,97.65,454,Circular Fund Flow
48,batch_48_loop_2,2,EMP_FRAUD_B -> VEND_SHELL_B -> SUB_PAYBACK_B -> EMP_FRAUD_B,VEND_SHELL_B,SUB_PAYBACK_B,0.0,Historical,88.66,454,Circular Fund Flow
48,batch_48_loop_2,3,EMP_FRAUD_B -> VEND_SHELL_B -> SUB_PAYBACK_B -> EMP_FRAUD_B,SUB_PAYBACK_B,EMP_FRAUD_B,0.0,Historical,97.54,454,Circular Fund Flow
48,batch_48_loop_3,1,EMP_FRAUD_A -> VEND_SHELL_A -> SUB_PAYBACK_A -> EMP_FRAUD_A,EMP_FRAUD_A,VEND_SHELL_A,0.0,Historical,90.27,454,Circular Fund Flow
48,batch_48_loop_3,2,EMP_FRAUD_A -> VEND_SHELL_A -> SUB_PAYBACK_A -> EMP_FRAUD_A,VEND_SHELL_A,SUB_PAYBACK_A,0.0,Historical,89.86,454,Circular Fund Flow
48,batch_48_loop_3,3,EMP_FRAUD_A -> VEND_SHELL_A -> SUB_PAYBACK_A -> EMP_FRAUD_A,SUB_PAYBACK_A,EMP_FRAUD_A,0.0,Historical,96.39,454,Circular Fund Flow
49,batch_49_loop_1,1,EMP_FRAUD_C -> VEND_SHELL_C -> SUB_PAYBACK_C -> EMP_FRAUD_C,EMP_FRAUD_C,VEND_SHELL_C,0.0,Historical,97.64,449,Circular Fund Flow
49,batch_49_loop_1,2,EMP_FRAUD_C -> VEND_SHELL_C -> SUB_PAYBACK_C -> EMP_FRAUD_C,VEND_SHELL_C,SUB_PAYBACK_C,0.0,Historical,98.31,449,Circular Fund Flow
49,batch_49_loop_1,3,EMP_FRAUD_C -> VEND_SHELL_C -> SUB_PAYBACK_C -> EMP_FRAUD_C,SUB_PAYBACK_C,EMP_FRAUD_C,0.0,Historical,95.77,449,Circular Fund Flow
49,batch_49_loop_2,1,EMP_FRAUD_B -> VEND_SHELL_B -> SUB_PAYBACK_B -> EMP_FRAUD_B,EMP_FRAUD_B,VEND_SHELL_B,0.0,Historical,91.88,449,Circular Fund Flow
49,batch_49_loop_2,2,EMP_FRAUD_B -> VEND_SHELL_B -> SUB_PAYBACK_B -> EMP_FRAUD_B,VEND_SHELL_B,SUB_PAYBACK_B,0.0,Historical,98.91,449,Circular Fund Flow
49,batch_49_loop_2,3,EMP_FRAUD_B -> VEND_SHELL_B -> SUB_PAYBACK_B -> EMP_FRAUD_B,SUB_PAYBACK_B,EMP_FRAUD_B,0.0,Historical,96.05,449,Circular Fund Flow
49,batch_49_loop_3,1,EMP_FRAUD_A -> VEND_SHELL_A -> SUB_PAYBACK_A -> EMP_FRAUD_A,EMP_FRAUD_A,VEND_SHELL_A,0.0,Historical,96.93,449,Circular Fund Flow
49,batch_49_loop_3,2,EMP_FRAUD_A -> VEND_SHELL_A -> SUB_PAYBACK_A -> EMP_FRAUD_A,VEND_SHELL_A,SUB_PAYBACK_A,0.0,Historical,98.92,449,Circular Fund Flow
49,batch_49_loop_3,3,EMP_FRAUD_A -> VEND_SHELL_A -> SUB_PAYBACK_A -> EMP_FRAUD_A,SUB_PAYBACK_A,EMP_FRAUD_A,0.0,Historical,88.56,449,Circular Fund Flow
50,batch_50_loop_1,1,EMP_FRAUD_C -> VEND_SHELL_C -> SUB_PAYBACK_C -> EMP_FRAUD_C,EMP_FRAUD_C,VEND_SHELL_C,0.0,Historical,87.88,450,Circular Fund Flow
50,batch_50_loop_1,2,EMP_FRAUD_C -> VEND_SHELL_C -> SUB_PAYBACK_C -> EMP_FRAUD_C,VEND_SHELL_C,SUB_PAYBACK_C,0.0,Historical,97.88,450,Circular Fund Flow
50,batch_50_loop_1,3,EMP_FRAUD_C -> VEND_SHELL_C -> SUB_PAYBACK_C -> EMP_FRAUD_C,SUB_PAYBACK_C,EMP_FRAUD_C,0.0,Historical,85.4,450,Circular Fund Flow
50,batch_50_loop_2,1,EMP_FRAUD_B -> VEND_SHELL_B -> SUB_PAYBACK_B -> EMP_FRAUD_B,EMP_FRAUD_B,VEND_SHELL_B,0.0,Historical,90.94,450,Circular Fund Flow
50,batch_50_loop_2,2,EMP_FRAUD_B -> VEND_SHELL_B -> SUB_PAYBACK_B -> EMP_FRAUD_B,VEND_SHELL_B,SUB_PAYBACK_B,0.0,Historical,95.23,450,Circular Fund Flow
50,batch_50_loop_2,3,EMP_FRAUD_B -> VEND_SHELL_B -> SUB_PAYBACK_B -> EMP_FRAUD_B,SUB_PAYBACK_B,EMP_FRAUD_B,0.0,Historical,98.78,450,Circular Fund Flow
50,batch_50_loop_3,1,EMP_FRAUD_A -> VEND_SHELL_A -> SUB_PAYBACK_A -> EMP_FRAUD_A,EMP_FRAUD_A,VEND_SHELL_A,0.0,Historical,92.37,450,Circular Fund Flow
50,batch_50_loop_3,2,EMP_FRAUD_A -> VEND_SHELL_A -> SUB_PAYBACK_A -> EMP_FRAUD_A,VEND_SHELL_A,SUB_PAYBACK_A,0.0,Historical,89.63,450,Circular Fund Flow
50,batch_50_loop_3,3,EMP_FRAUD_A -> VEND_SHELL_A -> SUB_PAYBACK_A -> EMP_FRAUD_A,SUB_PAYBACK_A,EMP_FRAUD_A,0.0,Historical,88.25,450,Circular Fund Flow
51,batch_51_loop_1,1,EMP_FRAUD_C -> VEND_SHELL_C -> SUB_PAYBACK_C -> EMP_FRAUD_C,EMP_FRAUD_C,VEND_SHELL_C,0.0,Historical,94.51,448,Circular Fund Flow
51,batch_51_loop_1,2,EMP_FRAUD_C -> VEND_SHELL_C -> SUB_PAYBACK_C -> EMP_FRAUD_C,VEND_SHELL_C,SUB_PAYBACK_C,0.0,Historical,94.65,448,Circular Fund Flow
51,batch_51_loop_1,3,EMP_FRAUD_C -> VEND_SHELL_C -> SUB_PAYBACK_C -> EMP_FRAUD_C,SUB_PAYBACK_C,EMP_FRAUD_C,0.0,Historical,93.67,448,Circular Fund Flow
51,batch_51_loop_2,1,EMP_FRAUD_B -> VEND_SHELL_B -> SUB_PAYBACK_B -> EMP_FRAUD_B,EMP_FRAUD_B,VEND_SHELL_B,0.0,Historical,89.21,448,Circular Fund Flow
51,batch_51_loop_2,2,EMP_FRAUD_B -> VEND_SHELL_B -> SUB_PAYBACK_B -> EMP_FRAUD_B,VEND_SHELL_B,SUB_PAYBACK_B,0.0,Historical,91.29,448,Circular Fund Flow
51,batch_51_loop_2,3,EMP_FRAUD_B -> VEND_SHELL_B -> SUB_PAYBACK_B -> EMP_FRAUD_B,SUB_PAYBACK_B,EMP_FRAUD_B,0.0,Historical,88.16,448,Circular Fund Flow
51,batch_51_loop_3,1,EMP_FRAUD_A -> VEND_SHELL_A -> SUB_PAYBACK_A -> EMP_FRAUD_A,EMP_FRAUD_A,VEND_SHELL_A,0.0,Historical,96.59,448,Circular Fund Flow
51,batch_51_loop_3,2,EMP_FRAUD_A -> VEND_SHELL_A -> SUB_PAYBACK_A -> EMP_FRAUD_A,VEND_SHELL_A,SUB_PAYBACK_A,0.0,Historical,95.14,448,Circular Fund Flow
51,batch_51_loop_3,3,EMP_FRAUD_A -> VEND_SHELL_A -> SUB_PAYBACK_A -> EMP_FRAUD_A,SUB_PAYBACK_A,EMP_FRAUD_A,0.0,Historical,98.81,448,Circular Fund Flow
52,batch_52_loop_1,1,EMP_FRAUD_C -> VEND_SHELL_C -> SUB_PAYBACK_C -> EMP_FRAUD_C,EMP_FRAUD_C,VEND_SHELL_C,0.0,Historical,90.94,455,Circular Fund Flow
52,batch_52_loop_1,2,EMP_FRAUD_C -> VEND_SHELL_C -> SUB_PAYBACK_C -> EMP_FRAUD_C,VEND_SHELL_C,SUB_PAYBACK_C,0.0,Historical,88.92,455,Circular Fund Flow
52,batch_52_loop_1,3,EMP_FRAUD_C -> VEND_SHELL_C -> SUB_PAYBACK_C -> EMP_FRAUD_C,SUB_PAYBACK_C,EMP_FRAUD_C,0.0,Historical,92.32,455,Circular Fund Flow
52,batch_52_loop_2,1,EMP_FRAUD_B -> VEND_SHELL_B -> SUB_PAYBACK_B -> EMP_FRAUD_B,EMP_FRAUD_B,VEND_SHELL_B,0.0,Historical,89.14,455,Circular Fund Flow
52,batch_52_loop_2,2,EMP_FRAUD_B -> VEND_SHELL_B -> SUB_PAYBACK_B -> EMP_FRAUD_B,VEND_SHELL_B,SUB_PAYBACK_B,0.0,Historical,91.59,455,Circular Fund Flow
52,batch_52_loop_2,3,EMP_FRAUD_B -> VEND_SHELL_B -> SUB_PAYBACK_B -> EMP_FRAUD_B,SUB_PAYBACK_B,EMP_FRAUD_B,0.0,Historical,87.21,455,Circular Fund Flow
52,batch_52_loop_3,1,EMP_FRAUD_A -> VEND_SHELL_A -> SUB_PAYBACK_A -> EMP_FRAUD_A,EMP_FRAUD_A,VEND_SHELL_A,0.0,Historical,95.6,455,Circular Fund Flow
52,batch_52_loop_3,2,EMP_FRAUD_A -> VEND_SHELL_A -> SUB_PAYBACK_A -> EMP_FRAUD_A,VEND_SHELL_A,SUB_PAYBACK_A,0.0,Historical,97.67,455,Circular Fund Flow
52,batch_52_loop_3,3,EMP_FRAUD_A -> VEND_SHELL_A -> SUB_PAYBACK_A -> EMP_FRAUD_A,SUB_PAYBACK_A,EMP_FRAUD_A,0.0,Historical,96.38,455,Circular Fund Flow
53,batch_53_loop_1,1,EMP_FRAUD_C -> VEND_SHELL_C -> SUB_PAYBACK_C -> EMP_FRAUD_C,EMP_FRAUD_C,VEND_SHELL_C,0.0,Historical,87.91,462,Circular Fund Flow
53,batch_53_loop_1,2,EMP_FRAUD_C -> VEND_SHELL_C -> SUB_PAYBACK_C -> EMP_FRAUD_C,VEND_SHELL_C,SUB_PAYBACK_C,0.0,Historical,88.69,462,Circular Fund Flow
53,batch_53_loop_1,3,EMP_FRAUD_C -> VEND_SHELL_C -> SUB_PAYBACK_C -> EMP_FRAUD_C,SUB_PAYBACK_C,EMP_FRAUD_C,0.0,Historical,86.11,462,Circular Fund Flow
53,batch_53_loop_2,1,EMP_FRAUD_B -> VEND_SHELL_B -> SUB_PAYBACK_B -> EMP_FRAUD_B,EMP_FRAUD_B,VEND_SHELL_B,0.0,Historical,98.62,462,Circular Fund Flow
53,batch_53_loop_2,2,EMP_FRAUD_B -> VEND_SHELL_B -> SUB_PAYBACK_B -> EMP_FRAUD_B,VEND_SHELL_B,SUB_PAYBACK_B,0.0,Historical,89.68,462,Circular Fund Flow
53,batch_53_loop_2,3,EMP_FRAUD_B -> VEND_SHELL_B -> SUB_PAYBACK_B -> EMP_FRAUD_B,SUB_PAYBACK_B,EMP_FRAUD_B,0.0,Historical,91.63,462,Circular Fund Flow
53,batch_53_loop_3,1,EMP_FRAUD_A -> VEND_SHELL_A -> SUB_PAYBACK_A -> EMP_FRAUD_A,EMP_FRAUD_A,VEND_SHELL_A,0.0,Historical,92.77,462,Circular Fund Flow
53,batch_53_loop_3,2,EMP_FRAUD_A -> VEND_SHELL_A -> SUB_PAYBACK_A -> EMP_FRAUD_A,VEND_SHELL_A,SUB_PAYBACK_A,0.0,Historical,91.25,462,Circular Fund Flow
53,batch_53_loop_3,3,EMP_FRAUD_A -> VEND_SHELL_A -> SUB_PAYBACK_A -> EMP_FRAUD_A,SUB_PAYBACK_A,EMP_FRAUD_A,0.0,Historical,88.88,462,Circular Fund Flow
54,batch_54_loop_1,1,EMP_FRAUD_C -> VEND_SHELL_C -> SUB_PAYBACK_C -> EMP_FRAUD_C,EMP_FRAUD_C,VEND_SHELL_C,0.0,Historical,87.99,458,Circular Fund Flow
54,batch_54_loop_1,2,EMP_FRAUD_C -> VEND_SHELL_C -> SUB_PAYBACK_C -> EMP_FRAUD_C,VEND_SHELL_C,SUB_PAYBACK_C,0.0,Historical,88.38,458,Circular Fund Flow
54,batch_54_loop_1,3,EMP_FRAUD_C -> VEND_SHELL_C -> SUB_PAYBACK_C -> EMP_FRAUD_C,SUB_PAYBACK_C,EMP_FRAUD_C,0.0,Historical,94.67,458,Circular Fund Flow
54,batch_54_loop_2,1,EMP_FRAUD_B -> VEND_SHELL_B -> SUB_PAYBACK_B -> EMP_FRAUD_B,EMP_FRAUD_B,VEND_SHELL_B,0.0,Historical,98.9,458,Circular Fund Flow
54,batch_54_loop_2,2,EMP_FRAUD_B -> VEND_SHELL_B -> SUB_PAYBACK_B -> EMP_FRAUD_B,VEND_SHELL_B,SUB_PAYBACK_B,0.0,Historical,96.55,458,Circular Fund Flow
54,batch_54_loop_2,3,EMP_FRAUD_B -> VEND_SHELL_B -> SUB_PAYBACK_B -> EMP_FRAUD_B,SUB_PAYBACK_B,EMP_FRAUD_B,0.0,Historical,98.73,458,Circular Fund Flow
54,batch_54_loop_3,1,EMP_FRAUD_A -> VEND_SHELL_A -> SUB_PAYBACK_A -> EMP_FRAUD_A,EMP_FRAUD_A,VEND_SHELL_A,0.0,Historical,90.37,458,Circular Fund Flow
54,batch_54_loop_3,2,EMP_FRAUD_A -> VEND_SHELL_A -> SUB_PAYBACK_A -> EMP_FRAUD_A,VEND_SHELL_A,SUB_PAYBACK_A,0.0,Historical,87.97,458,Circular Fund Flow
54,batch_54_loop_3,3,EMP_FRAUD_A -> VEND_SHELL_A -> SUB_PAYBACK_A -> EMP_FRAUD_A,SUB_PAYBACK_A,EMP_FRAUD_A,0.0,Historical,87.62,458,Circular Fund Flow
55,batch_55_loop_1,1,EMP_FRAUD_C -> VEND_SHELL_C -> SUB_PAYBACK_C -> EMP_FRAUD_C,EMP_FRAUD_C,VEND_SHELL_C,0.0,Historical,90.91,458,Circular Fund Flow
55,batch_55_loop_1,2,EMP_FRAUD_C -> VEND_SHELL_C -> SUB_PAYBACK_C -> EMP_FRAUD_C,VEND_SHELL_C,SUB_PAYBACK_C,0.0,Historical,88.46,458,Circular Fund Flow
55,batch_55_loop_1,3,EMP_FRAUD_C -> VEND_SHELL_C -> SUB_PAYBACK_C -> EMP_FRAUD_C,SUB_PAYBACK_C,EMP_FRAUD_C,0.0,Historical,91.52,458,Circular Fund Flow
55,batch_55_loop_2,1,EMP_FRAUD_B -> VEND_SHELL_B -> SUB_PAYBACK_B -> EMP_FRAUD_B,EMP_FRAUD_B,VEND_SHELL_B,0.0,Historical,87.19,458,Circular Fund Flow
55,batch_55_loop_2,2,EMP_FRAUD_B -> VEND_SHELL_B -> SUB_PAYBACK_B -> EMP_FRAUD_B,VEND_SHELL_B,SUB_PAYBACK_B,0.0,Historical,93.96,458,Circular Fund Flow
55,batch_55_loop_2,3,EMP_FRAUD_B -> VEND_SHELL_B -> SUB_PAYBACK_B -> EMP_FRAUD_B,SUB_PAYBACK_B,EMP_FRAUD_B,0.0,Historical,97.61,458,Circular Fund Flow
55,batch_55_loop_3,1,EMP_FRAUD_A -> VEND_SHELL_A -> SUB_PAYBACK_A -> EMP_FRAUD_A,EMP_FRAUD_A,VEND_SHELL_A,0.0,Historical,93.26,458,Circular Fund Flow
55,batch_55_loop_3,2,EMP_FRAUD_A -> VEND_SHELL_A -> SUB_PAYBACK_A -> EMP_FRAUD_A,VEND_SHELL_A,SUB_PAYBACK_A,0.0,Historical,95.43,458,Circular Fund Flow
55,batch_55_loop_3,3,EMP_FRAUD_A -> VEND_SHELL_A -> SUB_PAYBACK_A -> EMP_FRAUD_A,SUB_PAYBACK_A,EMP_FRAUD_A,0.0,Historical,90.53,458,Circular Fund Flow
56,batch_56_loop_1,1,EMP_FRAUD_C -> VEND_SHELL_C -> SUB_PAYBACK_C -> EMP_FRAUD_C,EMP_FRAUD_C,VEND_SHELL_C,0.0,Historical,98.03,462,Circular Fund Flow
56,batch_56_loop_1,2,EMP_FRAUD_C -> VEND_SHELL_C -> SUB_PAYBACK_C -> EMP_FRAUD_C,VEND_SHELL_C,SUB_PAYBACK_C,0.0,Historical,95.89,462,Circular Fund Flow
56,batch_56_loop_1,3,EMP_FRAUD_C -> VEND_SHELL_C -> SUB_PAYBACK_C -> EMP_FRAUD_C,SUB_PAYBACK_C,EMP_FRAUD_C,0.0,Historical,86.72,462,Circular Fund Flow
56,batch_56_loop_2,1,EMP_FRAUD_B -> VEND_SHELL_B -> SUB_PAYBACK_B -> EMP_FRAUD_B,EMP_FRAUD_B,VEND_SHELL_B,0.0,Historical,94.15,462,Circular Fund Flow
56,batch_56_loop_2,2,EMP_FRAUD_B -> VEND_SHELL_B -> SUB_PAYBACK_B -> EMP_FRAUD_B,VEND_SHELL_B,SUB_PAYBACK_B,0.0,Historical,97.12,462,Circular Fund Flow
56,batch_56_loop_2,3,EMP_FRAUD_B -> VEND_SHELL_B -> SUB_PAYBACK_B -> EMP_FRAUD_B,SUB_PAYBACK_B,EMP_FRAUD_B,0.0,Historical,90.25,462,Circular Fund Flow
56,batch_56_loop_3,1,EMP_FRAUD_A -> VEND_SHELL_A -> SUB_PAYBACK_A -> EMP_FRAUD_A,EMP_FRAUD_A,VEND_SHELL_A,0.0,Historical,87.99,462,Circular Fund Flow
56,batch_56_loop_3,2,EMP_FRAUD_A -> VEND_SHELL_A -> SUB_PAYBACK_A -> EMP_FRAUD_A,VEND_SHELL_A,SUB_PAYBACK_A,0.0,Historical,90.77,462,Circular Fund Flow
56,batch_56_loop_3,3,EMP_FRAUD_A -> VEND_SHELL_A -> SUB_PAYBACK_A -> EMP_FRAUD_A,SUB_PAYBACK_A,EMP_FRAUD_A,0.0,Historical,92.9,462,Circular Fund Flow
57,batch_57_loop_1,1,EMP_FRAUD_C -> VEND_SHELL_C -> SUB_PAYBACK_C -> EMP_FRAUD_C,EMP_FRAUD_C,VEND_SHELL_C,0.0,Historical,90.97,459,Circular Fund Flow
57,batch_57_loop_1,2,EMP_FRAUD_C -> VEND_SHELL_C -> SUB_PAYBACK_C -> EMP_FRAUD_C,VEND_SHELL_C,SUB_PAYBACK_C,0.0,Historical,93.99,459,Circular Fund Flow
57,batch_57_loop_1,3,EMP_FRAUD_C -> VEND_SHELL_C -> SUB_PAYBACK_C -> EMP_FRAUD_C,SUB_PAYBACK_C,EMP_FRAUD_C,0.0,Historical,91.62,459,Circular Fund Flow
57,batch_57_loop_2,1,EMP_FRAUD_B -> VEND_SHELL_B -> SUB_PAYBACK_B -> EMP_FRAUD_B,EMP_FRAUD_B,VEND_SHELL_B,0.0,Historical,94.29,459,Circular Fund Flow
57,batch_57_loop_2,2,EMP_FRAUD_B -> VEND_SHELL_B -> SUB_PAYBACK_B -> EMP_FRAUD_B,VEND_SHELL_B,SUB_PAYBACK_B,0.0,Historical,94.18,459,Circular Fund Flow
57,batch_57_loop_2,3,EMP_FRAUD_B -> VEND_SHELL_B -> SUB_PAYBACK_B -> EMP_FRAUD_B,SUB_PAYBACK_B,EMP_FRAUD_B,0.0,Historical,87.61,459,Circular Fund Flow
57,batch_57_loop_3,1,EMP_FRAUD_A -> VEND_SHELL_A -> SUB_PAYBACK_A -> EMP_FRAUD_A,EMP_FRAUD_A,VEND_SHELL_A,0.0,Historical,93.14,459,Circular Fund Flow
57,batch_57_loop_3,2,EMP_FRAUD_A -> VEND_SHELL_A -> SUB_PAYBACK_A -> EMP_FRAUD_A,VEND_SHELL_A,SUB_PAYBACK_A,0.0,Historical,95.36,459,Circular Fund Flow
57,batch_57_loop_3,3,EMP_FRAUD_A -> VEND_SHELL_A -> SUB_PAYBACK_A -> EMP_FRAUD_A,SUB_PAYBACK_A,EMP_FRAUD_A,0.0,Historical,95.05,459,Circular Fund Flow
58,batch_58_loop_1,1,EMP_FRAUD_C -> VEND_SHELL_C -> SUB_PAYBACK_C -> EMP_FRAUD_C,EMP_FRAUD_C,VEND_SHELL_C,0.0,Historical,89.41,456,Circular Fund Flow
58,batch_58_loop_1,2,EMP_FRAUD_C -> VEND_SHELL_C -> SUB_PAYBACK_C -> EMP_FRAUD_C,VEND_SHELL_C,SUB_PAYBACK_C,0.0,Historical,98.78,456,Circular Fund Flow
58,batch_58_loop_1,3,EMP_FRAUD_C -> VEND_SHELL_C -> SUB_PAYBACK_C -> EMP_FRAUD_C,SUB_PAYBACK_C,EMP_FRAUD_C,0.0,Historical,93.6,456,Circular Fund Flow
58,batch_58_loop_2,1,EMP_FRAUD_B -> VEND_SHELL_B -> SUB_PAYBACK_B -> EMP_FRAUD_B,EMP_FRAUD_B,VEND_SHELL_B,0.0,Historical,93.01,456,Circular Fund Flow
58,batch_58_loop_2,2,EMP_FRAUD_B -> VEND_SHELL_B -> SUB_PAYBACK_B -> EMP_FRAUD_B,VEND_SHELL_B,SUB_PAYBACK_B,0.0,Historical,91.5,456,Circular Fund Flow
58,batch_58_loop_2,3,EMP_FRAUD_B -> VEND_SHELL_B -> SUB_PAYBACK_B -> EMP_FRAUD_B,SUB_PAYBACK_B,EMP_FRAUD_B,0.0,Historical,85.41,456,Circular Fund Flow
58,batch_58_loop_3,1,EMP_FRAUD_A -> VEND_SHELL_A -> SUB_PAYBACK_A -> EMP_FRAUD_A,EMP_FRAUD_A,VEND_SHELL_A,0.0,Historical,87.72,456,Circular Fund Flow
58,batch_58_loop_3,2,EMP_FRAUD_A -> VEND_SHELL_A -> SUB_PAYBACK_A -> EMP_FRAUD_A,VEND_SHELL_A,SUB_PAYBACK_A,0.0,Historical,88.03,456,Circular Fund Flow
58,batch_58_loop_3,3,EMP_FRAUD_A -> VEND_SHELL_A -> SUB_PAYBACK_A -> EMP_FRAUD_A,SUB_PAYBACK_A,EMP_FRAUD_A,0.0,Historical,93.67,456,Circular Fund Flow
59,batch_59_loop_1,1,EMP_FRAUD_C -> VEND_SHELL_C -> SUB_PAYBACK_C -> EMP_FRAUD_C,EMP_FRAUD_C,VEND_SHELL_C,0.0,Historical,97.32,460,Circular Fund Flow
59,batch_59_loop_1,2,EMP_FRAUD_C -> VEND_SHELL_C -> SUB_PAYBACK_C -> EMP_FRAUD_C,VEND_SHELL_C,SUB_PAYBACK_C,0.0,Historical,89.07,460,Circular Fund Flow
59,batch_59_loop_1,3,EMP_FRAUD_C -> VEND_SHELL_C -> SUB_PAYBACK_C -> EMP_FRAUD_C,SUB_PAYBACK_C,EMP_FRAUD_C,0.0,Historical,97.65,460,Circular Fund Flow
59,batch_59_loop_2,1,EMP_FRAUD_B -> VEND_SHELL_B -> SUB_PAYBACK_B -> EMP_FRAUD_B,EMP_FRAUD_B,VEND_SHELL_B,0.0,Historical,85.97,460,Circular Fund Flow
59,batch_59_loop_2,2,EMP_FRAUD_B -> VEND_SHELL_B -> SUB_PAYBACK_B -> EMP_FRAUD_B,VEND_SHELL_B,SUB_PAYBACK_B,0.0,Historical,90.79,460,Circular Fund Flow
59,batch_59_loop_2,3,EMP_FRAUD_B -> VEND_SHELL_B -> SUB_PAYBACK_B -> EMP_FRAUD_B,SUB_PAYBACK_B,EMP_FRAUD_B,0.0,Historical,87.73,460,Circular Fund Flow
59,batch_59_loop_3,1,EMP_FRAUD_A -> VEND_SHELL_A -> SUB_PAYBACK_A -> EMP_FRAUD_A,EMP_FRAUD_A,VEND_SHELL_A,0.0,Historical,98.59,460,Circular Fund Flow
59,batch_59_loop_3,2,EMP_FRAUD_A -> VEND_SHELL_A -> SUB_PAYBACK_A -> EMP_FRAUD_A,VEND_SHELL_A,SUB_PAYBACK_A,0.0,Historical,95.36,460,Circular Fund Flow
59,batch_59_loop_3,3,EMP_FRAUD_A -> VEND_SHELL_A -> SUB_PAYBACK_A -> EMP_FRAUD_A,SUB_PAYBACK_A,EMP_FRAUD_A,0.0,Historical,90.9,460,Circular Fund Flow
60,batch_60_loop_1,1,EMP_FRAUD_C -> VEND_SHELL_C -> SUB_PAYBACK_C -> EMP_FRAUD_C,EMP_FRAUD_C,VEND_SHELL_C,0.0,Historical,87.79,462,Circular Fund Flow
60,batch_60_loop_1,2,EMP_FRAUD_C -> VEND_SHELL_C -> SUB_PAYBACK_C -> EMP_FRAUD_C,VEND_SHELL_C,SUB_PAYBACK_C,0.0,Historical,88.52,462,Circular Fund Flow
60,batch_60_loop_1,3,EMP_FRAUD_C -> VEND_SHELL_C -> SUB_PAYBACK_C -> EMP_FRAUD_C,SUB_PAYBACK_C,EMP_FRAUD_C,0.0,Historical,94.22,462,Circular Fund Flow
60,batch_60_loop_2,1,EMP_FRAUD_B -> VEND_SHELL_B -> SUB_PAYBACK_B -> EMP_FRAUD_B,EMP_FRAUD_B,VEND_SHELL_B,0.0,Historical,85.8,462,Circular Fund Flow
60,batch_60_loop_2,2,EMP_FRAUD_B -> VEND_SHELL_B -> SUB_PAYBACK_B -> EMP_FRAUD_B,VEND_SHELL_B,SUB_PAYBACK_B,0.0,Historical,92.6,462,Circular Fund Flow
60,batch_60_loop_2,3,EMP_FRAUD_B -> VEND_SHELL_B -> SUB_PAYBACK_B -> EMP_FRAUD_B,SUB_PAYBACK_B,EMP_FRAUD_B,0.0,Historical,88.0,462,Circular Fund Flow
60,batch_60_loop_3,1,EMP_FRAUD_A -> VEND_SHELL_A -> SUB_PAYBACK_A -> EMP_FRAUD_A,EMP_FRAUD_A,VEND_SHELL_A,0.0,Historical,98.92,462,Circular Fund Flow
60,batch_60_loop_3,2,EMP_FRAUD_A -> VEND_SHELL_A -> SUB_PAYBACK_A -> EMP_FRAUD_A,VEND_SHELL_A,SUB_PAYBACK_A,0.0,Historical,98.36,462,Circular Fund Flow
60,batch_60_loop_3,3,EMP_FRAUD_A -> VEND_SHELL_A -> SUB_PAYBACK_A -> EMP_FRAUD_A,SUB_PAYBACK_A,EMP_FRAUD_A,0.0,Historical,93.85,462,Circular Fund Flow
61,batch_61_loop_1,1,EMP_FRAUD_C -> VEND_SHELL_C -> SUB_PAYBACK_C -> EMP_FRAUD_C,EMP_FRAUD_C,VEND_SHELL_C,0.0,Historical,92.37,462,Circular Fund Flow
61,batch_61_loop_1,2,EMP_FRAUD_C -> VEND_SHELL_C -> SUB_PAYBACK_C -> EMP_FRAUD_C,VEND_SHELL_C,SUB_PAYBACK_C,0.0,Historical,85.59,462,Circular Fund Flow
61,batch_61_loop_1,3,EMP_FRAUD_C -> VEND_SHELL_C -> SUB_PAYBACK_C -> EMP_FRAUD_C,SUB_PAYBACK_C,EMP_FRAUD_C,0.0,Historical,95.46,462,Circular Fund Flow
61,batch_61_loop_2,1,EMP_FRAUD_B -> VEND_SHELL_B -> SUB_PAYBACK_B -> EMP_FRAUD_B,EMP_FRAUD_B,VEND_SHELL_B,0.0,Historical,95.61,462,Circular Fund Flow
61,batch_61_loop_2,2,EMP_FRAUD_B -> VEND_SHELL_B -> SUB_PAYBACK_B -> EMP_FRAUD_B,VEND_SHELL_B,SUB_PAYBACK_B,0.0,Historical,90.07,462,Circular Fund Flow
61,batch_61_loop_2,3,EMP_FRAUD_B -> VEND_SHELL_B -> SUB_PAYBACK_B -> EMP_FRAUD_B,SUB_PAYBACK_B,EMP_FRAUD_B,0.0,Historical,92.72,462,Circular Fund Flow
61,batch_61_loop_3,1,EMP_FRAUD_A -> VEND_SHELL_A -> SUB_PAYBACK_A -> EMP_FRAUD_A,EMP_FRAUD_A,VEND_SHELL_A,0.0,Historical,91.3,462,Circular Fund Flow
61,batch_61_loop_3,2,EMP_FRAUD_A -> VEND_SHELL_A -> SUB_PAYBACK_A -> EMP_FRAUD_A,VEND_SHELL_A,SUB_PAYBACK_A,0.0,Historical,87.75,462,Circular Fund Flow
61,batch_61_loop_3,3,EMP_FRAUD_A -> VEND_SHELL_A -> SUB_PAYBACK_A -> EMP_FRAUD_A,SUB_PAYBACK_A,EMP_FRAUD_A,0.0,Historical,91.79,462,Circular Fund Flow
62,batch_62_loop_1,1,EMP_FRAUD_C -> VEND_SHELL_C -> SUB_PAYBACK_C -> EMP_FRAUD_C,EMP_FRAUD_C,VEND_SHELL_C,0.0,Historical,91.39,461,Circular Fund Flow
62,batch_62_loop_1,2,EMP_FRAUD_C -> VEND_SHELL_C -> SUB_PAYBACK_C -> EMP_FRAUD_C,VEND_SHELL_C,SUB_PAYBACK_C,0.0,Historical,87.8,461,Circular Fund Flow
62,batch_62_loop_1,3,EMP_FRAUD_C -> VEND_SHELL_C -> SUB_PAYBACK_C -> EMP_FRAUD_C,SUB_PAYBACK_C,EMP_FRAUD_C,0.0,Historical,85.96,461,Circular Fund Flow
62,batch_62_loop_2,1,EMP_FRAUD_B -> VEND_SHELL_B -> SUB_PAYBACK_B -> EMP_FRAUD_B,EMP_FRAUD_B,VEND_SHELL_B,0.0,Historical,92.63,461,Circular Fund Flow
62,batch_62_loop_2,2,EMP_FRAUD_B -> VEND_SHELL_B -> SUB_PAYBACK_B -> EMP_FRAUD_B,VEND_SHELL_B,SUB_PAYBACK_B,0.0,Historical,89.05,461,Circular Fund Flow
62,batch_62_loop_2,3,EMP_FRAUD_B -> VEND_SHELL_B -> SUB_PAYBACK_B -> EMP_FRAUD_B,SUB_PAYBACK_B,EMP_FRAUD_B,0.0,Historical,96.67,461,Circular Fund Flow
62,batch_62_loop_3,1,EMP_FRAUD_A -> VEND_SHELL_A -> SUB_PAYBACK_A -> EMP_FRAUD_A,EMP_FRAUD_A,VEND_SHELL_A,0.0,Historical,88.12,461,Circular Fund Flow
62,batch_62_loop_3,2,EMP_FRAUD_A -> VEND_SHELL_A -> SUB_PAYBACK_A -> EMP_FRAUD_A,VEND_SHELL_A,SUB_PAYBACK_A,0.0,Historical,89.16,461,Circular Fund Flow
62,batch_62_loop_3,3,EMP_FRAUD_A -> VEND_SHELL_A -> SUB_PAYBACK_A -> EMP_FRAUD_A,SUB_PAYBACK_A,EMP_FRAUD_A,0.0,Historical,93.74,461,Circular Fund Flow
63,batch_63_loop_1,1,EMP_FRAUD_C -> VEND_SHELL_C -> SUB_PAYBACK_C -> EMP_FRAUD_C,EMP_FRAUD_C,VEND_SHELL_C,0.0,Historical,86.63,455,Circular Fund Flow
63,batch_63_loop_1,2,EMP_FRAUD_C -> VEND_SHELL_C -> SUB_PAYBACK_C -> EMP_FRAUD_C,VEND_SHELL_C,SUB_PAYBACK_C,0.0,Historical,91.11,455,Circular Fund Flow
63,batch_63_loop_1,3,EMP_FRAUD_C -> VEND_SHELL_C -> SUB_PAYBACK_C -> EMP_FRAUD_C,SUB_PAYBACK_C,EMP_FRAUD_C,0.0,Historical,97.2,455,Circular Fund Flow
63,batch_63_loop_2,1,EMP_FRAUD_B -> VEND_SHELL_B -> SUB_PAYBACK_B -> EMP_FRAUD_B,EMP_FRAUD_B,VEND_SHELL_B,0.0,Historical,96.18,455,Circular Fund Flow
63,batch_63_loop_2,2,EMP_FRAUD_B -> VEND_SHELL_B -> SUB_PAYBACK_B -> EMP_FRAUD_B,VEND_SHELL_B,SUB_PAYBACK_B,0.0,Historical,96.62,455,Circular Fund Flow
63,batch_63_loop_2,3,EMP_FRAUD_B -> VEND_SHELL_B -> SUB_PAYBACK_B -> EMP_FRAUD_B,SUB_PAYBACK_B,EMP_FRAUD_B,0.0,Historical,88.6,455,Circular Fund Flow
63,batch_63_loop_3,1,EMP_FRAUD_A -> VEND_SHELL_A -> SUB_PAYBACK_A -> EMP_FRAUD_A,EMP_FRAUD_A,VEND_SHELL_A,0.0,Historical,94.62,455,Circular Fund Flow
63,batch_63_loop_3,2,EMP_FRAUD_A -> VEND_SHELL_A -> SUB_PAYBACK_A -> EMP_FRAUD_A,VEND_SHELL_A,SUB_PAYBACK_A,0.0,Historical,92.68,455,Circular Fund Flow
63,batch_63_loop_3,3,EMP_FRAUD_A -> VEND_SHELL_A -> SUB_PAYBACK_A -> EMP_FRAUD_A,SUB_PAYBACK_A,EMP_FRAUD_A,0.0,Historical,99.0,455,Circular Fund Flow
64,batch_64_loop_1,1,EMP_FRAUD_C -> VEND_SHELL_C -> SUB_PAYBACK_C -> EMP_FRAUD_C,EMP_FRAUD_C,VEND_SHELL_C,0.0,Historical,92.49,460,Circular Fund Flow
64,batch_64_loop_1,2,EMP_FRAUD_C -> VEND_SHELL_C -> SUB_PAYBACK_C -> EMP_FRAUD_C,VEND_SHELL_C,SUB_PAYBACK_C,0.0,Historical,87.41,460,Circular Fund Flow
64,batch_64_loop_1,3,EMP_FRAUD_C -> VEND_SHELL_C -> SUB_PAYBACK_C -> EMP_FRAUD_C,SUB_PAYBACK_C,EMP_FRAUD_C,0.0,Historical,98.3,460,Circular Fund Flow
64,batch_64_loop_2,1,EMP_FRAUD_B -> VEND_SHELL_B -> SUB_PAYBACK_B -> EMP_FRAUD_B,EMP_FRAUD_B,VEND_SHELL_B,0.0,Historical,94.91,460,Circular Fund Flow
64,batch_64_loop_2,2,EMP_FRAUD_B -> VEND_SHELL_B -> SUB_PAYBACK_B -> EMP_FRAUD_B,VEND_SHELL_B,SUB_PAYBACK_B,0.0,Historical,88.39,460,Circular Fund Flow
64,batch_64_loop_2,3,EMP_FRAUD_B -> VEND_SHELL_B -> SUB_PAYBACK_B -> EMP_FRAUD_B,SUB_PAYBACK_B,EMP_FRAUD_B,0.0,Historical,86.88,460,Circular Fund Flow
64,batch_64_loop_3,1,EMP_FRAUD_A -> VEND_SHELL_A -> SUB_PAYBACK_A -> EMP_FRAUD_A,EMP_FRAUD_A,VEND_SHELL_A,0.0,Historical,86.61,460,Circular Fund Flow
64,batch_64_loop_3,2,EMP_FRAUD_A -> VEND_SHELL_A -> SUB_PAYBACK_A -> EMP_FRAUD_A,VEND_SHELL_A,SUB_PAYBACK_A,0.0,Historical,92.92,460,Circular Fund Flow
64,batch_64_loop_3,3,EMP_FRAUD_A -> VEND_SHELL_A -> SUB_PAYBACK_A -> EMP_FRAUD_A,SUB_PAYBACK_A,EMP_FRAUD_A,0.0,Historical,85.94,460,Circular Fund Flow
65,batch_65_loop_1,1,EMP_FRAUD_C -> VEND_SHELL_C -> SUB_PAYBACK_C -> EMP_FRAUD_C,EMP_FRAUD_C,VEND_SHELL_C,0.0,Historical,97.19,462,Circular Fund Flow
65,batch_65_loop_1,2,EMP_FRAUD_C -> VEND_SHELL_C -> SUB_PAYBACK_C -> EMP_FRAUD_C,VEND_SHELL_C,SUB_PAYBACK_C,0.0,Historical,96.52,462,Circular Fund Flow
65,batch_65_loop_1,3,EMP_FRAUD_C -> VEND_SHELL_C -> SUB_PAYBACK_C -> EMP_FRAUD_C,SUB_PAYBACK_C,EMP_FRAUD_C,0.0,Historical,87.65,462,Circular Fund Flow
65,batch_65_loop_2,1,EMP_FRAUD_B -> VEND_SHELL_B -> SUB_PAYBACK_B -> EMP_FRAUD_B,EMP_FRAUD_B,VEND_SHELL_B,0.0,Historical,92.01,462,Circular Fund Flow
65,batch_65_loop_2,2,EMP_FRAUD_B -> VEND_SHELL_B -> SUB_PAYBACK_B -> EMP_FRAUD_B,VEND_SHELL_B,SUB_PAYBACK_B,0.0,Historical,96.68,462,Circular Fund Flow
65,batch_65_loop_2,3,EMP_FRAUD_B -> VEND_SHELL_B -> SUB_PAYBACK_B -> EMP_FRAUD_B,SUB_PAYBACK_B,EMP_FRAUD_B,0.0,Historical,85.16,462,Circular Fund Flow
65,batch_65_loop_3,1,EMP_FRAUD_A -> VEND_SHELL_A -> SUB_PAYBACK_A -> EMP_FRAUD_A,EMP_FRAUD_A,VEND_SHELL_A,0.0,Historical,90.98,462,Circular Fund Flow
65,batch_65_loop_3,2,EMP_FRAUD_A -> VEND_SHELL_A -> SUB_PAYBACK_A -> EMP_FRAUD_A,VEND_SHELL_A,SUB_PAYBACK_A,0.0,Historical,97.79,462,Circular Fund Flow
65,batch_65_loop_3,3,EMP_FRAUD_A -> VEND_SHELL_A -> SUB_PAYBACK_A -> EMP_FRAUD_A,SUB_PAYBACK_A,EMP_FRAUD_A,0.0,Historical,96.3,462,Circular Fund Flow
66,batch_66_loop_1,1,EMP_FRAUD_C -> VEND_SHELL_C -> SUB_PAYBACK_C -> EMP_FRAUD_C,EMP_FRAUD_C,VEND_SHELL_C,0.0,Historical,95.45,458,Circular Fund Flow
66,batch_66_loop_1,2,EMP_FRAUD_C -> VEND_SHELL_C -> SUB_PAYBACK_C -> EMP_FRAUD_C,VEND_SHELL_C,SUB_PAYBACK_C,0.0,Historical,96.04,458,Circular Fund Flow
66,batch_66_loop_1,3,EMP_FRAUD_C -> VEND_SHELL_C -> SUB_PAYBACK_C -> EMP_FRAUD_C,SUB_PAYBACK_C,EMP_FRAUD_C,0.0,Historical,93.07,458,Circular Fund Flow
66,batch_66_loop_2,1,EMP_FRAUD_B -> VEND_SHELL_B -> SUB_PAYBACK_B -> EMP_FRAUD_B,EMP_FRAUD_B,VEND_SHELL_B,0.0,Historical,90.54,458,Circular Fund Flow
66,batch_66_loop_2,2,EMP_FRAUD_B -> VEND_SHELL_B -> SUB_PAYBACK_B -> EMP_FRAUD_B,VEND_SHELL_B,SUB_PAYBACK_B,0.0,Historical,94.16,458,Circular Fund Flow
66,batch_66_loop_2,3,EMP_FRAUD_B -> VEND_SHELL_B -> SUB_PAYBACK_B -> EMP_FRAUD_B,SUB_PAYBACK_B,EMP_FRAUD_B,0.0,Historical,85.46,458,Circular Fund Flow
66,batch_66_loop_3,1,EMP_FRAUD_A -> VEND_SHELL_A -> SUB_PAYBACK_A -> EMP_FRAUD_A,EMP_FRAUD_A,VEND_SHELL_A,0.0,Historical,93.75,458,Circular Fund Flow
66,batch_66_loop_3,2,EMP_FRAUD_A -> VEND_SHELL_A -> SUB_PAYBACK_A -> EMP_FRAUD_A,VEND_SHELL_A,SUB_PAYBACK_A,0.0,Historical,86.69,458,Circular Fund Flow
66,batch_66_loop_3,3,EMP_FRAUD_A -> VEND_SHELL_A -> SUB_PAYBACK_A -> EMP_FRAUD_A,SUB_PAYBACK_A,EMP_FRAUD_A,0.0,Historical,93.91,458,Circular Fund Flow
67,batch_67_loop_1,1,EMP_FRAUD_C -> VEND_SHELL_C -> SUB_PAYBACK_C -> EMP_FRAUD_C,EMP_FRAUD_C,VEND_SHELL_C,0.0,Historical,88.41,452,Circular Fund Flow
67,batch_67_loop_1,2,EMP_FRAUD_C -> VEND_SHELL_C -> SUB_PAYBACK_C -> EMP_FRAUD_C,VEND_SHELL_C,SUB_PAYBACK_C,0.0,Historical,97.44,452,Circular Fund Flow
67,batch_67_loop_1,3,EMP_FRAUD_C -> VEND_SHELL_C -> SUB_PAYBACK_C -> EMP_FRAUD_C,SUB_PAYBACK_C,EMP_FRAUD_C,0.0,Historical,86.5,452,Circular Fund Flow
67,batch_67_loop_2,1,EMP_FRAUD_B -> VEND_SHELL_B -> SUB_PAYBACK_B -> EMP_FRAUD_B,EMP_FRAUD_B,VEND_SHELL_B,0.0,Historical,88.74,452,Circular Fund Flow
67,batch_67_loop_2,2,EMP_FRAUD_B -> VEND_SHELL_B -> SUB_PAYBACK_B -> EMP_FRAUD_B,VEND_SHELL_B,SUB_PAYBACK_B,0.0,Historical,87.42,452,Circular Fund Flow
67,batch_67_loop_2,3,EMP_FRAUD_B -> VEND_SHELL_B -> SUB_PAYBACK_B -> EMP_FRAUD_B,SUB_PAYBACK_B,EMP_FRAUD_B,0.0,Historical,85.33,452,Circular Fund Flow
67,batch_67_loop_3,1,EMP_FRAUD_A -> VEND_SHELL_A -> SUB_PAYBACK_A -> EMP_FRAUD_A,EMP_FRAUD_A,VEND_SHELL_A,0.0,Historical,91.6,452,Circular Fund Flow
67,batch_67_loop_3,2,EMP_FRAUD_A -> VEND_SHELL_A -> SUB_PAYBACK_A -> EMP_FRAUD_A,VEND_SHELL_A,SUB_PAYBACK_A,0.0,Historical,92.8,452,Circular Fund Flow
67,batch_67_loop_3,3,EMP_FRAUD_A -> VEND_SHELL_A -> SUB_PAYBACK_A -> EMP_FRAUD_A,SUB_PAYBACK_A,EMP_FRAUD_A,0.0,Historical,87.63,452,Circular Fund Flow
68,batch_68_loop_1,1,EMP_FRAUD_C -> VEND_SHELL_C -> SUB_PAYBACK_C -> EMP_FRAUD_C,EMP_FRAUD_C,VEND_SHELL_C,0.0,Historical,98.33,460,Circular Fund Flow
68,batch_68_loop_1,2,EMP_FRAUD_C -> VEND_SHELL_C -> SUB_PAYBACK_C -> EMP_FRAUD_C,VEND_SHELL_C,SUB_PAYBACK_C,0.0,Historical,91.9,460,Circular Fund Flow
68,batch_68_loop_1,3,EMP_FRAUD_C -> VEND_SHELL_C -> SUB_PAYBACK_C -> EMP_FRAUD_C,SUB_PAYBACK_C,EMP_FRAUD_C,0.0,Historical,89.77,460,Circular Fund Flow
68,batch_68_loop_2,1,EMP_FRAUD_B -> VEND_SHELL_B -> SUB_PAYBACK_B -> EMP_FRAUD_B,EMP_FRAUD_B,VEND_SHELL_B,0.0,Historical,88.12,460,Circular Fund Flow
68,batch_68_loop_2,2,EMP_FRAUD_B -> VEND_SHELL_B -> SUB_PAYBACK_B -> EMP_FRAUD_B,VEND_SHELL_B,SUB_PAYBACK_B,0.0,Historical,86.17,460,Circular Fund Flow
68,batch_68_loop_2,3,EMP_FRAUD_B -> VEND_SHELL_B -> SUB_PAYBACK_B -> EMP_FRAUD_B,SUB_PAYBACK_B,EMP_FRAUD_B,0.0,Historical,86.45,460,Circular Fund Flow
68,batch_68_loop_3,1,EMP_FRAUD_A -> VEND_SHELL_A -> SUB_PAYBACK_A -> EMP_FRAUD_A,EMP_FRAUD_A,VEND_SHELL_A,0.0,Historical,89.18,460,Circular Fund Flow
68,batch_68_loop_3,2,EMP_FRAUD_A -> VEND_SHELL_A -> SUB_PAYBACK_A -> EMP_FRAUD_A,VEND_SHELL_A,SUB_PAYBACK_A,0.0,Historical,97.57,460,Circular Fund Flow
68,batch_68_loop_3,3,EMP_FRAUD_A -> VEND_SHELL_A -> SUB_PAYBACK_A -> EMP_FRAUD_A,SUB_PAYBACK_A,EMP_FRAUD_A,0.0,Historical,92.15,460,Circular Fund Flow
69,batch_69_loop_1,1,EMP_FRAUD_C -> VEND_SHELL_C -> SUB_PAYBACK_C -> EMP_FRAUD_C,EMP_FRAUD_C,VEND_SHELL_C,0.0,Historical,89.82,457,Circular Fund Flow
69,batch_69_loop_1,2,EMP_FRAUD_C -> VEND_SHELL_C -> SUB_PAYBACK_C -> EMP_FRAUD_C,VEND_SHELL_C,SUB_PAYBACK_C,0.0,Historical,97.74,457,Circular Fund Flow
69,batch_69_loop_1,3,EMP_FRAUD_C -> VEND_SHELL_C -> SUB_PAYBACK_C -> EMP_FRAUD_C,SUB_PAYBACK_C,EMP_FRAUD_C,0.0,Historical,97.93,457,Circular Fund Flow
69,batch_69_loop_2,1,EMP_FRAUD_B -> VEND_SHELL_B -> SUB_PAYBACK_B -> EMP_FRAUD_B,EMP_FRAUD_B,VEND_SHELL_B,0.0,Historical,91.76,457,Circular Fund Flow
69,batch_69_loop_2,2,EMP_FRAUD_B -> VEND_SHELL_B -> SUB_PAYBACK_B -> EMP_FRAUD_B,VEND_SHELL_B,SUB_PAYBACK_B,0.0,Historical,89.89,457,Circular Fund Flow
69,batch_69_loop_2,3,EMP_FRAUD_B -> VEND_SHELL_B -> SUB_PAYBACK_B -> EMP_FRAUD_B,SUB_PAYBACK_B,EMP_FRAUD_B,0.0,Historical,85.79,457,Circular Fund Flow
69,batch_69_loop_3,1,EMP_FRAUD_A -> VEND_SHELL_A -> SUB_PAYBACK_A -> EMP_FRAUD_A,EMP_FRAUD_A,VEND_SHELL_A,0.0,Historical,94.31,457,Circular Fund Flow
69,batch_69_loop_3,2,EMP_FRAUD_A -> VEND_SHELL_A -> SUB_PAYBACK_A -> EMP_FRAUD_A,VEND_SHELL_A,SUB_PAYBACK_A,0.0,Historical,85.29,457,Circular Fund Flow
69,batch_69_loop_3,3,EMP_FRAUD_A -> VEND_SHELL_A -> SUB_PAYBACK_A -> EMP_FRAUD_A,SUB_PAYBACK_A,EMP_FRAUD_A,0.0,Historical,92.34,457,Circular Fund Flow
70,batch_70_loop_1,1,EMP_FRAUD_C -> VEND_SHELL_C -> SUB_PAYBACK_C -> EMP_FRAUD_C,EMP_FRAUD_C,VEND_SHELL_C,0.0,Historical,87.22,459,Circular Fund Flow
70,batch_70_loop_1,2,EMP_FRAUD_C -> VEND_SHELL_C -> SUB_PAYBACK_C -> EMP_FRAUD_C,VEND_SHELL_C,SUB_PAYBACK_C,0.0,Historical,98.25,459,Circular Fund Flow
70,batch_70_loop_1,3,EMP_FRAUD_C -> VEND_SHELL_C -> SUB_PAYBACK_C -> EMP_FRAUD_C,SUB_PAYBACK_C,EMP_FRAUD_C,0.0,Historical,91.85,459,Circular Fund Flow
70,batch_70_loop_2,1,EMP_FRAUD_B -> VEND_SHELL_B -> SUB_PAYBACK_B -> EMP_FRAUD_B,EMP_FRAUD_B,VEND_SHELL_B,0.0,Historical,98.43,459,Circular Fund Flow
70,batch_70_loop_2,2,EMP_FRAUD_B -> VEND_SHELL_B -> SUB_PAYBACK_B -> EMP_FRAUD_B,VEND_SHELL_B,SUB_PAYBACK_B,0.0,Historical,97.13,459,Circular Fund Flow
70,batch_70_loop_2,3,EMP_FRAUD_B -> VEND_SHELL_B -> SUB_PAYBACK_B -> EMP_FRAUD_B,SUB_PAYBACK_B,EMP_FRAUD_B,0.0,Historical,89.77,459,Circular Fund Flow
70,batch_70_loop_3,1,EMP_FRAUD_A -> VEND_SHELL_A -> SUB_PAYBACK_A -> EMP_FRAUD_A,EMP_FRAUD_A,VEND_SHELL_A,0.0,Historical,89.35,459,Circular Fund Flow
70,batch_70_loop_3,2,EMP_FRAUD_A -> VEND_SHELL_A -> SUB_PAYBACK_A -> EMP_FRAUD_A,VEND_SHELL_A,SUB_PAYBACK_A,0.0,Historical,92.71,459,Circular Fund Flow
70,batch_70_loop_3,3,EMP_FRAUD_A -> VEND_SHELL_A -> SUB_PAYBACK_A -> EMP_FRAUD_A,SUB_PAYBACK_A,EMP_FRAUD_A,0.0,Historical,95.76,459,Circular Fund Flow
71,batch_71_loop_1,1,EMP_FRAUD_C -> VEND_SHELL_C -> SUB_PAYBACK_C -> EMP_FRAUD_C,EMP_FRAUD_C,VEND_SHELL_C,0.0,Historical,88.4,452,Circular Fund Flow
71,batch_71_loop_1,2,EMP_FRAUD_C -> VEND_SHELL_C -> SUB_PAYBACK_C -> EMP_FRAUD_C,VEND_SHELL_C,SUB_PAYBACK_C,0.0,Historical,94.49,452,Circular Fund Flow
71,batch_71_loop_1,3,EMP_FRAUD_C -> VEND_SHELL_C -> SUB_PAYBACK_C -> EMP_FRAUD_C,SUB_PAYBACK_C,EMP_FRAUD_C,0.0,Historical,97.6,452,Circular Fund Flow
71,batch_71_loop_2,1,EMP_FRAUD_B -> VEND_SHELL_B -> SUB_PAYBACK_B -> EMP_FRAUD_B,EMP_FRAUD_B,VEND_SHELL_B,0.0,Historical,92.23,452,Circular Fund Flow
71,batch_71_loop_2,2,EMP_FRAUD_B -> VEND_SHELL_B -> SUB_PAYBACK_B -> EMP_FRAUD_B,VEND_SHELL_B,SUB_PAYBACK_B,0.0,Historical,97.07,452,Circular Fund Flow
71,batch_71_loop_2,3,EMP_FRAUD_B -> VEND_SHELL_B -> SUB_PAYBACK_B -> EMP_FRAUD_B,SUB_PAYBACK_B,EMP_FRAUD_B,0.0,Historical,89.83,452,Circular Fund Flow
71,batch_71_loop_3,1,EMP_FRAUD_A -> VEND_SHELL_A -> SUB_PAYBACK_A -> EMP_FRAUD_A,EMP_FRAUD_A,VEND_SHELL_A,0.0,Historical,97.02,452,Circular Fund Flow
71,batch_71_loop_3,2,EMP_FRAUD_A -> VEND_SHELL_A -> SUB_PAYBACK_A -> EMP_FRAUD_A,VEND_SHELL_A,SUB_PAYBACK_A,0.0,Historical,88.91,452,Circular Fund Flow
71,batch_71_loop_3,3,EMP_FRAUD_A -> VEND_SHELL_A -> SUB_PAYBACK_A -> EMP_FRAUD_A,SUB_PAYBACK_A,EMP_FRAUD_A,0.0,Historical,87.87,452,Circular Fund Flow
72,batch_72_loop_1,1,EMP_FRAUD_C -> VEND_SHELL_C -> SUB_PAYBACK_C -> EMP_FRAUD_C,EMP_FRAUD_C,VEND_SHELL_C,0.0,Historical,89.74,446,Circular Fund Flow
72,batch_72_loop_1,2,EMP_FRAUD_C -> VEND_SHELL_C -> SUB_PAYBACK_C -> EMP_FRAUD_C,VEND_SHELL_C,SUB_PAYBACK_C,0.0,Historical,87.17,446,Circular Fund Flow
72,batch_72_loop_1,3,EMP_FRAUD_C -> VEND_SHELL_C -> SUB_PAYBACK_C -> EMP_FRAUD_C,SUB_PAYBACK_C,EMP_FRAUD_C,0.0,Historical,95.41,446,Circular Fund Flow
72,batch_72_loop_2,1,EMP_FRAUD_B -> VEND_SHELL_B -> SUB_PAYBACK_B -> EMP_FRAUD_B,EMP_FRAUD_B,VEND_SHELL_B,0.0,Historical,86.26,446,Circular Fund Flow
72,batch_72_loop_2,2,EMP_FRAUD_B -> VEND_SHELL_B -> SUB_PAYBACK_B -> EMP_FRAUD_B,VEND_SHELL_B,SUB_PAYBACK_B,0.0,Historical,97.25,446,Circular Fund Flow
72,batch_72_loop_2,3,EMP_FRAUD_B -> VEND_SHELL_B -> SUB_PAYBACK_B -> EMP_FRAUD_B,SUB_PAYBACK_B,EMP_FRAUD_B,0.0,Historical,95.89,446,Circular Fund Flow
72,batch_72_loop_3,1,EMP_FRAUD_A -> VEND_SHELL_A -> SUB_PAYBACK_A -> EMP_FRAUD_A,EMP_FRAUD_A,VEND_SHELL_A,0.0,Historical,87.12,446,Circular Fund Flow
72,batch_72_loop_3,2,EMP_FRAUD_A -> VEND_SHELL_A -> SUB_PAYBACK_A -> EMP_FRAUD_A,VEND_SHELL_A,SUB_PAYBACK_A,0.0,Historical,89.73,446,Circular Fund Flow
72,batch_72_loop_3,3,EMP_FRAUD_A -> VEND_SHELL_A -> SUB_PAYBACK_A -> EMP_FRAUD_A,SUB_PAYBACK_A,EMP_FRAUD_A,0.0,Historical,86.2,446,Circular Fund Flow
73,batch_73_loop_1,1,EMP_FRAUD_C -> VEND_SHELL_C -> SUB_PAYBACK_C -> EMP_FRAUD_C,EMP_FRAUD_C,VEND_SHELL_C,0.0,Historical,98.27,453,Circular Fund Flow
73,batch_73_loop_1,2,EMP_FRAUD_C -> VEND_SHELL_C -> SUB_PAYBACK_C -> EMP_FRAUD_C,VEND_SHELL_C,SUB_PAYBACK_C,0.0,Historical,92.72,453,Circular Fund Flow
73,batch_73_loop_1,3,EMP_FRAUD_C -> VEND_SHELL_C -> SUB_PAYBACK_C -> EMP_FRAUD_C,SUB_PAYBACK_C,EMP_FRAUD_C,0.0,Historical,87.1,453,Circular Fund Flow
73,batch_73_loop_2,1,EMP_FRAUD_B -> VEND_SHELL_B -> SUB_PAYBACK_B -> EMP_FRAUD_B,EMP_FRAUD_B,VEND_SHELL_B,0.0,Historical,90.33,453,Circular Fund Flow
73,batch_73_loop_2,2,EMP_FRAUD_B -> VEND_SHELL_B -> SUB_PAYBACK_B -> EMP_FRAUD_B,VEND_SHELL_B,SUB_PAYBACK_B,0.0,Historical,89.33,453,Circular Fund Flow
73,batch_73_loop_2,3,EMP_FRAUD_B -> VEND_SHELL_B -> SUB_PAYBACK_B -> EMP_FRAUD_B,SUB_PAYBACK_B,EMP_FRAUD_B,0.0,Historical,97.31,453,Circular Fund Flow
73,batch_73_loop_3,1,EMP_FRAUD_A -> VEND_SHELL_A -> SUB_PAYBACK_A -> EMP_FRAUD_A,EMP_FRAUD_A,VEND_SHELL_A,0.0,Historical,97.06,453,Circular Fund Flow
73,batch_73_loop_3,2,EMP_FRAUD_A -> VEND_SHELL_A -> SUB_PAYBACK_A -> EMP_FRAUD_A,VEND_SHELL_A,SUB_PAYBACK_A,0.0,Historical,88.74,453,Circular Fund Flow
73,batch_73_loop_3,3,EMP_FRAUD_A -> VEND_SHELL_A -> SUB_PAYBACK_A -> EMP_FRAUD_A,SUB_PAYBACK_A,EMP_FRAUD_A,0.0,Historical,86.46,453,Circular Fund Flow
74,batch_74_loop_1,1,EMP_FRAUD_C -> VEND_SHELL_C -> SUB_PAYBACK_C -> EMP_FRAUD_C,EMP_FRAUD_C,VEND_SHELL_C,0.0,Historical,91.34,396,Circular Fund Flow
74,batch_74_loop_1,2,EMP_FRAUD_C -> VEND_SHELL_C -> SUB_PAYBACK_C -> EMP_FRAUD_C,VEND_SHELL_C,SUB_PAYBACK_C,0.0,Historical,96.88,396,Circular Fund Flow
74,batch_74_loop_1,3,EMP_FRAUD_C -> VEND_SHELL_C -> SUB_PAYBACK_C -> EMP_FRAUD_C,SUB_PAYBACK_C,EMP_FRAUD_C,0.0,Historical,87.3,396,Circular Fund Flow
74,batch_74_loop_2,1,EMP_FRAUD_B -> VEND_SHELL_B -> SUB_PAYBACK_B -> EMP_FRAUD_B,EMP_FRAUD_B,VEND_SHELL_B,0.0,Historical,98.65,396,Circular Fund Flow
74,batch_74_loop_2,2,EMP_FRAUD_B -> VEND_SHELL_B -> SUB_PAYBACK_B -> EMP_FRAUD_B,VEND_SHELL_B,SUB_PAYBACK_B,0.0,Historical,90.8,396,Circular Fund Flow
74,batch_74_loop_2,3,EMP_FRAUD_B -> VEND_SHELL_B -> SUB_PAYBACK_B -> EMP_FRAUD_B,SUB_PAYBACK_B,EMP_FRAUD_B,0.0,Historical,92.34,396,Circular Fund Flow
74,batch_74_loop_3,1,EMP_FRAUD_A -> VEND_SHELL_A -> SUB_PAYBACK_A -> EMP_FRAUD_A,EMP_FRAUD_A,VEND_SHELL_A,0.0,Historical,96.71,396,Circular Fund Flow
74,batch_74_loop_3,2,EMP_FRAUD_A -> VEND_SHELL_A -> SUB_PAYBACK_A -> EMP_FRAUD_A,VEND_SHELL_A,SUB_PAYBACK_A,0.0,Historical,90.93,396,Circular Fund Flow
74,batch_74_loop_3,3,EMP_FRAUD_A -> VEND_SHELL_A -> SUB_PAYBACK_A -> EMP_FRAUD_A,SUB_PAYBACK_A,EMP_FRAUD_A,0.0,Historical,94.94,396,Circular Fund Flow
75,batch_75_loop_1,1,EMP_FRAUD_C -> VEND_SHELL_C -> SUB_PAYBACK_C -> EMP_FRAUD_C,EMP_FRAUD_C,VEND_SHELL_C,0.0,Historical,86.92,440,Circular Fund Flow
75,batch_75_loop_1,2,EMP_FRAUD_C -> VEND_SHELL_C -> SUB_PAYBACK_C -> EMP_FRAUD_C,VEND_SHELL_C,SUB_PAYBACK_C,0.0,Historical,92.49,440,Circular Fund Flow
75,batch_75_loop_1,3,EMP_FRAUD_C -> VEND_SHELL_C -> SUB_PAYBACK_C -> EMP_FRAUD_C,SUB_PAYBACK_C,EMP_FRAUD_C,0.0,Historical,96.15,440,Circular Fund Flow
75,batch_75_loop_2,1,EMP_FRAUD_B -> VEND_SHELL_B -> SUB_PAYBACK_B -> EMP_FRAUD_B,EMP_FRAUD_B,VEND_SHELL_B,0.0,Historical,89.31,440,Circular Fund Flow
75,batch_75_loop_2,2,EMP_FRAUD_B -> VEND_SHELL_B -> SUB_PAYBACK_B -> EMP_FRAUD_B,VEND_SHELL_B,SUB_PAYBACK_B,0.0,Historical,91.55,440,Circular Fund Flow
75,batch_75_loop_2,3,EMP_FRAUD_B -> VEND_SHELL_B -> SUB_PAYBACK_B -> EMP_FRAUD_B,SUB_PAYBACK_B,EMP_FRAUD_B,0.0,Historical,93.8,440,Circular Fund Flow
75,batch_75_loop_3,1,EMP_FRAUD_A -> VEND_SHELL_A -> SUB_PAYBACK_A -> EMP_FRAUD_A,EMP_FRAUD_A,VEND_SHELL_A,0.0,Historical,88.75,440,Circular Fund Flow
75,batch_75_loop_3,2,EMP_FRAUD_A -> VEND_SHELL_A -> SUB_PAYBACK_A -> EMP_FRAUD_A,VEND_SHELL_A,SUB_PAYBACK_A,0.0,Historical,90.93,440,Circular Fund Flow
75,batch_75_loop_3,3,EMP_FRAUD_A -> VEND_SHELL_A -> SUB_PAYBACK_A -> EMP_FRAUD_A,SUB_PAYBACK_A,EMP_FRAUD_A,0.0,Historical,93.5,440,Circular Fund Flow
76,batch_76_loop_1,1,EMP_FRAUD_C -> VEND_SHELL_C -> SUB_PAYBACK_C -> EMP_FRAUD_C,EMP_FRAUD_C,VEND_SHELL_C,0.0,Historical,85.07,447,Circular Fund Flow
76,batch_76_loop_1,2,EMP_FRAUD_C -> VEND_SHELL_C -> SUB_PAYBACK_C -> EMP_FRAUD_C,VEND_SHELL_C,SUB_PAYBACK_C,0.0,Historical,95.14,447,Circular Fund Flow
76,batch_76_loop_1,3,EMP_FRAUD_C -> VEND_SHELL_C -> SUB_PAYBACK_C -> EMP_FRAUD_C,SUB_PAYBACK_C,EMP_FRAUD_C,0.0,Historical,88.33,447,Circular Fund Flow
76,batch_76_loop_2,1,EMP_FRAUD_B -> VEND_SHELL_B -> SUB_PAYBACK_B -> EMP_FRAUD_B,EMP_FRAUD_B,VEND_SHELL_B,0.0,Historical,98.14,447,Circular Fund Flow
76,batch_76_loop_2,2,EMP_FRAUD_B -> VEND_SHELL_B -> SUB_PAYBACK_B -> EMP_FRAUD_B,VEND_SHELL_B,SUB_PAYBACK_B,0.0,Historical,87.26,447,Circular Fund Flow
76,batch_76_loop_2,3,EMP_FRAUD_B -> VEND_SHELL_B -> SUB_PAYBACK_B -> EMP_FRAUD_B,SUB_PAYBACK_B,EMP_FRAUD_B,0.0,Historical,93.72,447,Circular Fund Flow
76,batch_76_loop_3,1,EMP_FRAUD_A -> VEND_SHELL_A -> SUB_PAYBACK_A -> EMP_FRAUD_A,EMP_FRAUD_A,VEND_SHELL_A,0.0,Historical,98.61,447,Circular Fund Flow
76,batch_76_loop_3,2,EMP_FRAUD_A -> VEND_SHELL_A -> SUB_PAYBACK_A -> EMP_FRAUD_A,VEND_SHELL_A,SUB_PAYBACK_A,0.0,Historical,90.64,447,Circular Fund Flow
76,batch_76_loop_3,3,EMP_FRAUD_A -> VEND_SHELL_A -> SUB_PAYBACK_A -> EMP_FRAUD_A,SUB_PAYBACK_A,EMP_FRAUD_A,0.0,Historical,86.5,447,Circular Fund Flow
77,batch_77_loop_1,1,EMP_FRAUD_C -> VEND_SHELL_C -> SUB_PAYBACK_C -> EMP_FRAUD_C,EMP_FRAUD_C,VEND_SHELL_C,0.0,Historical,96.13,442,Circular Fund Flow
77,batch_77_loop_1,2,EMP_FRAUD_C -> VEND_SHELL_C -> SUB_PAYBACK_C -> EMP_FRAUD_C,VEND_SHELL_C,SUB_PAYBACK_C,0.0,Historical,88.32,442,Circular Fund Flow
77,batch_77_loop_1,3,EMP_FRAUD_C -> VEND_SHELL_C -> SUB_PAYBACK_C -> EMP_FRAUD_C,SUB_PAYBACK_C,EMP_FRAUD_C,0.0,Historical,86.7,442,Circular Fund Flow
77,batch_77_loop_2,1,EMP_FRAUD_B -> VEND_SHELL_B -> SUB_PAYBACK_B -> EMP_FRAUD_B,EMP_FRAUD_B,VEND_SHELL_B,0.0,Historical,87.68,442,Circular Fund Flow
77,batch_77_loop_2,2,EMP_FRAUD_B -> VEND_SHELL_B -> SUB_PAYBACK_B -> EMP_FRAUD_B,VEND_SHELL_B,SUB_PAYBACK_B,0.0,Historical,97.98,442,Circular Fund Flow
77,batch_77_loop_2,3,EMP_FRAUD_B -> VEND_SHELL_B -> SUB_PAYBACK_B -> EMP_FRAUD_B,SUB_PAYBACK_B,EMP_FRAUD_B,0.0,Historical,87.41,442,Circular Fund Flow
77,batch_77_loop_3,1,EMP_FRAUD_A -> VEND_SHELL_A -> SUB_PAYBACK_A -> EMP_FRAUD_A,EMP_FRAUD_A,VEND_SHELL_A,0.0,Historical,87.97,442,Circular Fund Flow
77,batch_77_loop_3,2,EMP_FRAUD_A -> VEND_SHELL_A -> SUB_PAYBACK_A -> EMP_FRAUD_A,VEND_SHELL_A,SUB_PAYBACK_A,0.0,Historical,88.22,442,Circular Fund Flow
77,batch_77_loop_3,3,EMP_FRAUD_A -> VEND_SHELL_A -> SUB_PAYBACK_A -> EMP_FRAUD_A,SUB_PAYBACK_A,EMP_FRAUD_A,0.0,Historical,96.82,442,Circular Fund Flow
78,batch_78_loop_1,1,EMP_FRAUD_C -> VEND_SHELL_C -> SUB_PAYBACK_C -> EMP_FRAUD_C,EMP_FRAUD_C,VEND_SHELL_C,0.0,Historical,98.26,446,Circular Fund Flow
78,batch_78_loop_1,2,EMP_FRAUD_C -> VEND_SHELL_C -> SUB_PAYBACK_C -> EMP_FRAUD_C,VEND_SHELL_C,SUB_PAYBACK_C,0.0,Historical,95.68,446,Circular Fund Flow
78,batch_78_loop_1,3,EMP_FRAUD_C -> VEND_SHELL_C -> SUB_PAYBACK_C -> EMP_FRAUD_C,SUB_PAYBACK_C,EMP_FRAUD_C,0.0,Historical,96.45,446,Circular Fund Flow
78,batch_78_loop_2,1,EMP_FRAUD_B -> VEND_SHELL_B -> SUB_PAYBACK_B -> EMP_FRAUD_B,EMP_FRAUD_B,VEND_SHELL_B,0.0,Historical,88.55,446,Circular Fund Flow
78,batch_78_loop_2,2,EMP_FRAUD_B -> VEND_SHELL_B -> SUB_PAYBACK_B -> EMP_FRAUD_B,VEND_SHELL_B,SUB_PAYBACK_B,0.0,Historical,92.5,446,Circular Fund Flow
78,batch_78_loop_2,3,EMP_FRAUD_B -> VEND_SHELL_B -> SUB_PAYBACK_B -> EMP_FRAUD_B,SUB_PAYBACK_B,EMP_FRAUD_B,0.0,Historical,97.48,446,Circular Fund Flow
78,batch_78_loop_3,1,EMP_FRAUD_A -> VEND_SHELL_A -> SUB_PAYBACK_A -> EMP_FRAUD_A,EMP_FRAUD_A,VEND_SHELL_A,0.0,Historical,94.38,446,Circular Fund Flow
78,batch_78_loop_3,2,EMP_FRAUD_A -> VEND_SHELL_A -> SUB_PAYBACK_A -> EMP_FRAUD_A,VEND_SHELL_A,SUB_PAYBACK_A,0.0,Historical,86.37,446,Circular Fund Flow
78,batch_78_loop_3,3,EMP_FRAUD_A -> VEND_SHELL_A -> SUB_PAYBACK_A -> EMP_FRAUD_A,SUB_PAYBACK_A,EMP_FRAUD_A,0.0,Historical,86.36,446,Circular Fund Flow
79,batch_79_loop_1,1,EMP_FRAUD_C -> VEND_SHELL_C -> SUB_PAYBACK_C -> EMP_FRAUD_C,EMP_FRAUD_C,VEND_SHELL_C,0.0,Historical,92.97,445,Circular Fund Flow
79,batch_79_loop_1,2,EMP_FRAUD_C -> VEND_SHELL_C -> SUB_PAYBACK_C -> EMP_FRAUD_C,VEND_SHELL_C,SUB_PAYBACK_C,0.0,Historical,90.26,445,Circular Fund Flow
79,batch_79_loop_1,3,EMP_FRAUD_C -> VEND_SHELL_C -> SUB_PAYBACK_C -> EMP_FRAUD_C,SUB_PAYBACK_C,EMP_FRAUD_C,0.0,Historical,92.41,445,Circular Fund Flow
79,batch_79_loop_2,1,EMP_FRAUD_B -> VEND_SHELL_B -> SUB_PAYBACK_B -> EMP_FRAUD_B,EMP_FRAUD_B,VEND_SHELL_B,0.0,Historical,92.34,445,Circular Fund Flow
79,batch_79_loop_2,2,EMP_FRAUD_B -> VEND_SHELL_B -> SUB_PAYBACK_B -> EMP_FRAUD_B,VEND_SHELL_B,SUB_PAYBACK_B,0.0,Historical,89.29,445,Circular Fund Flow
79,batch_79_loop_2,3,EMP_FRAUD_B -> VEND_SHELL_B -> SUB_PAYBACK_B -> EMP_FRAUD_B,SUB_PAYBACK_B,EMP_FRAUD_B,0.0,Historical,95.01,445,Circular Fund Flow
79,batch_79_loop_3,1,EMP_FRAUD_A -> VEND_SHELL_A -> SUB_PAYBACK_A -> EMP_FRAUD_A,EMP_FRAUD_A,VEND_SHELL_A,0.0,Historical,86.33,445,Circular Fund Flow
79,batch_79_loop_3,2,EMP_FRAUD_A -> VEND_SHELL_A -> SUB_PAYBACK_A -> EMP_FRAUD_A,VEND_SHELL_A,SUB_PAYBACK_A,0.0,Historical,94.56,445,Circular Fund Flow
79,batch_79_loop_3,3,EMP_FRAUD_A -> VEND_SHELL_A -> SUB_PAYBACK_A -> EMP_FRAUD_A,SUB_PAYBACK_A,EMP_FRAUD_A,0.0,Historical,87.95,445,Circular Fund Flow
80,batch_80_loop_1,1,EMP_FRAUD_C -> VEND_SHELL_C -> SUB_PAYBACK_C -> EMP_FRAUD_C,EMP_FRAUD_C,VEND_SHELL_C,0.0,Historical,91.48,448,Circular Fund Flow
80,batch_80_loop_1,2,EMP_FRAUD_C -> VEND_SHELL_C -> SUB_PAYBACK_C -> EMP_FRAUD_C,VEND_SHELL_C,SUB_PAYBACK_C,0.0,Historical,95.84,448,Circular Fund Flow
80,batch_80_loop_1,3,EMP_FRAUD_C -> VEND_SHELL_C -> SUB_PAYBACK_C -> EMP_FRAUD_C,SUB_PAYBACK_C,EMP_FRAUD_C,0.0,Historical,93.65,448,Circular Fund Flow
80,batch_80_loop_2,1,EMP_FRAUD_B -> VEND_SHELL_B -> SUB_PAYBACK_B -> EMP_FRAUD_B,EMP_FRAUD_B,VEND_SHELL_B,0.0,Historical,92.68,448,Circular Fund Flow
80,batch_80_loop_2,2,EMP_FRAUD_B -> VEND_SHELL_B -> SUB_PAYBACK_B -> EMP_FRAUD_B,VEND_SHELL_B,SUB_PAYBACK_B,0.0,Historical,91.76,448,Circular Fund Flow
80,batch_80_loop_2,3,EMP_FRAUD_B -> VEND_SHELL_B -> SUB_PAYBACK_B -> EMP_FRAUD_B,SUB_PAYBACK_B,EMP_FRAUD_B,0.0,Historical,86.33,448,Circular Fund Flow
80,batch_80_loop_3,1,EMP_FRAUD_A -> VEND_SHELL_A -> SUB_PAYBACK_A -> EMP_FRAUD_A,EMP_FRAUD_A,VEND_SHELL_A,0.0,Historical,96.66,448,Circular Fund Flow
80,batch_80_loop_3,2,EMP_FRAUD_A -> VEND_SHELL_A -> SUB_PAYBACK_A -> EMP_FRAUD_A,VEND_SHELL_A,SUB_PAYBACK_A,0.0,Historical,93.7,448,Circular Fund Flow
80,batch_80_loop_3,3,EMP_FRAUD_A -> VEND_SHELL_A -> SUB_PAYBACK_A -> EMP_FRAUD_A,SUB_PAYBACK_A,EMP_FRAUD_A,0.0,Historical,86.88,448,Circular Fund Flow
81,batch_81_loop_1,1,EMP_FRAUD_C -> VEND_SHELL_C -> SUB_PAYBACK_C -> EMP_FRAUD_C,EMP_FRAUD_C,VEND_SHELL_C,0.0,Historical,96.32,453,Circular Fund Flow
81,batch_81_loop_1,2,EMP_FRAUD_C -> VEND_SHELL_C -> SUB_PAYBACK_C -> EMP_FRAUD_C,VEND_SHELL_C,SUB_PAYBACK_C,0.0,Historical,87.34,453,Circular Fund Flow
81,batch_81_loop_1,3,EMP_FRAUD_C -> VEND_SHELL_C -> SUB_PAYBACK_C -> EMP_FRAUD_C,SUB_PAYBACK_C,EMP_FRAUD_C,0.0,Historical,97.92,453,Circular Fund Flow
81,batch_81_loop_2,1,EMP_FRAUD_B -> VEND_SHELL_B -> SUB_PAYBACK_B -> EMP_FRAUD_B,EMP_FRAUD_B,VEND_SHELL_B,0.0,Historical,93.42,453,Circular Fund Flow
81,batch_81_loop_2,2,EMP_FRAUD_B -> VEND_SHELL_B -> SUB_PAYBACK_B -> EMP_FRAUD_B,VEND_SHELL_B,SUB_PAYBACK_B,0.0,Historical,91.74,453,Circular Fund Flow
81,batch_81_loop_2,3,EMP_FRAUD_B -> VEND_SHELL_B -> SUB_PAYBACK_B -> EMP_FRAUD_B,SUB_PAYBACK_B,EMP_FRAUD_B,0.0,Historical,87.72,453,Circular Fund Flow
81,batch_81_loop_3,1,EMP_FRAUD_A -> VEND_SHELL_A -> SUB_PAYBACK_A -> EMP_FRAUD_A,EMP_FRAUD_A,VEND_SHELL_A,0.0,Historical,91.73,453,Circular Fund Flow
81,batch_81_loop_3,2,EMP_FRAUD_A -> VEND_SHELL_A -> SUB_PAYBACK_A -> EMP_FRAUD_A,VEND_SHELL_A,SUB_PAYBACK_A,0.0,Historical,89.37,453,Circular Fund Flow
81,batch_81_loop_3,3,EMP_FRAUD_A -> VEND_SHELL_A -> SUB_PAYBACK_A -> EMP_FRAUD_A,SUB_PAYBACK_A,EMP_FRAUD_A,0.0,Historical,94.09,453,Circular Fund Flow
82,batch_82_loop_1,1,EMP_FRAUD_C -> VEND_SHELL_C -> SUB_PAYBACK_C -> EMP_FRAUD_C,EMP_FRAUD_C,VEND_SHELL_C,0.0,Historical,86.52,457,Circular Fund Flow
82,batch_82_loop_1,2,EMP_FRAUD_C -> VEND_SHELL_C -> SUB_PAYBACK_C -> EMP_FRAUD_C,VEND_SHELL_C,SUB_PAYBACK_C,0.0,Historical,86.97,457,Circular Fund Flow
82,batch_82_loop_1,3,EMP_FRAUD_C -> VEND_SHELL_C -> SUB_PAYBACK_C -> EMP_FRAUD_C,SUB_PAYBACK_C,EMP_FRAUD_C,0.0,Historical,90.63,457,Circular Fund Flow
82,batch_82_loop_2,1,EMP_FRAUD_B -> VEND_SHELL_B -> SUB_PAYBACK_B -> EMP_FRAUD_B,EMP_FRAUD_B,VEND_SHELL_B,0.0,Historical,94.65,457,Circular Fund Flow
82,batch_82_loop_2,2,EMP_FRAUD_B -> VEND_SHELL_B -> SUB_PAYBACK_B -> EMP_FRAUD_B,VEND_SHELL_B,SUB_PAYBACK_B,0.0,Historical,96.44,457,Circular Fund Flow
82,batch_82_loop_2,3,EMP_FRAUD_B -> VEND_SHELL_B -> SUB_PAYBACK_B -> EMP_FRAUD_B,SUB_PAYBACK_B,EMP_FRAUD_B,0.0,Historical,90.97,457,Circular Fund Flow
82,batch_82_loop_3,1,EMP_FRAUD_A -> VEND_SHELL_A -> SUB_PAYBACK_A -> EMP_FRAUD_A,EMP_FRAUD_A,VEND_SHELL_A,0.0,Historical,89.58,457,Circular Fund Flow
82,batch_82_loop_3,2,EMP_FRAUD_A -> VEND_SHELL_A -> SUB_PAYBACK_A -> EMP_FRAUD_A,VEND_SHELL_A,SUB_PAYBACK_A,0.0,Historical,87.36,457,Circular Fund Flow
82,batch_82_loop_3,3,EMP_FRAUD_A -> VEND_SHELL_A -> SUB_PAYBACK_A -> EMP_FRAUD_A,SUB_PAYBACK_A,EMP_FRAUD_A,0.0,Historical,91.08,457,Circular Fund Flow
83,batch_83_loop_1,1,EMP_FRAUD_C -> VEND_SHELL_C -> SUB_PAYBACK_C -> EMP_FRAUD_C,EMP_FRAUD_C,VEND_SHELL_C,0.0,Historical,89.79,459,Circular Fund Flow
83,batch_83_loop_1,2,EMP_FRAUD_C -> VEND_SHELL_C -> SUB_PAYBACK_C -> EMP_FRAUD_C,VEND_SHELL_C,SUB_PAYBACK_C,0.0,Historical,98.05,459,Circular Fund Flow
83,batch_83_loop_1,3,EMP_FRAUD_C -> VEND_SHELL_C -> SUB_PAYBACK_C -> EMP_FRAUD_C,SUB_PAYBACK_C,EMP_FRAUD_C,0.0,Historical,88.57,459,Circular Fund Flow
83,batch_83_loop_2,1,EMP_FRAUD_B -> VEND_SHELL_B -> SUB_PAYBACK_B -> EMP_FRAUD_B,EMP_FRAUD_B,VEND_SHELL_B,0.0,Historical,98.98,459,Circular Fund Flow
83,batch_83_loop_2,2,EMP_FRAUD_B -> VEND_SHELL_B -> SUB_PAYBACK_B -> EMP_FRAUD_B,VEND_SHELL_B,SUB_PAYBACK_B,0.0,Historical,98.74,459,Circular Fund Flow
83,batch_83_loop_2,3,EMP_FRAUD_B -> VEND_SHELL_B -> SUB_PAYBACK_B -> EMP_FRAUD_B,SUB_PAYBACK_B,EMP_FRAUD_B,0.0,Historical,96.56,459,Circular Fund Flow
83,batch_83_loop_3,1,EMP_FRAUD_A -> VEND_SHELL_A -> SUB_PAYBACK_A -> EMP_FRAUD_A,EMP_FRAUD_A,VEND_SHELL_A,0.0,Historical,97.74,459,Circular Fund Flow
83,batch_83_loop_3,2,EMP_FRAUD_A -> VEND_SHELL_A -> SUB_PAYBACK_A -> EMP_FRAUD_A,VEND_SHELL_A,SUB_PAYBACK_A,0.0,Historical,89.45,459,Circular Fund Flow
83,batch_83_loop_3,3,EMP_FRAUD_A -> VEND_SHELL_A -> SUB_PAYBACK_A -> EMP_FRAUD_A,SUB_PAYBACK_A,EMP_FRAUD_A,0.0,Historical,94.82,459,Circular Fund Flow
84,batch_84_loop_1,1,EMP_FRAUD_C -> VEND_SHELL_C -> SUB_PAYBACK_C -> EMP_FRAUD_C,EMP_FRAUD_C,VEND_SHELL_C,0.0,Historical,86.94,457,Circular Fund Flow
84,batch_84_loop_1,2,EMP_FRAUD_C -> VEND_SHELL_C -> SUB_PAYBACK_C -> EMP_FRAUD_C,VEND_SHELL_C,SUB_PAYBACK_C,0.0,Historical,96.75,457,Circular Fund Flow
84,batch_84_loop_1,3,EMP_FRAUD_C -> VEND_SHELL_C -> SUB_PAYBACK_C -> EMP_FRAUD_C,SUB_PAYBACK_C,EMP_FRAUD_C,0.0,Historical,90.59,457,Circular Fund Flow
84,batch_84_loop_2,1,EMP_FRAUD_B -> VEND_SHELL_B -> SUB_PAYBACK_B -> EMP_FRAUD_B,EMP_FRAUD_B,VEND_SHELL_B,0.0,Historical,96.51,457,Circular Fund Flow
84,batch_84_loop_2,2,EMP_FRAUD_B -> VEND_SHELL_B -> SUB_PAYBACK_B -> EMP_FRAUD_B,VEND_SHELL_B,SUB_PAYBACK_B,0.0,Historical,98.47,457,Circular Fund Flow
84,batch_84_loop_2,3,EMP_FRAUD_B -> VEND_SHELL_B -> SUB_PAYBACK_B -> EMP_FRAUD_B,SUB_PAYBACK_B,EMP_FRAUD_B,0.0,Historical,90.43,457,Circular Fund Flow
84,batch_84_loop_3,1,EMP_FRAUD_A -> VEND_SHELL_A -> SUB_PAYBACK_A -> EMP_FRAUD_A,EMP_FRAUD_A,VEND_SHELL_A,0.0,Historical,86.91,457,Circular Fund Flow
84,batch_84_loop_3,2,EMP_FRAUD_A -> VEND_SHELL_A -> SUB_PAYBACK_A -> EMP_FRAUD_A,VEND_SHELL_A,SUB_PAYBACK_A,0.0,Historical,94.04,457,Circular Fund Flow
84,batch_84_loop_3,3,EMP_FRAUD_A -> VEND_SHELL_A -> SUB_PAYBACK_A -> EMP_FRAUD_A,SUB_PAYBACK_A,EMP_FRAUD_A,0.0,Historical,97.24,457,Circular Fund Flow
85,batch_85_loop_1,1,EMP_FRAUD_C -> VEND_SHELL_C -> SUB_PAYBACK_C -> EMP_FRAUD_C,EMP_FRAUD_C,VEND_SHELL_C,0.0,Historical,97.09,455,Circular Fund Flow
85,batch_85_loop_1,2,EMP_FRAUD_C -> VEND_SHELL_C -> SUB_PAYBACK_C -> EMP_FRAUD_C,VEND_SHELL_C,SUB_PAYBACK_C,0.0,Historical,85.91,455,Circular Fund Flow
85,batch_85_loop_1,3,EMP_FRAUD_C -> VEND_SHELL_C -> SUB_PAYBACK_C -> EMP_FRAUD_C,SUB_PAYBACK_C,EMP_FRAUD_C,0.0,Historical,89.88,455,Circular Fund Flow
85,batch_85_loop_2,1,EMP_FRAUD_B -> VEND_SHELL_B -> SUB_PAYBACK_B -> EMP_FRAUD_B,EMP_FRAUD_B,VEND_SHELL_B,0.0,Historical,89.78,455,Circular Fund Flow
85,batch_85_loop_2,2,EMP_FRAUD_B -> VEND_SHELL_B -> SUB_PAYBACK_B -> EMP_FRAUD_B,VEND_SHELL_B,SUB_PAYBACK_B,0.0,Historical,92.36,455,Circular Fund Flow
85,batch_85_loop_2,3,EMP_FRAUD_B -> VEND_SHELL_B -> SUB_PAYBACK_B -> EMP_FRAUD_B,SUB_PAYBACK_B,EMP_FRAUD_B,0.0,Historical,91.28,455,Circular Fund Flow
85,batch_85_loop_3,1,EMP_FRAUD_A -> VEND_SHELL_A -> SUB_PAYBACK_A -> EMP_FRAUD_A,EMP_FRAUD_A,VEND_SHELL_A,0.0,Historical,86.25,455,Circular Fund Flow
85,batch_85_loop_3,2,EMP_FRAUD_A -> VEND_SHELL_A -> SUB_PAYBACK_A -> EMP_FRAUD_A,VEND_SHELL_A,SUB_PAYBACK_A,0.0,Historical,92.67,455,Circular Fund Flow
85,batch_85_loop_3,3,EMP_FRAUD_A -> VEND_SHELL_A -> SUB_PAYBACK_A -> EMP_FRAUD_A,SUB_PAYBACK_A,EMP_FRAUD_A,0.0,Historical,89.96,455,Circular Fund Flow
86,batch_86_loop_1,1,EMP_FRAUD_C -> VEND_SHELL_C -> SUB_PAYBACK_C -> EMP_FRAUD_C,EMP_FRAUD_C,VEND_SHELL_C,0.0,Historical,85.83,458,Circular Fund Flow
86,batch_86_loop_1,2,EMP_FRAUD_C -> VEND_SHELL_C -> SUB_PAYBACK_C -> EMP_FRAUD_C,VEND_SHELL_C,SUB_PAYBACK_C,0.0,Historical,91.09,458,Circular Fund Flow
86,batch_86_loop_1,3,EMP_FRAUD_C -> VEND_SHELL_C -> SUB_PAYBACK_C -> EMP_FRAUD_C,SUB_PAYBACK_C,EMP_FRAUD_C,0.0,Historical,91.56,458,Circular Fund Flow
86,batch_86_loop_2,1,EMP_FRAUD_B -> VEND_SHELL_B -> SUB_PAYBACK_B -> EMP_FRAUD_B,EMP_FRAUD_B,VEND_SHELL_B,0.0,Historical,87.46,458,Circular Fund Flow
86,batch_86_loop_2,2,EMP_FRAUD_B -> VEND_SHELL_B -> SUB_PAYBACK_B -> EMP_FRAUD_B,VEND_SHELL_B,SUB_PAYBACK_B,0.0,Historical,94.06,458,Circular Fund Flow
86,batch_86_loop_2,3,EMP_FRAUD_B -> VEND_SHELL_B -> SUB_PAYBACK_B -> EMP_FRAUD_B,SUB_PAYBACK_B,EMP_FRAUD_B,0.0,Historical,86.9,458,Circular Fund Flow
86,batch_86_loop_3,1,EMP_FRAUD_A -> VEND_SHELL_A -> SUB_PAYBACK_A -> EMP_FRAUD_A,EMP_FRAUD_A,VEND_SHELL_A,0.0,Historical,95.1,458,Circular Fund Flow
86,batch_86_loop_3,2,EMP_FRAUD_A -> VEND_SHELL_A -> SUB_PAYBACK_A -> EMP_FRAUD_A,VEND_SHELL_A,SUB_PAYBACK_A,0.0,Historical,97.39,458,Circular Fund Flow
86,batch_86_loop_3,3,EMP_FRAUD_A -> VEND_SHELL_A -> SUB_PAYBACK_A -> EMP_FRAUD_A,SUB_PAYBACK_A,EMP_FRAUD_A,0.0,Historical,86.41,458,Circular Fund Flow
87,batch_87_loop_1,1,EMP_FRAUD_C -> VEND_SHELL_C -> SUB_PAYBACK_C -> EMP_FRAUD_C,EMP_FRAUD_C,VEND_SHELL_C,0.0,Historical,96.49,435,Circular Fund Flow
87,batch_87_loop_1,2,EMP_FRAUD_C -> VEND_SHELL_C -> SUB_PAYBACK_C -> EMP_FRAUD_C,VEND_SHELL_C,SUB_PAYBACK_C,0.0,Historical,89.01,435,Circular Fund Flow
87,batch_87_loop_1,3,EMP_FRAUD_C -> VEND_SHELL_C -> SUB_PAYBACK_C -> EMP_FRAUD_C,SUB_PAYBACK_C,EMP_FRAUD_C,0.0,Historical,92.21,435,Circular Fund Flow
87,batch_87_loop_2,1,EMP_FRAUD_B -> VEND_SHELL_B -> SUB_PAYBACK_B -> EMP_FRAUD_B,EMP_FRAUD_B,VEND_SHELL_B,0.0,Historical,98.65,435,Circular Fund Flow
87,batch_87_loop_2,2,EMP_FRAUD_B -> VEND_SHELL_B -> SUB_PAYBACK_B -> EMP_FRAUD_B,VEND_SHELL_B,SUB_PAYBACK_B,0.0,Historical,93.91,435,Circular Fund Flow
87,batch_87_loop_2,3,EMP_FRAUD_B -> VEND_SHELL_B -> SUB_PAYBACK_B -> EMP_FRAUD_B,SUB_PAYBACK_B,EMP_FRAUD_B,0.0,Historical,94.59,435,Circular Fund Flow
87,batch_87_loop_3,1,EMP_FRAUD_A -> VEND_SHELL_A -> SUB_PAYBACK_A -> EMP_FRAUD_A,EMP_FRAUD_A,VEND_SHELL_A,0.0,Historical,86.07,435,Circular Fund Flow
87,batch_87_loop_3,2,EMP_FRAUD_A -> VEND_SHELL_A -> SUB_PAYBACK_A -> EMP_FRAUD_A,VEND_SHELL_A,SUB_PAYBACK_A,0.0,Historical,91.92,435,Circular Fund Flow
87,batch_87_loop_3,3,EMP_FRAUD_A -> VEND_SHELL_A -> SUB_PAYBACK_A -> EMP_FRAUD_A,SUB_PAYBACK_A,EMP_FRAUD_A,0.0,Historical,92.96,435,Circular Fund Flow
88,batch_88_loop_1,1,EMP_FRAUD_C -> VEND_SHELL_C -> SUB_PAYBACK_C -> EMP_FRAUD_C,EMP_FRAUD_C,VEND_SHELL_C,11307.36,2026-04-18T06:12:42Z,100.0,427,Circular Fund Flow
88,batch_88_loop_1,2,EMP_FRAUD_C -> VEND_SHELL_C -> SUB_PAYBACK_C -> EMP_FRAUD_C,VEND_SHELL_C,SUB_PAYBACK_C,14267.72,2026-04-18T06:12:42Z,100.0,427,Circular Fund Flow
88,batch_88_loop_1,3,EMP_FRAUD_C -> VEND_SHELL_C -> SUB_PAYBACK_C -> EMP_FRAUD_C,SUB_PAYBACK_C,EMP_FRAUD_C,9982.31,2026-04-18T06:12:42Z,100.0,427,Circular Fund Flow
88,batch_88_loop_2,1,EMP_FRAUD_B -> VEND_SHELL_B -> SUB_PAYBACK_B -> EMP_FRAUD_B,EMP_FRAUD_B,VEND_SHELL_B,12707.68,2026-04-18T06:12:42Z,100.0,427,Circular Fund Flow
88,batch_88_loop_2,2,EMP_FRAUD_B -> VEND_SHELL_B -> SUB_PAYBACK_B -> EMP_FRAUD_B,VEND_SHELL_B,SUB_PAYBACK_B,9028.18,2026-04-18T06:12:42Z,100.0,427,Circular Fund Flow
88,batch_88_loop_2,3,EMP_FRAUD_B -> VEND_SHELL_B -> SUB_PAYBACK_B -> EMP_FRAUD_B,SUB_PAYBACK_B,EMP_FRAUD_B,13552.03,2026-04-18T06:12:42Z,100.0,427,Circular Fund Flow
88,batch_88_loop_3,1,EMP_FRAUD_A -> VEND_SHELL_A -> SUB_PAYBACK_A -> EMP_FRAUD_A,EMP_FRAUD_A,VEND_SHELL_A,11085.77,2026-04-18T06:12:42Z,100.0,427,Circular Fund Flow
88,batch_88_loop_3,2,EMP_FRAUD_A -> VEND_SHELL_A -> SUB_PAYBACK_A -> EMP_FRAUD_A,VEND_SHELL_A,SUB_PAYBACK_A,12706.22,2026-04-18T06:12:42Z,100.0,427,Circular Fund Flow
88,batch_88_loop_3,3,EMP_FRAUD_A -> VEND_SHELL_A -> SUB_PAYBACK_A -> EMP_FRAUD_A,SUB_PAYBACK_A,EMP_FRAUD_A,13022.81,2026-04-18T06:12:42Z,100.0,427,Circular Fund Flow
89,batch_89_loop_1,1,EMP_FRAUD_C -> VEND_SHELL_C -> SUB_PAYBACK_C -> EMP_FRAUD_C,EMP_FRAUD_C,VEND_SHELL_C,0.0,Historical,91.28,437,Circular Fund Flow
89,batch_89_loop_1,2,EMP_FRAUD_C -> VEND_SHELL_C -> SUB_PAYBACK_C -> EMP_FRAUD_C,VEND_SHELL_C,SUB_PAYBACK_C,0.0,Historical,92.81,437,Circular Fund Flow
89,batch_89_loop_1,3,EMP_FRAUD_C -> VEND_SHELL_C -> SUB_PAYBACK_C -> EMP_FRAUD_C,SUB_PAYBACK_C,EMP_FRAUD_C,0.0,Historical,97.2,437,Circular Fund Flow
89,batch_89_loop_2,1,EMP_FRAUD_B -> VEND_SHELL_B -> SUB_PAYBACK_B -> EMP_FRAUD_B,EMP_FRAUD_B,VEND_SHELL_B,0.0,Historical,88.84,437,Circular Fund Flow
89,batch_89_loop_2,2,EMP_FRAUD_B -> VEND_SHELL_B -> SUB_PAYBACK_B -> EMP_FRAUD_B,VEND_SHELL_B,SUB_PAYBACK_B,0.0,Historical,96.65,437,Circular Fund Flow
89,batch_89_loop_2,3,EMP_FRAUD_B -> VEND_SHELL_B -> SUB_PAYBACK_B -> EMP_FRAUD_B,SUB_PAYBACK_B,EMP_FRAUD_B,0.0,Historical,86.27,437,Circular Fund Flow
89,batch_89_loop_3,1,EMP_FRAUD_A -> VEND_SHELL_A -> SUB_PAYBACK_A -> EMP_FRAUD_A,EMP_FRAUD_A,VEND_SHELL_A,0.0,Historical,87.9,437,Circular Fund Flow
89,batch_89_loop_3,2,EMP_FRAUD_A -> VEND_SHELL_A -> SUB_PAYBACK_A -> EMP_FRAUD_A,VEND_SHELL_A,SUB_PAYBACK_A,0.0,Historical,94.95,437,Circular Fund Flow
89,batch_89_loop_3,3,EMP_FRAUD_A -> VEND_SHELL_A -> SUB_PAYBACK_A -> EMP_FRAUD_A,SUB_PAYBACK_A,EMP_FRAUD_A,0.0,Historical,87.86,437,Circular Fund Flow
90,batch_90_loop_1,1,EMP_FRAUD_C -> VEND_SHELL_C -> SUB_PAYBACK_C -> EMP_FRAUD_C,EMP_FRAUD_C,VEND_SHELL_C,0.0,Historical,87.62,429,Circular Fund Flow
90,batch_90_loop_1,2,EMP_FRAUD_C -> VEND_SHELL_C -> SUB_PAYBACK_C -> EMP_FRAUD_C,VEND_SHELL_C,SUB_PAYBACK_C,0.0,Historical,97.49,429,Circular Fund Flow
90,batch_90_loop_1,3,EMP_FRAUD_C -> VEND_SHELL_C -> SUB_PAYBACK_C -> EMP_FRAUD_C,SUB_PAYBACK_C,EMP_FRAUD_C,0.0,Historical,89.21,429,Circular Fund Flow
90,batch_90_loop_2,1,EMP_FRAUD_B -> VEND_SHELL_B -> SUB_PAYBACK_B -> EMP_FRAUD_B,EMP_FRAUD_B,VEND_SHELL_B,0.0,Historical,89.56,429,Circular Fund Flow
90,batch_90_loop_2,2,EMP_FRAUD_B -> VEND_SHELL_B -> SUB_PAYBACK_B -> EMP_FRAUD_B,VEND_SHELL_B,SUB_PAYBACK_B,0.0,Historical,86.36,429,Circular Fund Flow
90,batch_90_loop_2,3,EMP_FRAUD_B -> VEND_SHELL_B -> SUB_PAYBACK_B -> EMP_FRAUD_B,SUB_PAYBACK_B,EMP_FRAUD_B,0.0,Historical,95.44,429,Circular Fund Flow
90,batch_90_loop_3,1,EMP_FRAUD_A -> VEND_SHELL_A -> SUB_PAYBACK_A -> EMP_FRAUD_A,EMP_FRAUD_A,VEND_SHELL_A,0.0,Historical,86.08,429,Circular Fund Flow
90,batch_90_loop_3,2,EMP_FRAUD_A -> VEND_SHELL_A -> SUB_PAYBACK_A -> EMP_FRAUD_A,VEND_SHELL_A,SUB_PAYBACK_A,0.0,Historical,96.42,429,Circular Fund Flow
90,batch_90_loop_3,3,EMP_FRAUD_A -> VEND_SHELL_A -> SUB_PAYBACK_A -> EMP_FRAUD_A,SUB_PAYBACK_A,EMP_FRAUD_A,0.0,Historical,98.01,429,Circular Fund Flow
91,batch_91_loop_1,1,EMP_FRAUD_C -> VEND_SHELL_C -> SUB_PAYBACK_C -> EMP_FRAUD_C,EMP_FRAUD_C,VEND_SHELL_C,0.0,Historical,96.73,411,Circular Fund Flow
91,batch_91_loop_1,2,EMP_FRAUD_C -> VEND_SHELL_C -> SUB_PAYBACK_C -> EMP_FRAUD_C,VEND_SHELL_C,SUB_PAYBACK_C,0.0,Historical,94.19,411,Circular Fund Flow
91,batch_91_loop_1,3,EMP_FRAUD_C -> VEND_SHELL_C -> SUB_PAYBACK_C -> EMP_FRAUD_C,SUB_PAYBACK_C,EMP_FRAUD_C,0.0,Historical,94.32,411,Circular Fund Flow
91,batch_91_loop_2,1,EMP_FRAUD_B -> VEND_SHELL_B -> SUB_PAYBACK_B -> EMP_FRAUD_B,EMP_FRAUD_B,VEND_SHELL_B,0.0,Historical,92.45,411,Circular Fund Flow
91,batch_91_loop_2,2,EMP_FRAUD_B -> VEND_SHELL_B -> SUB_PAYBACK_B -> EMP_FRAUD_B,VEND_SHELL_B,SUB_PAYBACK_B,0.0,Historical,87.99,411,Circular Fund Flow
91,batch_91_loop_2,3,EMP_FRAUD_B -> VEND_SHELL_B -> SUB_PAYBACK_B -> EMP_FRAUD_B,SUB_PAYBACK_B,EMP_FRAUD_B,0.0,Historical,87.43,411,Circular Fund Flow
91,batch_91_loop_3,1,EMP_FRAUD_A -> VEND_SHELL_A -> SUB_PAYBACK_A -> EMP_FRAUD_A,EMP_FRAUD_A,VEND_SHELL_A,0.0,Historical,98.65,411,Circular Fund Flow
91,batch_91_loop_3,2,EMP_FRAUD_A -> VEND_SHELL_A -> SUB_PAYBACK_A -> EMP_FRAUD_A,VEND_SHELL_A,SUB_PAYBACK_A,0.0,Historical,86.66,411,Circular Fund Flow
91,batch_91_loop_3,3,EMP_FRAUD_A -> VEND_SHELL_A -> SUB_PAYBACK_A -> EMP_FRAUD_A,SUB_PAYBACK_A,EMP_FRAUD_A,0.0,Historical,92.01,411,Circular Fund Flow
92,batch_92_loop_1,1,EMP_FRAUD_C -> VEND_SHELL_C -> SUB_PAYBACK_C -> EMP_FRAUD_C,EMP_FRAUD_C,VEND_SHELL_C,0.0,Historical,94.0,423,Circular Fund Flow
92,batch_92_loop_1,2,EMP_FRAUD_C -> VEND_SHELL_C -> SUB_PAYBACK_C -> EMP_FRAUD_C,VEND_SHELL_C,SUB_PAYBACK_C,0.0,Historical,92.3,423,Circular Fund Flow
92,batch_92_loop_1,3,EMP_FRAUD_C -> VEND_SHELL_C -> SUB_PAYBACK_C -> EMP_FRAUD_C,SUB_PAYBACK_C,EMP_FRAUD_C,0.0,Historical,86.09,423,Circular Fund Flow
92,batch_92_loop_2,1,EMP_FRAUD_B -> VEND_SHELL_B -> SUB_PAYBACK_B -> EMP_FRAUD_B,EMP_FRAUD_B,VEND_SHELL_B,0.0,Historical,90.86,423,Circular Fund Flow
92,batch_92_loop_2,2,EMP_FRAUD_B -> VEND_SHELL_B -> SUB_PAYBACK_B -> EMP_FRAUD_B,VEND_SHELL_B,SUB_PAYBACK_B,0.0,Historical,98.34,423,Circular Fund Flow
92,batch_92_loop_2,3,EMP_FRAUD_B -> VEND_SHELL_B -> SUB_PAYBACK_B -> EMP_FRAUD_B,SUB_PAYBACK_B,EMP_FRAUD_B,0.0,Historical,85.93,423,Circular Fund Flow
92,batch_92_loop_3,1,EMP_FRAUD_A -> VEND_SHELL_A -> SUB_PAYBACK_A -> EMP_FRAUD_A,EMP_FRAUD_A,VEND_SHELL_A,0.0,Historical,92.46,423,Circular Fund Flow
92,batch_92_loop_3,2,EMP_FRAUD_A -> VEND_SHELL_A -> SUB_PAYBACK_A -> EMP_FRAUD_A,VEND_SHELL_A,SUB_PAYBACK_A,0.0,Historical,94.85,423,Circular Fund Flow
92,batch_92_loop_3,3,EMP_FRAUD_A -> VEND_SHELL_A -> SUB_PAYBACK_A -> EMP_FRAUD_A,SUB_PAYBACK_A,EMP_FRAUD_A,0.0,Historical,89.59,423,Circular Fund Flow
93,batch_93_loop_1,1,EMP_FRAUD_C -> VEND_SHELL_C -> SUB_PAYBACK_C -> EMP_FRAUD_C,EMP_FRAUD_C,VEND_SHELL_C,0.0,Historical,88.91,439,Circular Fund Flow
93,batch_93_loop_1,2,EMP_FRAUD_C -> VEND_SHELL_C -> SUB_PAYBACK_C -> EMP_FRAUD_C,VEND_SHELL_C,SUB_PAYBACK_C,0.0,Historical,91.02,439,Circular Fund Flow
93,batch_93_loop_1,3,EMP_FRAUD_C -> VEND_SHELL_C -> SUB_PAYBACK_C -> EMP_FRAUD_C,SUB_PAYBACK_C,EMP_FRAUD_C,0.0,Historical,88.47,439,Circular Fund Flow
93,batch_93_loop_2,1,EMP_FRAUD_B -> VEND_SHELL_B -> SUB_PAYBACK_B -> EMP_FRAUD_B,EMP_FRAUD_B,VEND_SHELL_B,0.0,Historical,91.83,439,Circular Fund Flow
93,batch_93_loop_2,2,EMP_FRAUD_B -> VEND_SHELL_B -> SUB_PAYBACK_B -> EMP_FRAUD_B,VEND_SHELL_B,SUB_PAYBACK_B,0.0,Historical,98.71,439,Circular Fund Flow
93,batch_93_loop_2,3,EMP_FRAUD_B -> VEND_SHELL_B -> SUB_PAYBACK_B -> EMP_FRAUD_B,SUB_PAYBACK_B,EMP_FRAUD_B,0.0,Historical,91.29,439,Circular Fund Flow
93,batch_93_loop_3,1,EMP_FRAUD_A -> VEND_SHELL_A -> SUB_PAYBACK_A -> EMP_FRAUD_A,EMP_FRAUD_A,VEND_SHELL_A,0.0,Historical,85.57,439,Circular Fund Flow
93,batch_93_loop_3,2,EMP_FRAUD_A -> VEND_SHELL_A -> SUB_PAYBACK_A -> EMP_FRAUD_A,VEND_SHELL_A,SUB_PAYBACK_A,0.0,Historical,85.71,439,Circular Fund Flow
93,batch_93_loop_3,3,EMP_FRAUD_A -> VEND_SHELL_A -> SUB_PAYBACK_A -> EMP_FRAUD_A,SUB_PAYBACK_A,EMP_FRAUD_A,0.0,Historical,94.19,439,Circular Fund Flow
94,batch_94_loop_1,1,EMP_FRAUD_C -> VEND_SHELL_C -> SUB_PAYBACK_C -> EMP_FRAUD_C,EMP_FRAUD_C,VEND_SHELL_C,0.0,Historical,97.8,441,Circular Fund Flow
94,batch_94_loop_1,2,EMP_FRAUD_C -> VEND_SHELL_C -> SUB_PAYBACK_C -> EMP_FRAUD_C,VEND_SHELL_C,SUB_PAYBACK_C,0.0,Historical,94.81,441,Circular Fund Flow
94,batch_94_loop_1,3,EMP_FRAUD_C -> VEND_SHELL_C -> SUB_PAYBACK_C -> EMP_FRAUD_C,SUB_PAYBACK_C,EMP_FRAUD_C,0.0,Historical,93.51,441,Circular Fund Flow
94,batch_94_loop_2,1,EMP_FRAUD_B -> VEND_SHELL_B -> SUB_PAYBACK_B -> EMP_FRAUD_B,EMP_FRAUD_B,VEND_SHELL_B,0.0,Historical,88.37,441,Circular Fund Flow
94,batch_94_loop_2,2,EMP_FRAUD_B -> VEND_SHELL_B -> SUB_PAYBACK_B -> EMP_FRAUD_B,VEND_SHELL_B,SUB_PAYBACK_B,0.0,Historical,97.9,441,Circular Fund Flow
94,batch_94_loop_2,3,EMP_FRAUD_B -> VEND_SHELL_B -> SUB_PAYBACK_B -> EMP_FRAUD_B,SUB_PAYBACK_B,EMP_FRAUD_B,0.0,Historical,98.63,441,Circular Fund Flow
94,batch_94_loop_3,1,EMP_FRAUD_A -> VEND_SHELL_A -> SUB_PAYBACK_A -> EMP_FRAUD_A,EMP_FRAUD_A,VEND_SHELL_A,0.0,Historical,85.02,441,Circular Fund Flow
94,batch_94_loop_3,2,EMP_FRAUD_A -> VEND_SHELL_A -> SUB_PAYBACK_A -> EMP_FRAUD_A,VEND_SHELL_A,SUB_PAYBACK_A,0.0,Historical,87.88,441,Circular Fund Flow
94,batch_94_loop_3,3,EMP_FRAUD_A -> VEND_SHELL_A -> SUB_PAYBACK_A -> EMP_FRAUD_A,SUB_PAYBACK_A,EMP_FRAUD_A,0.0,Historical,87.57,441,Circular Fund Flow
95,batch_95_loop_1,1,EMP_FRAUD_C -> VEND_SHELL_C -> SUB_PAYBACK_C -> EMP_FRAUD_C,EMP_FRAUD_C,VEND_SHELL_C,0.0,Historical,86.21,451,Circular Fund Flow
95,batch_95_loop_1,2,EMP_FRAUD_C -> VEND_SHELL_C -> SUB_PAYBACK_C -> EMP_FRAUD_C,VEND_SHELL_C,SUB_PAYBACK_C,0.0,Historical,93.0,451,Circular Fund Flow
95,batch_95_loop_1,3,EMP_FRAUD_C -> VEND_SHELL_C -> SUB_PAYBACK_C -> EMP_FRAUD_C,SUB_PAYBACK_C,EMP_FRAUD_C,0.0,Historical,89.47,451,Circular Fund Flow
95,batch_95_loop_2,1,EMP_FRAUD_B -> VEND_SHELL_B -> SUB_PAYBACK_B -> EMP_FRAUD_B,EMP_FRAUD_B,VEND_SHELL_B,0.0,Historical,91.43,451,Circular Fund Flow
95,batch_95_loop_2,2,EMP_FRAUD_B -> VEND_SHELL_B -> SUB_PAYBACK_B -> EMP_FRAUD_B,VEND_SHELL_B,SUB_PAYBACK_B,0.0,Historical,94.93,451,Circular Fund Flow
95,batch_95_loop_2,3,EMP_FRAUD_B -> VEND_SHELL_B -> SUB_PAYBACK_B -> EMP_FRAUD_B,SUB_PAYBACK_B,EMP_FRAUD_B,0.0,Historical,87.01,451,Circular Fund Flow
95,batch_95_loop_3,1,EMP_FRAUD_A -> VEND_SHELL_A -> SUB_PAYBACK_A -> EMP_FRAUD_A,EMP_FRAUD_A,VEND_SHELL_A,0.0,Historical,89.18,451,Circular Fund Flow
95,batch_95_loop_3,2,EMP_FRAUD_A -> VEND_SHELL_A -> SUB_PAYBACK_A -> EMP_FRAUD_A,VEND_SHELL_A,SUB_PAYBACK_A,0.0,Historical,88.24,451,Circular Fund Flow
95,batch_95_loop_3,3,EMP_FRAUD_A -> VEND_SHELL_A -> SUB_PAYBACK_A -> EMP_FRAUD_A,SUB_PAYBACK_A,EMP_FRAUD_A,0.0,Historical,98.56,451,Circular Fund Flow
96,batch_96_loop_1,1,EMP_FRAUD_C -> VEND_SHELL_C -> SUB_PAYBACK_C -> EMP_FRAUD_C,EMP_FRAUD_C,VEND_SHELL_C,0.0,Historical,96.49,454,Circular Fund Flow
96,batch_96_loop_1,2,EMP_FRAUD_C -> VEND_SHELL_C -> SUB_PAYBACK_C -> EMP_FRAUD_C,VEND_SHELL_C,SUB_PAYBACK_C,0.0,Historical,94.14,454,Circular Fund Flow
96,batch_96_loop_1,3,EMP_FRAUD_C -> VEND_SHELL_C -> SUB_PAYBACK_C -> EMP_FRAUD_C,SUB_PAYBACK_C,EMP_FRAUD_C,0.0,Historical,88.69,454,Circular Fund Flow
96,batch_96_loop_2,1,EMP_FRAUD_B -> VEND_SHELL_B -> SUB_PAYBACK_B -> EMP_FRAUD_B,EMP_FRAUD_B,VEND_SHELL_B,0.0,Historical,90.0,454,Circular Fund Flow
96,batch_96_loop_2,2,EMP_FRAUD_B -> VEND_SHELL_B -> SUB_PAYBACK_B -> EMP_FRAUD_B,VEND_SHELL_B,SUB_PAYBACK_B,0.0,Historical,97.76,454,Circular Fund Flow
96,batch_96_loop_2,3,EMP_FRAUD_B -> VEND_SHELL_B -> SUB_PAYBACK_B -> EMP_FRAUD_B,SUB_PAYBACK_B,EMP_FRAUD_B,0.0,Historical,94.06,454,Circular Fund Flow
96,batch_96_loop_3,1,EMP_FRAUD_A -> VEND_SHELL_A -> SUB_PAYBACK_A -> EMP_FRAUD_A,EMP_FRAUD_A,VEND_SHELL_A,0.0,Historical,94.41,454,Circular Fund Flow
96,batch_96_loop_3,2,EMP_FRAUD_A -> VEND_SHELL_A -> SUB_PAYBACK_A -> EMP_FRAUD_A,VEND_SHELL_A,SUB_PAYBACK_A,0.0,Historical,87.58,454,Circular Fund Flow
96,batch_96_loop_3,3,EMP_FRAUD_A -> VEND_SHELL_A -> SUB_PAYBACK_A -> EMP_FRAUD_A,SUB_PAYBACK_A,EMP_FRAUD_A,0.0,Historical,97.39,454,Circular Fund Flow
97,batch_97_loop_1,1,EMP_FRAUD_C -> VEND_SHELL_C -> SUB_PAYBACK_C -> EMP_FRAUD_C,EMP_FRAUD_C,VEND_SHELL_C,0.0,Historical,92.99,452,Circular Fund Flow
97,batch_97_loop_1,2,EMP_FRAUD_C -> VEND_SHELL_C -> SUB_PAYBACK_C -> EMP_FRAUD_C,VEND_SHELL_C,SUB_PAYBACK_C,0.0,Historical,96.22,452,Circular Fund Flow
97,batch_97_loop_1,3,EMP_FRAUD_C -> VEND_SHELL_C -> SUB_PAYBACK_C -> EMP_FRAUD_C,SUB_PAYBACK_C,EMP_FRAUD_C,0.0,Historical,85.56,452,Circular Fund Flow
97,batch_97_loop_2,1,EMP_FRAUD_B -> VEND_SHELL_B -> SUB_PAYBACK_B -> EMP_FRAUD_B,EMP_FRAUD_B,VEND_SHELL_B,0.0,Historical,93.96,452,Circular Fund Flow
97,batch_97_loop_2,2,EMP_FRAUD_B -> VEND_SHELL_B -> SUB_PAYBACK_B -> EMP_FRAUD_B,VEND_SHELL_B,SUB_PAYBACK_B,0.0,Historical,92.76,452,Circular Fund Flow
97,batch_97_loop_2,3,EMP_FRAUD_B -> VEND_SHELL_B -> SUB_PAYBACK_B -> EMP_FRAUD_B,SUB_PAYBACK_B,EMP_FRAUD_B,0.0,Historical,91.95,452,Circular Fund Flow
97,batch_97_loop_3,1,EMP_FRAUD_A -> VEND_SHELL_A -> SUB_PAYBACK_A -> EMP_FRAUD_A,EMP_FRAUD_A,VEND_SHELL_A,0.0,Historical,91.61,452,Circular Fund Flow
97,batch_97_loop_3,2,EMP_FRAUD_A -> VEND_SHELL_A -> SUB_PAYBACK_A -> EMP_FRAUD_A,VEND_SHELL_A,SUB_PAYBACK_A,0.0,Historical,92.88,452,Circular Fund Flow
97,batch_97_loop_3,3,EMP_FRAUD_A -> VEND_SHELL_A -> SUB_PAYBACK_A -> EMP_FRAUD_A,SUB_PAYBACK_A,EMP_FRAUD_A,0.0,Historical,88.1,452,Circular Fund Flow
98,batch_98_loop_1,1,EMP_FRAUD_C -> VEND_SHELL_C -> SUB_PAYBACK_C -> EMP_FRAUD_C,EMP_FRAUD_C,VEND_SHELL_C,0.0,Historical,97.84,452,Circular Fund Flow
98,batch_98_loop_1,2,EMP_FRAUD_C -> VEND_SHELL_C -> SUB_PAYBACK_C -> EMP_FRAUD_C,VEND_SHELL_C,SUB_PAYBACK_C,0.0,Historical,92.31,452,Circular Fund Flow
98,batch_98_loop_1,3,EMP_FRAUD_C -> VEND_SHELL_C -> SUB_PAYBACK_C -> EMP_FRAUD_C,SUB_PAYBACK_C,EMP_FRAUD_C,0.0,Historical,95.0,452,Circular Fund Flow
98,batch_98_loop_2,1,EMP_FRAUD_B -> VEND_SHELL_B -> SUB_PAYBACK_B -> EMP_FRAUD_B,EMP_FRAUD_B,VEND_SHELL_B,0.0,Historical,98.44,452,Circular Fund Flow
98,batch_98_loop_2,2,EMP_FRAUD_B -> VEND_SHELL_B -> SUB_PAYBACK_B -> EMP_FRAUD_B,VEND_SHELL_B,SUB_PAYBACK_B,0.0,Historical,89.21,452,Circular Fund Flow
98,batch_98_loop_2,3,EMP_FRAUD_B -> VEND_SHELL_B -> SUB_PAYBACK_B -> EMP_FRAUD_B,SUB_PAYBACK_B,EMP_FRAUD_B,0.0,Historical,88.43,452,Circular Fund Flow
98,batch_98_loop_3,1,EMP_FRAUD_A -> VEND_SHELL_A -> SUB_PAYBACK_A -> EMP_FRAUD_A,EMP_FRAUD_A,VEND_SHELL_A,0.0,Historical,98.78,452,Circular Fund Flow
98,batch_98_loop_3,2,EMP_FRAUD_A -> VEND_SHELL_A -> SUB_PAYBACK_A -> EMP_FRAUD_A,VEND_SHELL_A,SUB_PAYBACK_A,0.0,Historical,90.68,452,Circular Fund Flow
98,batch_98_loop_3,3,EMP_FRAUD_A -> VEND_SHELL_A -> SUB_PAYBACK_A -> EMP_FRAUD_A,SUB_PAYBACK_A,EMP_FRAUD_A,0.0,Historical,90.54,452,Circular Fund Flow
99,batch_99_loop_1,1,EMP_FRAUD_C -> VEND_SHELL_C -> SUB_PAYBACK_C -> EMP_FRAUD_C,EMP_FRAUD_C,VEND_SHELL_C,0.0,Historical,98.93,441,Circular Fund Flow
99,batch_99_loop_1,2,EMP_FRAUD_C -> VEND_SHELL_C -> SUB_PAYBACK_C -> EMP_FRAUD_C,VEND_SHELL_C,SUB_PAYBACK_C,0.0,Historical,92.82,441,Circular Fund Flow
99,batch_99_loop_1,3,EMP_FRAUD_C -> VEND_SHELL_C -> SUB_PAYBACK_C -> EMP_FRAUD_C,SUB_PAYBACK_C,EMP_FRAUD_C,0.0,Historical,96.03,441,Circular Fund Flow
99,batch_99_loop_2,1,EMP_FRAUD_B -> VEND_SHELL_B -> SUB_PAYBACK_B -> EMP_FRAUD_B,EMP_FRAUD_B,VEND_SHELL_B,0.0,Historical,94.39,441,Circular Fund Flow
99,batch_99_loop_2,2,EMP_FRAUD_B -> VEND_SHELL_B -> SUB_PAYBACK_B -> EMP_FRAUD_B,VEND_SHELL_B,SUB_PAYBACK_B,0.0,Historical,91.78,441,Circular Fund Flow
99,batch_99_loop_2,3,EMP_FRAUD_B -> VEND_SHELL_B -> SUB_PAYBACK_B -> EMP_FRAUD_B,SUB_PAYBACK_B,EMP_FRAUD_B,0.0,Historical,92.65,441,Circular Fund Flow
99,batch_99_loop_3,1,EMP_FRAUD_A -> VEND_SHELL_A -> SUB_PAYBACK_A -> EMP_FRAUD_A,EMP_FRAUD_A,VEND_SHELL_A,0.0,Historical,85.49,441,Circular Fund Flow
99,batch_99_loop_3,2,EMP_FRAUD_A -> VEND_SHELL_A -> SUB_PAYBACK_A -> EMP_FRAUD_A,VEND_SHELL_A,SUB_PAYBACK_A,0.0,Historical,89.54,441,Circular Fund Flow
99,batch_99_loop_3,3,EMP_FRAUD_A -> VEND_SHELL_A -> SUB_PAYBACK_A -> EMP_FRAUD_A,SUB_PAYBACK_A,EMP_FRAUD_A,0.0,Historical,98.83,441,Circular Fund Flow
100,batch_100_loop_1,1,EMP_FRAUD_C -> VEND_SHELL_C -> SUB_PAYBACK_C -> EMP_FRAUD_C,EMP_FRAUD_C,VEND_SHELL_C,0.0,Historical,89.64,448,Circular Fund Flow
100,batch_100_loop_1,2,EMP_FRAUD_C -> VEND_SHELL_C -> SUB_PAYBACK_C -> EMP_FRAUD_C,VEND_SHELL_C,SUB_PAYBACK_C,0.0,Historical,92.11,448,Circular Fund Flow
100,batch_100_loop_1,3,EMP_FRAUD_C -> VEND_SHELL_C -> SUB_PAYBACK_C -> EMP_FRAUD_C,SUB_PAYBACK_C,EMP_FRAUD_C,0.0,Historical,90.3,448,Circular Fund Flow
100,batch_100_loop_2,1,EMP_FRAUD_B -> VEND_SHELL_B -> SUB_PAYBACK_B -> EMP_FRAUD_B,EMP_FRAUD_B,VEND_SHELL_B,0.0,Historical,94.96,448,Circular Fund Flow
100,batch_100_loop_2,2,EMP_FRAUD_B -> VEND_SHELL_B -> SUB_PAYBACK_B -> EMP_FRAUD_B,VEND_SHELL_B,SUB_PAYBACK_B,0.0,Historical,93.74,448,Circular Fund Flow
100,batch_100_loop_2,3,EMP_FRAUD_B -> VEND_SHELL_B -> SUB_PAYBACK_B -> EMP_FRAUD_B,SUB_PAYBACK_B,EMP_FRAUD_B,0.0,Historical,98.3,448,Circular Fund Flow
100,batch_100_loop_3,1,EMP_FRAUD_A -> VEND_SHELL_A -> SUB_PAYBACK_A -> EMP_FRAUD_A,EMP_FRAUD_A,VEND_SHELL_A,0.0,Historical,95.44,448,Circular Fund Flow
100,batch_100_loop_3,2,EMP_FRAUD_A -> VEND_SHELL_A -> SUB_PAYBACK_A -> EMP_FRAUD_A,VEND_SHELL_A,SUB_PAYBACK_A,0.0,Historical,91.11,448,Circular Fund Flow
100,batch_100_loop_3,3,EMP_FRAUD_A -> VEND_SHELL_A -> SUB_PAYBACK_A -> EMP_FRAUD_A,SUB_PAYBACK_A,EMP_FRAUD_A,0.0,Historical,91.17,448,Circular Fund Flow
101,batch_101_loop_1,1,EMP_FRAUD_C -> VEND_SHELL_C -> SUB_PAYBACK_C -> EMP_FRAUD_C,EMP_FRAUD_C,VEND_SHELL_C,0.0,Historical,96.02,448,Circular Fund Flow
101,batch_101_loop_1,2,EMP_FRAUD_C -> VEND_SHELL_C -> SUB_PAYBACK_C -> EMP_FRAUD_C,VEND_SHELL_C,SUB_PAYBACK_C,0.0,Historical,95.59,448,Circular Fund Flow
101,batch_101_loop_1,3,EMP_FRAUD_C -> VEND_SHELL_C -> SUB_PAYBACK_C -> EMP_FRAUD_C,SUB_PAYBACK_C,EMP_FRAUD_C,0.0,Historical,89.62,448,Circular Fund Flow
101,batch_101_loop_2,1,EMP_FRAUD_B -> VEND_SHELL_B -> SUB_PAYBACK_B -> EMP_FRAUD_B,EMP_FRAUD_B,VEND_SHELL_B,0.0,Historical,92.25,448,Circular Fund Flow
101,batch_101_loop_2,2,EMP_FRAUD_B -> VEND_SHELL_B -> SUB_PAYBACK_B -> EMP_FRAUD_B,VEND_SHELL_B,SUB_PAYBACK_B,0.0,Historical,93.22,448,Circular Fund Flow
101,batch_101_loop_2,3,EMP_FRAUD_B -> VEND_SHELL_B -> SUB_PAYBACK_B -> EMP_FRAUD_B,SUB_PAYBACK_B,EMP_FRAUD_B,0.0,Historical,94.83,448,Circular Fund Flow
101,batch_101_loop_3,1,EMP_FRAUD_A -> VEND_SHELL_A -> SUB_PAYBACK_A -> EMP_FRAUD_A,EMP_FRAUD_A,VEND_SHELL_A,0.0,Historical,89.77,448,Circular Fund Flow
101,batch_101_loop_3,2,EMP_FRAUD_A -> VEND_SHELL_A -> SUB_PAYBACK_A -> EMP_FRAUD_A,VEND_SHELL_A,SUB_PAYBACK_A,0.0,Historical,88.82,448,Circular Fund Flow
101,batch_101_loop_3,3,EMP_FRAUD_A -> VEND_SHELL_A -> SUB_PAYBACK_A -> EMP_FRAUD_A,SUB_PAYBACK_A,EMP_FRAUD_A,0.0,Historical,96.17,448,Circular Fund Flow
102,batch_102_loop_1,1,EMP_FRAUD_C -> VEND_SHELL_C -> SUB_PAYBACK_C -> EMP_FRAUD_C,EMP_FRAUD_C,VEND_SHELL_C,0.0,Historical,87.35,451,Circular Fund Flow
102,batch_102_loop_1,2,EMP_FRAUD_C -> VEND_SHELL_C -> SUB_PAYBACK_C -> EMP_FRAUD_C,VEND_SHELL_C,SUB_PAYBACK_C,0.0,Historical,85.56,451,Circular Fund Flow
102,batch_102_loop_1,3,EMP_FRAUD_C -> VEND_SHELL_C -> SUB_PAYBACK_C -> EMP_FRAUD_C,SUB_PAYBACK_C,EMP_FRAUD_C,0.0,Historical,86.04,451,Circular Fund Flow
102,batch_102_loop_2,1,EMP_FRAUD_B -> VEND_SHELL_B -> SUB_PAYBACK_B -> EMP_FRAUD_B,EMP_FRAUD_B,VEND_SHELL_B,0.0,Historical,95.64,451,Circular Fund Flow
102,batch_102_loop_2,2,EMP_FRAUD_B -> VEND_SHELL_B -> SUB_PAYBACK_B -> EMP_FRAUD_B,VEND_SHELL_B,SUB_PAYBACK_B,0.0,Historical,91.3,451,Circular Fund Flow
102,batch_102_loop_2,3,EMP_FRAUD_B -> VEND_SHELL_B -> SUB_PAYBACK_B -> EMP_FRAUD_B,SUB_PAYBACK_B,EMP_FRAUD_B,0.0,Historical,98.58,451,Circular Fund Flow
102,batch_102_loop_3,1,EMP_FRAUD_A -> VEND_SHELL_A -> SUB_PAYBACK_A -> EMP_FRAUD_A,EMP_FRAUD_A,VEND_SHELL_A,0.0,Historical,86.16,451,Circular Fund Flow
102,batch_102_loop_3,2,EMP_FRAUD_A -> VEND_SHELL_A -> SUB_PAYBACK_A -> EMP_FRAUD_A,VEND_SHELL_A,SUB_PAYBACK_A,0.0,Historical,87.51,451,Circular Fund Flow
102,batch_102_loop_3,3,EMP_FRAUD_A -> VEND_SHELL_A -> SUB_PAYBACK_A -> EMP_FRAUD_A,SUB_PAYBACK_A,EMP_FRAUD_A,0.0,Historical,96.67,451,Circular Fund Flow
103,batch_103_loop_1,1,EMP_FRAUD_C -> VEND_SHELL_C -> SUB_PAYBACK_C -> EMP_FRAUD_C,EMP_FRAUD_C,VEND_SHELL_C,0.0,Historical,90.22,453,Circular Fund Flow
103,batch_103_loop_1,2,EMP_FRAUD_C -> VEND_SHELL_C -> SUB_PAYBACK_C -> EMP_FRAUD_C,VEND_SHELL_C,SUB_PAYBACK_C,0.0,Historical,93.75,453,Circular Fund Flow
103,batch_103_loop_1,3,EMP_FRAUD_C -> VEND_SHELL_C -> SUB_PAYBACK_C -> EMP_FRAUD_C,SUB_PAYBACK_C,EMP_FRAUD_C,0.0,Historical,86.15,453,Circular Fund Flow
103,batch_103_loop_2,1,EMP_FRAUD_B -> VEND_SHELL_B -> SUB_PAYBACK_B -> EMP_FRAUD_B,EMP_FRAUD_B,VEND_SHELL_B,0.0,Historical,87.63,453,Circular Fund Flow
103,batch_103_loop_2,2,EMP_FRAUD_B -> VEND_SHELL_B -> SUB_PAYBACK_B -> EMP_FRAUD_B,VEND_SHELL_B,SUB_PAYBACK_B,0.0,Historical,98.58,453,Circular Fund Flow
103,batch_103_loop_2,3,EMP_FRAUD_B -> VEND_SHELL_B -> SUB_PAYBACK_B -> EMP_FRAUD_B,SUB_PAYBACK_B,EMP_FRAUD_B,0.0,Historical,98.41,453,Circular Fund Flow
103,batch_103_loop_3,1,EMP_FRAUD_A -> VEND_SHELL_A -> SUB_PAYBACK_A -> EMP_FRAUD_A,EMP_FRAUD_A,VEND_SHELL_A,0.0,Historical,97.99,453,Circular Fund Flow
103,batch_103_loop_3,2,EMP_FRAUD_A -> VEND_SHELL_A -> SUB_PAYBACK_A -> EMP_FRAUD_A,VEND_SHELL_A,SUB_PAYBACK_A,0.0,Historical,96.58,453,Circular Fund Flow
103,batch_103_loop_3,3,EMP_FRAUD_A -> VEND_SHELL_A -> SUB_PAYBACK_A -> EMP_FRAUD_A,SUB_PAYBACK_A,EMP_FRAUD_A,0.0,Historical,85.48,453,Circular Fund Flow
104,batch_104_loop_1,1,EMP_FRAUD_C -> VEND_SHELL_C -> SUB_PAYBACK_C -> EMP_FRAUD_C,EMP_FRAUD_C,VEND_SHELL_C,0.0,Historical,98.15,449,Circular Fund Flow
104,batch_104_loop_1,2,EMP_FRAUD_C -> VEND_SHELL_C -> SUB_PAYBACK_C -> EMP_FRAUD_C,VEND_SHELL_C,SUB_PAYBACK_C,0.0,Historical,87.05,449,Circular Fund Flow
104,batch_104_loop_1,3,EMP_FRAUD_C -> VEND_SHELL_C -> SUB_PAYBACK_C -> EMP_FRAUD_C,SUB_PAYBACK_C,EMP_FRAUD_C,0.0,Historical,98.23,449,Circular Fund Flow
104,batch_104_loop_2,1,EMP_FRAUD_B -> VEND_SHELL_B -> SUB_PAYBACK_B -> EMP_FRAUD_B,EMP_FRAUD_B,VEND_SHELL_B,0.0,Historical,98.94,449,Circular Fund Flow
104,batch_104_loop_2,2,EMP_FRAUD_B -> VEND_SHELL_B -> SUB_PAYBACK_B -> EMP_FRAUD_B,VEND_SHELL_B,SUB_PAYBACK_B,0.0,Historical,86.54,449,Circular Fund Flow
104,batch_104_loop_2,3,EMP_FRAUD_B -> VEND_SHELL_B -> SUB_PAYBACK_B -> EMP_FRAUD_B,SUB_PAYBACK_B,EMP_FRAUD_B,0.0,Historical,89.36,449,Circular Fund Flow
104,batch_104_loop_3,1,EMP_FRAUD_A -> VEND_SHELL_A -> SUB_PAYBACK_A -> EMP_FRAUD_A,EMP_FRAUD_A,VEND_SHELL_A,0.0,Historical,87.65,449,Circular Fund Flow
104,batch_104_loop_3,2,EMP_FRAUD_A -> VEND_SHELL_A -> SUB_PAYBACK_A -> EMP_FRAUD_A,VEND_SHELL_A,SUB_PAYBACK_A,0.0,Historical,95.5,449,Circular Fund Flow
104,batch_104_loop_3,3,EMP_FRAUD_A -> VEND_SHELL_A -> SUB_PAYBACK_A -> EMP_FRAUD_A,SUB_PAYBACK_A,EMP_FRAUD_A,0.0,Historical,90.84,449,Circular Fund Flow
105,batch_105_loop_1,1,EMP_FRAUD_C -> VEND_SHELL_C -> SUB_PAYBACK_C -> EMP_FRAUD_C,EMP_FRAUD_C,VEND_SHELL_C,0.0,Historical,90.43,451,Circular Fund Flow
105,batch_105_loop_1,2,EMP_FRAUD_C -> VEND_SHELL_C -> SUB_PAYBACK_C -> EMP_FRAUD_C,VEND_SHELL_C,SUB_PAYBACK_C,0.0,Historical,97.02,451,Circular Fund Flow
105,batch_105_loop_1,3,EMP_FRAUD_C -> VEND_SHELL_C -> SUB_PAYBACK_C -> EMP_FRAUD_C,SUB_PAYBACK_C,EMP_FRAUD_C,0.0,Historical,91.38,451,Circular Fund Flow
105,batch_105_loop_2,1,EMP_FRAUD_B -> VEND_SHELL_B -> SUB_PAYBACK_B -> EMP_FRAUD_B,EMP_FRAUD_B,VEND_SHELL_B,0.0,Historical,96.34,451,Circular Fund Flow
105,batch_105_loop_2,2,EMP_FRAUD_B -> VEND_SHELL_B -> SUB_PAYBACK_B -> EMP_FRAUD_B,VEND_SHELL_B,SUB_PAYBACK_B,0.0,Historical,98.1,451,Circular Fund Flow
105,batch_105_loop_2,3,EMP_FRAUD_B -> VEND_SHELL_B -> SUB_PAYBACK_B -> EMP_FRAUD_B,SUB_PAYBACK_B,EMP_FRAUD_B,0.0,Historical,97.45,451,Circular Fund Flow
105,batch_105_loop_3,1,EMP_FRAUD_A -> VEND_SHELL_A -> SUB_PAYBACK_A -> EMP_FRAUD_A,EMP_FRAUD_A,VEND_SHELL_A,0.0,Historical,95.78,451,Circular Fund Flow
105,batch_105_loop_3,2,EMP_FRAUD_A -> VEND_SHELL_A -> SUB_PAYBACK_A -> EMP_FRAUD_A,VEND_SHELL_A,SUB_PAYBACK_A,0.0,Historical,88.73,451,Circular Fund Flow
105,batch_105_loop_3,3,EMP_FRAUD_A -> VEND_SHELL_A -> SUB_PAYBACK_A -> EMP_FRAUD_A,SUB_PAYBACK_A,EMP_FRAUD_A,0.0,Historical,91.33,451,Circular Fund Flow
106,batch_106_loop_1,1,EMP_FRAUD_C -> VEND_SHELL_C -> SUB_PAYBACK_C -> EMP_FRAUD_C,EMP_FRAUD_C,VEND_SHELL_C,0.0,Historical,94.43,449,Circular Fund Flow
106,batch_106_loop_1,2,EMP_FRAUD_C -> VEND_SHELL_C -> SUB_PAYBACK_C -> EMP_FRAUD_C,VEND_SHELL_C,SUB_PAYBACK_C,0.0,Historical,95.51,449,Circular Fund Flow
106,batch_106_loop_1,3,EMP_FRAUD_C -> VEND_SHELL_C -> SUB_PAYBACK_C -> EMP_FRAUD_C,SUB_PAYBACK_C,EMP_FRAUD_C,0.0,Historical,88.38,449,Circular Fund Flow
106,batch_106_loop_2,1,EMP_FRAUD_B -> VEND_SHELL_B -> SUB_PAYBACK_B -> EMP_FRAUD_B,EMP_FRAUD_B,VEND_SHELL_B,0.0,Historical,89.04,449,Circular Fund Flow
106,batch_106_loop_2,2,EMP_FRAUD_B -> VEND_SHELL_B -> SUB_PAYBACK_B -> EMP_FRAUD_B,VEND_SHELL_B,SUB_PAYBACK_B,0.0,Historical,96.0,449,Circular Fund Flow
106,batch_106_loop_2,3,EMP_FRAUD_B -> VEND_SHELL_B -> SUB_PAYBACK_B -> EMP_FRAUD_B,SUB_PAYBACK_B,EMP_FRAUD_B,0.0,Historical,91.36,449,Circular Fund Flow
106,batch_106_loop_3,1,EMP_FRAUD_A -> VEND_SHELL_A -> SUB_PAYBACK_A -> EMP_FRAUD_A,EMP_FRAUD_A,VEND_SHELL_A,0.0,Historical,94.43,449,Circular Fund Flow
106,batch_106_loop_3,2,EMP_FRAUD_A -> VEND_SHELL_A -> SUB_PAYBACK_A -> EMP_FRAUD_A,VEND_SHELL_A,SUB_PAYBACK_A,0.0,Historical,90.22,449,Circular Fund Flow
106,batch_106_loop_3,3,EMP_FRAUD_A -> VEND_SHELL_A -> SUB_PAYBACK_A -> EMP_FRAUD_A,SUB_PAYBACK_A,EMP_FRAUD_A,0.0,Historical,87.16,449,Circular Fund Flow
107,batch_107_loop_1,1,EMP_FRAUD_C -> VEND_SHELL_C -> SUB_PAYBACK_C -> EMP_FRAUD_C,EMP_FRAUD_C,VEND_SHELL_C,0.0,Historical,89.3,446,Circular Fund Flow
107,batch_107_loop_1,2,EMP_FRAUD_C -> VEND_SHELL_C -> SUB_PAYBACK_C -> EMP_FRAUD_C,VEND_SHELL_C,SUB_PAYBACK_C,0.0,Historical,93.06,446,Circular Fund Flow
107,batch_107_loop_1,3,EMP_FRAUD_C -> VEND_SHELL_C -> SUB_PAYBACK_C -> EMP_FRAUD_C,SUB_PAYBACK_C,EMP_FRAUD_C,0.0,Historical,97.82,446,Circular Fund Flow
107,batch_107_loop_2,1,EMP_FRAUD_B -> VEND_SHELL_B -> SUB_PAYBACK_B -> EMP_FRAUD_B,EMP_FRAUD_B,VEND_SHELL_B,0.0,Historical,95.76,446,Circular Fund Flow
107,batch_107_loop_2,2,EMP_FRAUD_B -> VEND_SHELL_B -> SUB_PAYBACK_B -> EMP_FRAUD_B,VEND_SHELL_B,SUB_PAYBACK_B,0.0,Historical,94.67,446,Circular Fund Flow
107,batch_107_loop_2,3,EMP_FRAUD_B -> VEND_SHELL_B -> SUB_PAYBACK_B -> EMP_FRAUD_B,SUB_PAYBACK_B,EMP_FRAUD_B,0.0,Historical,87.85,446,Circular Fund Flow
107,batch_107_loop_3,1,EMP_FRAUD_A -> VEND_SHELL_A -> SUB_PAYBACK_A -> EMP_FRAUD_A,EMP_FRAUD_A,VEND_SHELL_A,0.0,Historical,91.69,446,Circular Fund Flow
107,batch_107_loop_3,2,EMP_FRAUD_A -> VEND_SHELL_A -> SUB_PAYBACK_A -> EMP_FRAUD_A,VEND_SHELL_A,SUB_PAYBACK_A,0.0,Historical,87.03,446,Circular Fund Flow
107,batch_107_loop_3,3,EMP_FRAUD_A -> VEND_SHELL_A -> SUB_PAYBACK_A -> EMP_FRAUD_A,SUB_PAYBACK_A,EMP_FRAUD_A,0.0,Historical,91.67,446,Circular Fund Flow
108,batch_108_loop_1,1,EMP_FRAUD_C -> VEND_SHELL_C -> SUB_PAYBACK_C -> EMP_FRAUD_C,EMP_FRAUD_C,VEND_SHELL_C,0.0,Historical,94.39,432,Circular Fund Flow
108,batch_108_loop_1,2,EMP_FRAUD_C -> VEND_SHELL_C -> SUB_PAYBACK_C -> EMP_FRAUD_C,VEND_SHELL_C,SUB_PAYBACK_C,0.0,Historical,94.75,432,Circular Fund Flow
108,batch_108_loop_1,3,EMP_FRAUD_C -> VEND_SHELL_C -> SUB_PAYBACK_C -> EMP_FRAUD_C,SUB_PAYBACK_C,EMP_FRAUD_C,0.0,Historical,94.86,432,Circular Fund Flow
108,batch_108_loop_2,1,EMP_FRAUD_B -> VEND_SHELL_B -> SUB_PAYBACK_B -> EMP_FRAUD_B,EMP_FRAUD_B,VEND_SHELL_B,0.0,Historical,85.64,432,Circular Fund Flow
108,batch_108_loop_2,2,EMP_FRAUD_B -> VEND_SHELL_B -> SUB_PAYBACK_B -> EMP_FRAUD_B,VEND_SHELL_B,SUB_PAYBACK_B,0.0,Historical,94.0,432,Circular Fund Flow
108,batch_108_loop_2,3,EMP_FRAUD_B -> VEND_SHELL_B -> SUB_PAYBACK_B -> EMP_FRAUD_B,SUB_PAYBACK_B,EMP_FRAUD_B,0.0,Historical,90.01,432,Circular Fund Flow
108,batch_108_loop_3,1,EMP_FRAUD_A -> VEND_SHELL_A -> SUB_PAYBACK_A -> EMP_FRAUD_A,EMP_FRAUD_A,VEND_SHELL_A,0.0,Historical,90.4,432,Circular Fund Flow
108,batch_108_loop_3,2,EMP_FRAUD_A -> VEND_SHELL_A -> SUB_PAYBACK_A -> EMP_FRAUD_A,VEND_SHELL_A,SUB_PAYBACK_A,0.0,Historical,98.48,432,Circular Fund Flow
108,batch_108_loop_3,3,EMP_FRAUD_A -> VEND_SHELL_A -> SUB_PAYBACK_A -> EMP_FRAUD_A,SUB_PAYBACK_A,EMP_FRAUD_A,0.0,Historical,98.43,432,Circular Fund Flow
109,batch_109_loop_1,1,EMP_FRAUD_C -> VEND_SHELL_C -> SUB_PAYBACK_C -> EMP_FRAUD_C,EMP_FRAUD_C,VEND_SHELL_C,0.0,Historical,97.57,445,Circular Fund Flow
109,batch_109_loop_1,2,EMP_FRAUD_C -> VEND_SHELL_C -> SUB_PAYBACK_C -> EMP_FRAUD_C,VEND_SHELL_C,SUB_PAYBACK_C,0.0,Historical,95.02,445,Circular Fund Flow
109,batch_109_loop_1,3,EMP_FRAUD_C -> VEND_SHELL_C -> SUB_PAYBACK_C -> EMP_FRAUD_C,SUB_PAYBACK_C,EMP_FRAUD_C,0.0,Historical,94.63,445,Circular Fund Flow
109,batch_109_loop_2,1,EMP_FRAUD_B -> VEND_SHELL_B -> SUB_PAYBACK_B -> EMP_FRAUD_B,EMP_FRAUD_B,VEND_SHELL_B,0.0,Historical,89.02,445,Circular Fund Flow
109,batch_109_loop_2,2,EMP_FRAUD_B -> VEND_SHELL_B -> SUB_PAYBACK_B -> EMP_FRAUD_B,VEND_SHELL_B,SUB_PAYBACK_B,0.0,Historical,95.61,445,Circular Fund Flow
109,batch_109_loop_2,3,EMP_FRAUD_B -> VEND_SHELL_B -> SUB_PAYBACK_B -> EMP_FRAUD_B,SUB_PAYBACK_B,EMP_FRAUD_B,0.0,Historical,91.17,445,Circular Fund Flow
109,batch_109_loop_3,1,EMP_FRAUD_A -> VEND_SHELL_A -> SUB_PAYBACK_A -> EMP_FRAUD_A,EMP_FRAUD_A,VEND_SHELL_A,0.0,Historical,90.04,445,Circular Fund Flow
109,batch_109_loop_3,2,EMP_FRAUD_A -> VEND_SHELL_A -> SUB_PAYBACK_A -> EMP_FRAUD_A,VEND_SHELL_A,SUB_PAYBACK_A,0.0,Historical,89.75,445,Circular Fund Flow
109,batch_109_loop_3,3,EMP_FRAUD_A -> VEND_SHELL_A -> SUB_PAYBACK_A -> EMP_FRAUD_A,SUB_PAYBACK_A,EMP_FRAUD_A,0.0,Historical,97.77,445,Circular Fund Flow
110,batch_110_loop_1,1,EMP_FRAUD_C -> VEND_SHELL_C -> SUB_PAYBACK_C -> EMP_FRAUD_C,EMP_FRAUD_C,VEND_SHELL_C,0.0,Historical,98.93,442,Circular Fund Flow
110,batch_110_loop_1,2,EMP_FRAUD_C -> VEND_SHELL_C -> SUB_PAYBACK_C -> EMP_FRAUD_C,VEND_SHELL_C,SUB_PAYBACK_C,0.0,Historical,97.77,442,Circular Fund Flow
110,batch_110_loop_1,3,EMP_FRAUD_C -> VEND_SHELL_C -> SUB_PAYBACK_C -> EMP_FRAUD_C,SUB_PAYBACK_C,EMP_FRAUD_C,0.0,Historical,87.53,442,Circular Fund Flow
110,batch_110_loop_2,1,EMP_FRAUD_B -> VEND_SHELL_B -> SUB_PAYBACK_B -> EMP_FRAUD_B,EMP_FRAUD_B,VEND_SHELL_B,0.0,Historical,98.17,442,Circular Fund Flow
110,batch_110_loop_2,2,EMP_FRAUD_B -> VEND_SHELL_B -> SUB_PAYBACK_B -> EMP_FRAUD_B,VEND_SHELL_B,SUB_PAYBACK_B,0.0,Historical,90.07,442,Circular Fund Flow
110,batch_110_loop_2,3,EMP_FRAUD_B -> VEND_SHELL_B -> SUB_PAYBACK_B -> EMP_FRAUD_B,SUB_PAYBACK_B,EMP_FRAUD_B,0.0,Historical,86.53,442,Circular Fund Flow
110,batch_110_loop_3,1,EMP_FRAUD_A -> VEND_SHELL_A -> SUB_PAYBACK_A -> EMP_FRAUD_A,EMP_FRAUD_A,VEND_SHELL_A,0.0,Historical,88.32,442,Circular Fund Flow
110,batch_110_loop_3,2,EMP_FRAUD_A -> VEND_SHELL_A -> SUB_PAYBACK_A -> EMP_FRAUD_A,VEND_SHELL_A,SUB_PAYBACK_A,0.0,Historical,86.87,442,Circular Fund Flow
110,batch_110_loop_3,3,EMP_FRAUD_A -> VEND_SHELL_A -> SUB_PAYBACK_A -> EMP_FRAUD_A,SUB_PAYBACK_A,EMP_FRAUD_A,0.0,Historical,98.75,442,Circular Fund Flow
111,batch_111_loop_1,1,EMP_FRAUD_C -> VEND_SHELL_C -> SUB_PAYBACK_C -> EMP_FRAUD_C,EMP_FRAUD_C,VEND_SHELL_C,0.0,Historical,90.98,448,Circular Fund Flow
111,batch_111_loop_1,2,EMP_FRAUD_C -> VEND_SHELL_C -> SUB_PAYBACK_C -> EMP_FRAUD_C,VEND_SHELL_C,SUB_PAYBACK_C,0.0,Historical,92.24,448,Circular Fund Flow
111,batch_111_loop_1,3,EMP_FRAUD_C -> VEND_SHELL_C -> SUB_PAYBACK_C -> EMP_FRAUD_C,SUB_PAYBACK_C,EMP_FRAUD_C,0.0,Historical,89.26,448,Circular Fund Flow
111,batch_111_loop_2,1,EMP_FRAUD_B -> VEND_SHELL_B -> SUB_PAYBACK_B -> EMP_FRAUD_B,EMP_FRAUD_B,VEND_SHELL_B,0.0,Historical,90.3,448,Circular Fund Flow
111,batch_111_loop_2,2,EMP_FRAUD_B -> VEND_SHELL_B -> SUB_PAYBACK_B -> EMP_FRAUD_B,VEND_SHELL_B,SUB_PAYBACK_B,0.0,Historical,94.16,448,Circular Fund Flow
111,batch_111_loop_2,3,EMP_FRAUD_B -> VEND_SHELL_B -> SUB_PAYBACK_B -> EMP_FRAUD_B,SUB_PAYBACK_B,EMP_FRAUD_B,0.0,Historical,92.3,448,Circular Fund Flow
111,batch_111_loop_3,1,EMP_FRAUD_A -> VEND_SHELL_A -> SUB_PAYBACK_A -> EMP_FRAUD_A,EMP_FRAUD_A,VEND_SHELL_A,0.0,Historical,95.44,448,Circular Fund Flow
111,batch_111_loop_3,2,EMP_FRAUD_A -> VEND_SHELL_A -> SUB_PAYBACK_A -> EMP_FRAUD_A,VEND_SHELL_A,SUB_PAYBACK_A,0.0,Historical,94.27,448,Circular Fund Flow
111,batch_111_loop_3,3,EMP_FRAUD_A -> VEND_SHELL_A -> SUB_PAYBACK_A -> EMP_FRAUD_A,SUB_PAYBACK_A,EMP_FRAUD_A,0.0,Historical,97.92,448,Circular Fund Flow
112,batch_112_loop_1,1,EMP_FRAUD_C -> VEND_SHELL_C -> SUB_PAYBACK_C -> EMP_FRAUD_C,EMP_FRAUD_C,VEND_SHELL_C,0.0,Historical,87.92,435,Circular Fund Flow
112,batch_112_loop_1,2,EMP_FRAUD_C -> VEND_SHELL_C -> SUB_PAYBACK_C -> EMP_FRAUD_C,VEND_SHELL_C,SUB_PAYBACK_C,0.0,Historical,85.34,435,Circular Fund Flow
112,batch_112_loop_1,3,EMP_FRAUD_C -> VEND_SHELL_C -> SUB_PAYBACK_C -> EMP_FRAUD_C,SUB_PAYBACK_C,EMP_FRAUD_C,0.0,Historical,88.73,435,Circular Fund Flow
112,batch_112_loop_2,1,EMP_FRAUD_B -> VEND_SHELL_B -> SUB_PAYBACK_B -> EMP_FRAUD_B,EMP_FRAUD_B,VEND_SHELL_B,0.0,Historical,89.15,435,Circular Fund Flow
112,batch_112_loop_2,2,EMP_FRAUD_B -> VEND_SHELL_B -> SUB_PAYBACK_B -> EMP_FRAUD_B,VEND_SHELL_B,SUB_PAYBACK_B,0.0,Historical,93.13,435,Circular Fund Flow
112,batch_112_loop_2,3,EMP_FRAUD_B -> VEND_SHELL_B -> SUB_PAYBACK_B -> EMP_FRAUD_B,SUB_PAYBACK_B,EMP_FRAUD_B,0.0,Historical,88.9,435,Circular Fund Flow
112,batch_112_loop_3,1,EMP_FRAUD_A -> VEND_SHELL_A -> SUB_PAYBACK_A -> EMP_FRAUD_A,EMP_FRAUD_A,VEND_SHELL_A,0.0,Historical,89.35,435,Circular Fund Flow
112,batch_112_loop_3,2,EMP_FRAUD_A -> VEND_SHELL_A -> SUB_PAYBACK_A -> EMP_FRAUD_A,VEND_SHELL_A,SUB_PAYBACK_A,0.0,Historical,95.86,435,Circular Fund Flow
112,batch_112_loop_3,3,EMP_FRAUD_A -> VEND_SHELL_A -> SUB_PAYBACK_A -> EMP_FRAUD_A,SUB_PAYBACK_A,EMP_FRAUD_A,0.0,Historical,91.85,435,Circular Fund Flow
113,batch_113_loop_1,1,EMP_FRAUD_C -> VEND_SHELL_C -> SUB_PAYBACK_C -> EMP_FRAUD_C,EMP_FRAUD_C,VEND_SHELL_C,0.0,Historical,96.9,444,Circular Fund Flow
113,batch_113_loop_1,2,EMP_FRAUD_C -> VEND_SHELL_C -> SUB_PAYBACK_C -> EMP_FRAUD_C,VEND_SHELL_C,SUB_PAYBACK_C,0.0,Historical,94.55,444,Circular Fund Flow
113,batch_113_loop_1,3,EMP_FRAUD_C -> VEND_SHELL_C -> SUB_PAYBACK_C -> EMP_FRAUD_C,SUB_PAYBACK_C,EMP_FRAUD_C,0.0,Historical,91.45,444,Circular Fund Flow
113,batch_113_loop_2,1,EMP_FRAUD_B -> VEND_SHELL_B -> SUB_PAYBACK_B -> EMP_FRAUD_B,EMP_FRAUD_B,VEND_SHELL_B,0.0,Historical,90.77,444,Circular Fund Flow
113,batch_113_loop_2,2,EMP_FRAUD_B -> VEND_SHELL_B -> SUB_PAYBACK_B -> EMP_FRAUD_B,VEND_SHELL_B,SUB_PAYBACK_B,0.0,Historical,85.38,444,Circular Fund Flow
113,batch_113_loop_2,3,EMP_FRAUD_B -> VEND_SHELL_B -> SUB_PAYBACK_B -> EMP_FRAUD_B,SUB_PAYBACK_B,EMP_FRAUD_B,0.0,Historical,98.77,444,Circular Fund Flow
113,batch_113_loop_3,1,EMP_FRAUD_A -> VEND_SHELL_A -> SUB_PAYBACK_A -> EMP_FRAUD_A,EMP_FRAUD_A,VEND_SHELL_A,0.0,Historical,87.29,444,Circular Fund Flow
113,batch_113_loop_3,2,EMP_FRAUD_A -> VEND_SHELL_A -> SUB_PAYBACK_A -> EMP_FRAUD_A,VEND_SHELL_A,SUB_PAYBACK_A,0.0,Historical,94.63,444,Circular Fund Flow
113,batch_113_loop_3,3,EMP_FRAUD_A -> VEND_SHELL_A -> SUB_PAYBACK_A -> EMP_FRAUD_A,SUB_PAYBACK_A,EMP_FRAUD_A,0.0,Historical,90.84,444,Circular Fund Flow
114,batch_114_loop_1,1,EMP_FRAUD_C -> VEND_SHELL_C -> SUB_PAYBACK_C -> EMP_FRAUD_C,EMP_FRAUD_C,VEND_SHELL_C,0.0,Historical,93.06,443,Circular Fund Flow
114,batch_114_loop_1,2,EMP_FRAUD_C -> VEND_SHELL_C -> SUB_PAYBACK_C -> EMP_FRAUD_C,VEND_SHELL_C,SUB_PAYBACK_C,0.0,Historical,86.34,443,Circular Fund Flow
114,batch_114_loop_1,3,EMP_FRAUD_C -> VEND_SHELL_C -> SUB_PAYBACK_C -> EMP_FRAUD_C,SUB_PAYBACK_C,EMP_FRAUD_C,0.0,Historical,94.59,443,Circular Fund Flow
114,batch_114_loop_2,1,EMP_FRAUD_B -> VEND_SHELL_B -> SUB_PAYBACK_B -> EMP_FRAUD_B,EMP_FRAUD_B,VEND_SHELL_B,0.0,Historical,90.51,443,Circular Fund Flow
114,batch_114_loop_2,2,EMP_FRAUD_B -> VEND_SHELL_B -> SUB_PAYBACK_B -> EMP_FRAUD_B,VEND_SHELL_B,SUB_PAYBACK_B,0.0,Historical,89.52,443,Circular Fund Flow
114,batch_114_loop_2,3,EMP_FRAUD_B -> VEND_SHELL_B -> SUB_PAYBACK_B -> EMP_FRAUD_B,SUB_PAYBACK_B,EMP_FRAUD_B,0.0,Historical,90.35,443,Circular Fund Flow
114,batch_114_loop_3,1,EMP_FRAUD_A -> VEND_SHELL_A -> SUB_PAYBACK_A -> EMP_FRAUD_A,EMP_FRAUD_A,VEND_SHELL_A,0.0,Historical,89.91,443,Circular Fund Flow
114,batch_114_loop_3,2,EMP_FRAUD_A -> VEND_SHELL_A -> SUB_PAYBACK_A -> EMP_FRAUD_A,VEND_SHELL_A,SUB_PAYBACK_A,0.0,Historical,91.68,443,Circular Fund Flow
114,batch_114_loop_3,3,EMP_FRAUD_A -> VEND_SHELL_A -> SUB_PAYBACK_A -> EMP_FRAUD_A,SUB_PAYBACK_A,EMP_FRAUD_A,0.0,Historical,91.36,443,Circular Fund Flow
115,batch_115_loop_1,1,EMP_FRAUD_C -> VEND_SHELL_C -> SUB_PAYBACK_C -> EMP_FRAUD_C,EMP_FRAUD_C,VEND_SHELL_C,0.0,Historical,92.93,445,Circular Fund Flow
115,batch_115_loop_1,2,EMP_FRAUD_C -> VEND_SHELL_C -> SUB_PAYBACK_C -> EMP_FRAUD_C,VEND_SHELL_C,SUB_PAYBACK_C,0.0,Historical,89.4,445,Circular Fund Flow
115,batch_115_loop_1,3,EMP_FRAUD_C -> VEND_SHELL_C -> SUB_PAYBACK_C -> EMP_FRAUD_C,SUB_PAYBACK_C,EMP_FRAUD_C,0.0,Historical,95.81,445,Circular Fund Flow
115,batch_115_loop_2,1,EMP_FRAUD_B -> VEND_SHELL_B -> SUB_PAYBACK_B -> EMP_FRAUD_B,EMP_FRAUD_B,VEND_SHELL_B,0.0,Historical,90.33,445,Circular Fund Flow
115,batch_115_loop_2,2,EMP_FRAUD_B -> VEND_SHELL_B -> SUB_PAYBACK_B -> EMP_FRAUD_B,VEND_SHELL_B,SUB_PAYBACK_B,0.0,Historical,87.81,445,Circular Fund Flow
115,batch_115_loop_2,3,EMP_FRAUD_B -> VEND_SHELL_B -> SUB_PAYBACK_B -> EMP_FRAUD_B,SUB_PAYBACK_B,EMP_FRAUD_B,0.0,Historical,94.18,445,Circular Fund Flow
115,batch_115_loop_3,1,EMP_FRAUD_A -> VEND_SHELL_A -> SUB_PAYBACK_A -> EMP_FRAUD_A,EMP_FRAUD_A,VEND_SHELL_A,0.0,Historical,88.76,445,Circular Fund Flow
115,batch_115_loop_3,2,EMP_FRAUD_A -> VEND_SHELL_A -> SUB_PAYBACK_A -> EMP_FRAUD_A,VEND_SHELL_A,SUB_PAYBACK_A,0.0,Historical,98.54,445,Circular Fund Flow
115,batch_115_loop_3,3,EMP_FRAUD_A -> VEND_SHELL_A -> SUB_PAYBACK_A -> EMP_FRAUD_A,SUB_PAYBACK_A,EMP_FRAUD_A,0.0,Historical,94.68,445,Circular Fund Flow
116,batch_116_loop_1,1,EMP_FRAUD_C -> VEND_SHELL_C -> SUB_PAYBACK_C -> EMP_FRAUD_C,EMP_FRAUD_C,VEND_SHELL_C,0.0,Historical,92.07,443,Circular Fund Flow
116,batch_116_loop_1,2,EMP_FRAUD_C -> VEND_SHELL_C -> SUB_PAYBACK_C -> EMP_FRAUD_C,VEND_SHELL_C,SUB_PAYBACK_C,0.0,Historical,89.25,443,Circular Fund Flow
116,batch_116_loop_1,3,EMP_FRAUD_C -> VEND_SHELL_C -> SUB_PAYBACK_C -> EMP_FRAUD_C,SUB_PAYBACK_C,EMP_FRAUD_C,0.0,Historical,98.09,443,Circular Fund Flow
116,batch_116_loop_2,1,EMP_FRAUD_B -> VEND_SHELL_B -> SUB_PAYBACK_B -> EMP_FRAUD_B,EMP_FRAUD_B,VEND_SHELL_B,0.0,Historical,90.12,443,Circular Fund Flow
116,batch_116_loop_2,2,EMP_FRAUD_B -> VEND_SHELL_B -> SUB_PAYBACK_B -> EMP_FRAUD_B,VEND_SHELL_B,SUB_PAYBACK_B,0.0,Historical,97.13,443,Circular Fund Flow
116,batch_116_loop_2,3,EMP_FRAUD_B -> VEND_SHELL_B -> SUB_PAYBACK_B -> EMP_FRAUD_B,SUB_PAYBACK_B,EMP_FRAUD_B,0.0,Historical,98.59,443,Circular Fund Flow
116,batch_116_loop_3,1,EMP_FRAUD_A -> VEND_SHELL_A -> SUB_PAYBACK_A -> EMP_FRAUD_A,EMP_FRAUD_A,VEND_SHELL_A,0.0,Historical,93.9,443,Circular Fund Flow
116,batch_116_loop_3,2,EMP_FRAUD_A -> VEND_SHELL_A -> SUB_PAYBACK_A -> EMP_FRAUD_A,VEND_SHELL_A,SUB_PAYBACK_A,0.0,Historical,98.8,443,Circular Fund Flow
116,batch_116_loop_3,3,EMP_FRAUD_A -> VEND_SHELL_A -> SUB_PAYBACK_A -> EMP_FRAUD_A,SUB_PAYBACK_A,EMP_FRAUD_A,0.0,Historical,89.68,443,Circular Fund Flow
117,batch_117_loop_1,1,EMP_FRAUD_C -> VEND_SHELL_C -> SUB_PAYBACK_C -> EMP_FRAUD_C,EMP_FRAUD_C,VEND_SHELL_C,0.0,Historical,86.17,448,Circular Fund Flow
117,batch_117_loop_1,2,EMP_FRAUD_C -> VEND_SHELL_C -> SUB_PAYBACK_C -> EMP_FRAUD_C,VEND_SHELL_C,SUB_PAYBACK_C,0.0,Historical,89.51,448,Circular Fund Flow
117,batch_117_loop_1,3,EMP_FRAUD_C -> VEND_SHELL_C -> SUB_PAYBACK_C -> EMP_FRAUD_C,SUB_PAYBACK_C,EMP_FRAUD_C,0.0,Historical,94.74,448,Circular Fund Flow
117,batch_117_loop_2,1,EMP_FRAUD_B -> VEND_SHELL_B -> SUB_PAYBACK_B -> EMP_FRAUD_B,EMP_FRAUD_B,VEND_SHELL_B,0.0,Historical,89.22,448,Circular Fund Flow
117,batch_117_loop_2,2,EMP_FRAUD_B -> VEND_SHELL_B -> SUB_PAYBACK_B -> EMP_FRAUD_B,VEND_SHELL_B,SUB_PAYBACK_B,0.0,Historical,85.38,448,Circular Fund Flow
117,batch_117_loop_2,3,EMP_FRAUD_B -> VEND_SHELL_B -> SUB_PAYBACK_B -> EMP_FRAUD_B,SUB_PAYBACK_B,EMP_FRAUD_B,0.0,Historical,93.41,448,Circular Fund Flow
117,batch_117_loop_3,1,EMP_FRAUD_A -> VEND_SHELL_A -> SUB_PAYBACK_A -> EMP_FRAUD_A,EMP_FRAUD_A,VEND_SHELL_A,0.0,Historical,95.83,448,Circular Fund Flow
117,batch_117_loop_3,2,EMP_FRAUD_A -> VEND_SHELL_A -> SUB_PAYBACK_A -> EMP_FRAUD_A,VEND_SHELL_A,SUB_PAYBACK_A,0.0,Historical,90.62,448,Circular Fund Flow
117,batch_117_loop_3,3,EMP_FRAUD_A -> VEND_SHELL_A -> SUB_PAYBACK_A -> EMP_FRAUD_A,SUB_PAYBACK_A,EMP_FRAUD_A,0.0,Historical,89.56,448,Circular Fund Flow
118,batch_118_loop_1,1,EMP_FRAUD_C -> VEND_SHELL_C -> SUB_PAYBACK_C -> EMP_FRAUD_C,EMP_FRAUD_C,VEND_SHELL_C,0.0,Historical,93.38,452,Circular Fund Flow
118,batch_118_loop_1,2,EMP_FRAUD_C -> VEND_SHELL_C -> SUB_PAYBACK_C -> EMP_FRAUD_C,VEND_SHELL_C,SUB_PAYBACK_C,0.0,Historical,90.86,452,Circular Fund Flow
118,batch_118_loop_1,3,EMP_FRAUD_C -> VEND_SHELL_C -> SUB_PAYBACK_C -> EMP_FRAUD_C,SUB_PAYBACK_C,EMP_FRAUD_C,0.0,Historical,91.53,452,Circular Fund Flow
118,batch_118_loop_2,1,EMP_FRAUD_B -> VEND_SHELL_B -> SUB_PAYBACK_B -> EMP_FRAUD_B,EMP_FRAUD_B,VEND_SHELL_B,0.0,Historical,98.23,452,Circular Fund Flow
118,batch_118_loop_2,2,EMP_FRAUD_B -> VEND_SHELL_B -> SUB_PAYBACK_B -> EMP_FRAUD_B,VEND_SHELL_B,SUB_PAYBACK_B,0.0,Historical,94.24,452,Circular Fund Flow
118,batch_118_loop_2,3,EMP_FRAUD_B -> VEND_SHELL_B -> SUB_PAYBACK_B -> EMP_FRAUD_B,SUB_PAYBACK_B,EMP_FRAUD_B,0.0,Historical,89.96,452,Circular Fund Flow
118,batch_118_loop_3,1,EMP_FRAUD_A -> VEND_SHELL_A -> SUB_PAYBACK_A -> EMP_FRAUD_A,EMP_FRAUD_A,VEND_SHELL_A,0.0,Historical,85.25,452,Circular Fund Flow
118,batch_118_loop_3,2,EMP_FRAUD_A -> VEND_SHELL_A -> SUB_PAYBACK_A -> EMP_FRAUD_A,VEND_SHELL_A,SUB_PAYBACK_A,0.0,Historical,92.85,452,Circular Fund Flow
118,batch_118_loop_3,3,EMP_FRAUD_A -> VEND_SHELL_A -> SUB_PAYBACK_A -> EMP_FRAUD_A,SUB_PAYBACK_A,EMP_FRAUD_A,0.0,Historical,97.81,452,Circular Fund Flow
119,batch_119_loop_1,1,EMP_FRAUD_C -> VEND_SHELL_C -> SUB_PAYBACK_C -> EMP_FRAUD_C,EMP_FRAUD_C,VEND_SHELL_C,0.0,Historical,93.42,446,Circular Fund Flow
119,batch_119_loop_1,2,EMP_FRAUD_C -> VEND_SHELL_C -> SUB_PAYBACK_C -> EMP_FRAUD_C,VEND_SHELL_C,SUB_PAYBACK_C,0.0,Historical,97.14,446,Circular Fund Flow
119,batch_119_loop_1,3,EMP_FRAUD_C -> VEND_SHELL_C -> SUB_PAYBACK_C -> EMP_FRAUD_C,SUB_PAYBACK_C,EMP_FRAUD_C,0.0,Historical,94.39,446,Circular Fund Flow
119,batch_119_loop_2,1,EMP_FRAUD_B -> VEND_SHELL_B -> SUB_PAYBACK_B -> EMP_FRAUD_B,EMP_FRAUD_B,VEND_SHELL_B,0.0,Historical,90.2,446,Circular Fund Flow
119,batch_119_loop_2,2,EMP_FRAUD_B -> VEND_SHELL_B -> SUB_PAYBACK_B -> EMP_FRAUD_B,VEND_SHELL_B,SUB_PAYBACK_B,0.0,Historical,98.18,446,Circular Fund Flow
119,batch_119_loop_2,3,EMP_FRAUD_B -> VEND_SHELL_B -> SUB_PAYBACK_B -> EMP_FRAUD_B,SUB_PAYBACK_B,EMP_FRAUD_B,0.0,Historical,91.33,446,Circular Fund Flow
119,batch_119_loop_3,1,EMP_FRAUD_A -> VEND_SHELL_A -> SUB_PAYBACK_A -> EMP_FRAUD_A,EMP_FRAUD_A,VEND_SHELL_A,0.0,Historical,95.04,446,Circular Fund Flow
119,batch_119_loop_3,2,EMP_FRAUD_A -> VEND_SHELL_A -> SUB_PAYBACK_A -> EMP_FRAUD_A,VEND_SHELL_A,SUB_PAYBACK_A,0.0,Historical,94.34,446,Circular Fund Flow
119,batch_119_loop_3,3,EMP_FRAUD_A -> VEND_SHELL_A -> SUB_PAYBACK_A -> EMP_FRAUD_A,SUB_PAYBACK_A,EMP_FRAUD_A,0.0,Historical,85.11,446,Circular Fund Flow
120,batch_120_loop_1,1,EMP_FRAUD_C -> VEND_SHELL_C -> SUB_PAYBACK_C -> EMP_FRAUD_C,EMP_FRAUD_C,VEND_SHELL_C,0.0,Historical,87.01,447,Circular Fund Flow
120,batch_120_loop_1,2,EMP_FRAUD_C -> VEND_SHELL_C -> SUB_PAYBACK_C -> EMP_FRAUD_C,VEND_SHELL_C,SUB_PAYBACK_C,0.0,Historical,90.39,447,Circular Fund Flow
120,batch_120_loop_1,3,EMP_FRAUD_C -> VEND_SHELL_C -> SUB_PAYBACK_C -> EMP_FRAUD_C,SUB_PAYBACK_C,EMP_FRAUD_C,0.0,Historical,95.37,447,Circular Fund Flow
120,batch_120_loop_2,1,EMP_FRAUD_B -> VEND_SHELL_B -> SUB_PAYBACK_B -> EMP_FRAUD_B,EMP_FRAUD_B,VEND_SHELL_B,0.0,Historical,86.09,447,Circular Fund Flow
120,batch_120_loop_2,2,EMP_FRAUD_B -> VEND_SHELL_B -> SUB_PAYBACK_B -> EMP_FRAUD_B,VEND_SHELL_B,SUB_PAYBACK_B,0.0,Historical,92.93,447,Circular Fund Flow
120,batch_120_loop_2,3,EMP_FRAUD_B -> VEND_SHELL_B -> SUB_PAYBACK_B -> EMP_FRAUD_B,SUB_PAYBACK_B,EMP_FRAUD_B,0.0,Historical,91.7,447,Circular Fund Flow
120,batch_120_loop_3,1,EMP_FRAUD_A -> VEND_SHELL_A -> SUB_PAYBACK_A -> EMP_FRAUD_A,EMP_FRAUD_A,VEND_SHELL_A,0.0,Historical,92.77,447,Circular Fund Flow
120,batch_120_loop_3,2,EMP_FRAUD_A -> VEND_SHELL_A -> SUB_PAYBACK_A -> EMP_FRAUD_A,VEND_SHELL_A,SUB_PAYBACK_A,0.0,Historical,85.22,447,Circular Fund Flow
120,batch_120_loop_3,3,EMP_FRAUD_A -> VEND_SHELL_A -> SUB_PAYBACK_A -> EMP_FRAUD_A,SUB_PAYBACK_A,EMP_FRAUD_A,0.0,Historical,85.62,447,Circular Fund Flow
121,batch_121_loop_1,1,EMP_FRAUD_C -> VEND_SHELL_C -> SUB_PAYBACK_C -> EMP_FRAUD_C,EMP_FRAUD_C,VEND_SHELL_C,0.0,Historical,94.59,448,Circular Fund Flow
121,batch_121_loop_1,2,EMP_FRAUD_C -> VEND_SHELL_C -> SUB_PAYBACK_C -> EMP_FRAUD_C,VEND_SHELL_C,SUB_PAYBACK_C,0.0,Historical,88.29,448,Circular Fund Flow
121,batch_121_loop_1,3,EMP_FRAUD_C -> VEND_SHELL_C -> SUB_PAYBACK_C -> EMP_FRAUD_C,SUB_PAYBACK_C,EMP_FRAUD_C,0.0,Historical,89.86,448,Circular Fund Flow
121,batch_121_loop_2,1,EMP_FRAUD_B -> VEND_SHELL_B -> SUB_PAYBACK_B -> EMP_FRAUD_B,EMP_FRAUD_B,VEND_SHELL_B,0.0,Historical,90.32,448,Circular Fund Flow
121,batch_121_loop_2,2,EMP_FRAUD_B -> VEND_SHELL_B -> SUB_PAYBACK_B -> EMP_FRAUD_B,VEND_SHELL_B,SUB_PAYBACK_B,0.0,Historical,90.2,448,Circular Fund Flow
121,batch_121_loop_2,3,EMP_FRAUD_B -> VEND_SHELL_B -> SUB_PAYBACK_B -> EMP_FRAUD_B,SUB_PAYBACK_B,EMP_FRAUD_B,0.0,Historical,89.54,448,Circular Fund Flow
121,batch_121_loop_3,1,EMP_FRAUD_A -> VEND_SHELL_A -> SUB_PAYBACK_A -> EMP_FRAUD_A,EMP_FRAUD_A,VEND_SHELL_A,0.0,Historical,86.73,448,Circular Fund Flow
121,batch_121_loop_3,2,EMP_FRAUD_A -> VEND_SHELL_A -> SUB_PAYBACK_A -> EMP_FRAUD_A,VEND_SHELL_A,SUB_PAYBACK_A,0.0,Historical,92.2,448,Circular Fund Flow
121,batch_121_loop_3,3,EMP_FRAUD_A -> VEND_SHELL_A -> SUB_PAYBACK_A -> EMP_FRAUD_A,SUB_PAYBACK_A,EMP_FRAUD_A,0.0,Historical,85.28,448,Circular Fund Flow
122,batch_122_loop_1,1,EMP_FRAUD_C -> VEND_SHELL_C -> SUB_PAYBACK_C -> EMP_FRAUD_C,EMP_FRAUD_C,VEND_SHELL_C,0.0,Historical,92.33,449,Circular Fund Flow
122,batch_122_loop_1,2,EMP_FRAUD_C -> VEND_SHELL_C -> SUB_PAYBACK_C -> EMP_FRAUD_C,VEND_SHELL_C,SUB_PAYBACK_C,0.0,Historical,92.16,449,Circular Fund Flow
122,batch_122_loop_1,3,EMP_FRAUD_C -> VEND_SHELL_C -> SUB_PAYBACK_C -> EMP_FRAUD_C,SUB_PAYBACK_C,EMP_FRAUD_C,0.0,Historical,88.23,449,Circular Fund Flow
122,batch_122_loop_2,1,EMP_FRAUD_B -> VEND_SHELL_B -> SUB_PAYBACK_B -> EMP_FRAUD_B,EMP_FRAUD_B,VEND_SHELL_B,0.0,Historical,93.8,449,Circular Fund Flow
122,batch_122_loop_2,2,EMP_FRAUD_B -> VEND_SHELL_B -> SUB_PAYBACK_B -> EMP_FRAUD_B,VEND_SHELL_B,SUB_PAYBACK_B,0.0,Historical,86.59,449,Circular Fund Flow
122,batch_122_loop_2,3,EMP_FRAUD_B -> VEND_SHELL_B -> SUB_PAYBACK_B -> EMP_FRAUD_B,SUB_PAYBACK_B,EMP_FRAUD_B,0.0,Historical,86.66,449,Circular Fund Flow
122,batch_122_loop_3,1,EMP_FRAUD_A -> VEND_SHELL_A -> SUB_PAYBACK_A -> EMP_FRAUD_A,EMP_FRAUD_A,VEND_SHELL_A,0.0,Historical,87.85,449,Circular Fund Flow
122,batch_122_loop_3,2,EMP_FRAUD_A -> VEND_SHELL_A -> SUB_PAYBACK_A -> EMP_FRAUD_A,VEND_SHELL_A,SUB_PAYBACK_A,0.0,Historical,85.63,449,Circular Fund Flow
122,batch_122_loop_3,3,EMP_FRAUD_A -> VEND_SHELL_A -> SUB_PAYBACK_A -> EMP_FRAUD_A,SUB_PAYBACK_A,EMP_FRAUD_A,0.0,Historical,98.17,449,Circular Fund Flow
123,batch_123_loop_1,1,EMP_FRAUD_C -> VEND_SHELL_C -> SUB_PAYBACK_C -> EMP_FRAUD_C,EMP_FRAUD_C,VEND_SHELL_C,0.0,Historical,90.52,383,Circular Fund Flow
123,batch_123_loop_1,2,EMP_FRAUD_C -> VEND_SHELL_C -> SUB_PAYBACK_C -> EMP_FRAUD_C,VEND_SHELL_C,SUB_PAYBACK_C,0.0,Historical,88.47,383,Circular Fund Flow
123,batch_123_loop_1,3,EMP_FRAUD_C -> VEND_SHELL_C -> SUB_PAYBACK_C -> EMP_FRAUD_C,SUB_PAYBACK_C,EMP_FRAUD_C,0.0,Historical,93.53,383,Circular Fund Flow
123,batch_123_loop_2,1,EMP_FRAUD_B -> VEND_SHELL_B -> SUB_PAYBACK_B -> EMP_FRAUD_B,EMP_FRAUD_B,VEND_SHELL_B,0.0,Historical,90.81,383,Circular Fund Flow
123,batch_123_loop_2,2,EMP_FRAUD_B -> VEND_SHELL_B -> SUB_PAYBACK_B -> EMP_FRAUD_B,VEND_SHELL_B,SUB_PAYBACK_B,0.0,Historical,94.39,383,Circular Fund Flow
123,batch_123_loop_2,3,EMP_FRAUD_B -> VEND_SHELL_B -> SUB_PAYBACK_B -> EMP_FRAUD_B,SUB_PAYBACK_B,EMP_FRAUD_B,0.0,Historical,91.26,383,Circular Fund Flow
123,batch_123_loop_3,1,EMP_FRAUD_A -> VEND_SHELL_A -> SUB_PAYBACK_A -> EMP_FRAUD_A,EMP_FRAUD_A,VEND_SHELL_A,0.0,Historical,92.52,383,Circular Fund Flow
123,batch_123_loop_3,2,EMP_FRAUD_A -> VEND_SHELL_A -> SUB_PAYBACK_A -> EMP_FRAUD_A,VEND_SHELL_A,SUB_PAYBACK_A,0.0,Historical,94.76,383,Circular Fund Flow
123,batch_123_loop_3,3,EMP_FRAUD_A -> VEND_SHELL_A -> SUB_PAYBACK_A -> EMP_FRAUD_A,SUB_PAYBACK_A,EMP_FRAUD_A,0.0,Historical,97.83,383,Circular Fund Flow
124,batch_124_loop_1,1,EMP_FRAUD_C -> VEND_SHELL_C -> SUB_PAYBACK_C -> EMP_FRAUD_C,EMP_FRAUD_C,VEND_SHELL_C,0.0,Historical,96.54,443,Circular Fund Flow
124,batch_124_loop_1,2,EMP_FRAUD_C -> VEND_SHELL_C -> SUB_PAYBACK_C -> EMP_FRAUD_C,VEND_SHELL_C,SUB_PAYBACK_C,0.0,Historical,88.06,443,Circular Fund Flow
124,batch_124_loop_1,3,EMP_FRAUD_C -> VEND_SHELL_C -> SUB_PAYBACK_C -> EMP_FRAUD_C,SUB_PAYBACK_C,EMP_FRAUD_C,0.0,Historical,98.01,443,Circular Fund Flow
124,batch_124_loop_2,1,EMP_FRAUD_B -> VEND_SHELL_B -> SUB_PAYBACK_B -> EMP_FRAUD_B,EMP_FRAUD_B,VEND_SHELL_B,0.0,Historical,86.22,443,Circular Fund Flow
124,batch_124_loop_2,2,EMP_FRAUD_B -> VEND_SHELL_B -> SUB_PAYBACK_B -> EMP_FRAUD_B,VEND_SHELL_B,SUB_PAYBACK_B,0.0,Historical,98.82,443,Circular Fund Flow
124,batch_124_loop_2,3,EMP_FRAUD_B -> VEND_SHELL_B -> SUB_PAYBACK_B -> EMP_FRAUD_B,SUB_PAYBACK_B,EMP_FRAUD_B,0.0,Historical,92.47,443,Circular Fund Flow
124,batch_124_loop_3,1,EMP_FRAUD_A -> VEND_SHELL_A -> SUB_PAYBACK_A -> EMP_FRAUD_A,EMP_FRAUD_A,VEND_SHELL_A,0.0,Historical,90.96,443,Circular Fund Flow
124,batch_124_loop_3,2,EMP_FRAUD_A -> VEND_SHELL_A -> SUB_PAYBACK_A -> EMP_FRAUD_A,VEND_SHELL_A,SUB_PAYBACK_A,0.0,Historical,94.18,443,Circular Fund Flow
124,batch_124_loop_3,3,EMP_FRAUD_A -> VEND_SHELL_A -> SUB_PAYBACK_A -> EMP_FRAUD_A,SUB_PAYBACK_A,EMP_FRAUD_A,0.0,Historical,91.78,443,Circular Fund Flow
125,batch_125_loop_1,1,EMP_FRAUD_C -> VEND_SHELL_C -> SUB_PAYBACK_C -> EMP_FRAUD_C,EMP_FRAUD_C,VEND_SHELL_C,0.0,Historical,87.53,447,Circular Fund Flow
125,batch_125_loop_1,2,EMP_FRAUD_C -> VEND_SHELL_C -> SUB_PAYBACK_C -> EMP_FRAUD_C,VEND_SHELL_C,SUB_PAYBACK_C,0.0,Historical,91.79,447,Circular Fund Flow
125,batch_125_loop_1,3,EMP_FRAUD_C -> VEND_SHELL_C -> SUB_PAYBACK_C -> EMP_FRAUD_C,SUB_PAYBACK_C,EMP_FRAUD_C,0.0,Historical,93.16,447,Circular Fund Flow
125,batch_125_loop_2,1,EMP_FRAUD_B -> VEND_SHELL_B -> SUB_PAYBACK_B -> EMP_FRAUD_B,EMP_FRAUD_B,VEND_SHELL_B,0.0,Historical,87.07,447,Circular Fund Flow
125,batch_125_loop_2,2,EMP_FRAUD_B -> VEND_SHELL_B -> SUB_PAYBACK_B -> EMP_FRAUD_B,VEND_SHELL_B,SUB_PAYBACK_B,0.0,Historical,93.49,447,Circular Fund Flow
125,batch_125_loop_2,3,EMP_FRAUD_B -> VEND_SHELL_B -> SUB_PAYBACK_B -> EMP_FRAUD_B,SUB_PAYBACK_B,EMP_FRAUD_B,0.0,Historical,86.65,447,Circular Fund Flow
125,batch_125_loop_3,1,EMP_FRAUD_A -> VEND_SHELL_A -> SUB_PAYBACK_A -> EMP_FRAUD_A,EMP_FRAUD_A,VEND_SHELL_A,0.0,Historical,98.31,447,Circular Fund Flow
125,batch_125_loop_3,2,EMP_FRAUD_A -> VEND_SHELL_A -> SUB_PAYBACK_A -> EMP_FRAUD_A,VEND_SHELL_A,SUB_PAYBACK_A,0.0,Historical,89.94,447,Circular Fund Flow
125,batch_125_loop_3,3,EMP_FRAUD_A -> VEND_SHELL_A -> SUB_PAYBACK_A -> EMP_FRAUD_A,SUB_PAYBACK_A,EMP_FRAUD_A,0.0,Historical,85.12,447,Circular Fund Flow
126,batch_126_loop_1,1,EMP_FRAUD_C -> VEND_SHELL_C -> SUB_PAYBACK_C -> EMP_FRAUD_C,EMP_FRAUD_C,VEND_SHELL_C,0.0,Historical,91.75,445,Circular Fund Flow
126,batch_126_loop_1,2,EMP_FRAUD_C -> VEND_SHELL_C -> SUB_PAYBACK_C -> EMP_FRAUD_C,VEND_SHELL_C,SUB_PAYBACK_C,0.0,Historical,86.8,445,Circular Fund Flow
126,batch_126_loop_1,3,EMP_FRAUD_C -> VEND_SHELL_C -> SUB_PAYBACK_C -> EMP_FRAUD_C,SUB_PAYBACK_C,EMP_FRAUD_C,0.0,Historical,89.65,445,Circular Fund Flow
126,batch_126_loop_2,1,EMP_FRAUD_B -> VEND_SHELL_B -> SUB_PAYBACK_B -> EMP_FRAUD_B,EMP_FRAUD_B,VEND_SHELL_B,0.0,Historical,91.12,445,Circular Fund Flow
126,batch_126_loop_2,2,EMP_FRAUD_B -> VEND_SHELL_B -> SUB_PAYBACK_B -> EMP_FRAUD_B,VEND_SHELL_B,SUB_PAYBACK_B,0.0,Historical,94.62,445,Circular Fund Flow
126,batch_126_loop_2,3,EMP_FRAUD_B -> VEND_SHELL_B -> SUB_PAYBACK_B -> EMP_FRAUD_B,SUB_PAYBACK_B,EMP_FRAUD_B,0.0,Historical,88.74,445,Circular Fund Flow
126,batch_126_loop_3,1,EMP_FRAUD_A -> VEND_SHELL_A -> SUB_PAYBACK_A -> EMP_FRAUD_A,EMP_FRAUD_A,VEND_SHELL_A,0.0,Historical,88.33,445,Circular Fund Flow
126,batch_126_loop_3,2,EMP_FRAUD_A -> VEND_SHELL_A -> SUB_PAYBACK_A -> EMP_FRAUD_A,VEND_SHELL_A,SUB_PAYBACK_A,0.0,Historical,97.87,445,Circular Fund Flow
126,batch_126_loop_3,3,EMP_FRAUD_A -> VEND_SHELL_A -> SUB_PAYBACK_A -> EMP_FRAUD_A,SUB_PAYBACK_A,EMP_FRAUD_A,0.0,Historical,90.55,445,Circular Fund Flow
127,batch_127_loop_1,1,EMP_FRAUD_C -> VEND_SHELL_C -> SUB_PAYBACK_C -> EMP_FRAUD_C,EMP_FRAUD_C,VEND_SHELL_C,0.0,Historical,97.41,445,Circular Fund Flow
127,batch_127_loop_1,2,EMP_FRAUD_C -> VEND_SHELL_C -> SUB_PAYBACK_C -> EMP_FRAUD_C,VEND_SHELL_C,SUB_PAYBACK_C,0.0,Historical,86.05,445,Circular Fund Flow
127,batch_127_loop_1,3,EMP_FRAUD_C -> VEND_SHELL_C -> SUB_PAYBACK_C -> EMP_FRAUD_C,SUB_PAYBACK_C,EMP_FRAUD_C,0.0,Historical,90.54,445,Circular Fund Flow
127,batch_127_loop_2,1,EMP_FRAUD_B -> VEND_SHELL_B -> SUB_PAYBACK_B -> EMP_FRAUD_B,EMP_FRAUD_B,VEND_SHELL_B,0.0,Historical,94.37,445,Circular Fund Flow
127,batch_127_loop_2,2,EMP_FRAUD_B -> VEND_SHELL_B -> SUB_PAYBACK_B -> EMP_FRAUD_B,VEND_SHELL_B,SUB_PAYBACK_B,0.0,Historical,92.89,445,Circular Fund Flow
127,batch_127_loop_2,3,EMP_FRAUD_B -> VEND_SHELL_B -> SUB_PAYBACK_B -> EMP_FRAUD_B,SUB_PAYBACK_B,EMP_FRAUD_B,0.0,Historical,97.46,445,Circular Fund Flow
127,batch_127_loop_3,1,EMP_FRAUD_A -> VEND_SHELL_A -> SUB_PAYBACK_A -> EMP_FRAUD_A,EMP_FRAUD_A,VEND_SHELL_A,0.0,Historical,90.07,445,Circular Fund Flow
127,batch_127_loop_3,2,EMP_FRAUD_A -> VEND_SHELL_A -> SUB_PAYBACK_A -> EMP_FRAUD_A,VEND_SHELL_A,SUB_PAYBACK_A,0.0,Historical,98.0,445,Circular Fund Flow
127,batch_127_loop_3,3,EMP_FRAUD_A -> VEND_SHELL_A -> SUB_PAYBACK_A -> EMP_FRAUD_A,SUB_PAYBACK_A,EMP_FRAUD_A,0.0,Historical,96.53,445,Circular Fund Flow
128,batch_128_loop_1,1,EMP_FRAUD_C -> VEND_SHELL_C -> SUB_PAYBACK_C -> EMP_FRAUD_C,EMP_FRAUD_C,VEND_SHELL_C,0.0,Historical,93.96,443,Circular Fund Flow
128,batch_128_loop_1,2,EMP_FRAUD_C -> VEND_SHELL_C -> SUB_PAYBACK_C -> EMP_FRAUD_C,VEND_SHELL_C,SUB_PAYBACK_C,0.0,Historical,87.58,443,Circular Fund Flow
128,batch_128_loop_1,3,EMP_FRAUD_C -> VEND_SHELL_C -> SUB_PAYBACK_C -> EMP_FRAUD_C,SUB_PAYBACK_C,EMP_FRAUD_C,0.0,Historical,86.04,443,Circular Fund Flow
128,batch_128_loop_2,1,EMP_FRAUD_B -> VEND_SHELL_B -> SUB_PAYBACK_B -> EMP_FRAUD_B,EMP_FRAUD_B,VEND_SHELL_B,0.0,Historical,86.12,443,Circular Fund Flow
128,batch_128_loop_2,2,EMP_FRAUD_B -> VEND_SHELL_B -> SUB_PAYBACK_B -> EMP_FRAUD_B,VEND_SHELL_B,SUB_PAYBACK_B,0.0,Historical,93.81,443,Circular Fund Flow
128,batch_128_loop_2,3,EMP_FRAUD_B -> VEND_SHELL_B -> SUB_PAYBACK_B -> EMP_FRAUD_B,SUB_PAYBACK_B,EMP_FRAUD_B,0.0,Historical,91.8,443,Circular Fund Flow
128,batch_128_loop_3,1,EMP_FRAUD_A -> VEND_SHELL_A -> SUB_PAYBACK_A -> EMP_FRAUD_A,EMP_FRAUD_A,VEND_SHELL_A,0.0,Historical,97.23,443,Circular Fund Flow
128,batch_128_loop_3,2,EMP_FRAUD_A -> VEND_SHELL_A -> SUB_PAYBACK_A -> EMP_FRAUD_A,VEND_SHELL_A,SUB_PAYBACK_A,0.0,Historical,95.81,443,Circular Fund Flow
128,batch_128_loop_3,3,EMP_FRAUD_A -> VEND_SHELL_A -> SUB_PAYBACK_A -> EMP_FRAUD_A,SUB_PAYBACK_A,EMP_FRAUD_A,0.0,Historical,85.44,443,Circular Fund Flow
129,batch_129_loop_1,1,EMP_FRAUD_C -> VEND_SHELL_C -> SUB_PAYBACK_C -> EMP_FRAUD_C,EMP_FRAUD_C,VEND_SHELL_C,0.0,Historical,91.61,442,Circular Fund Flow
129,batch_129_loop_1,2,EMP_FRAUD_C -> VEND_SHELL_C -> SUB_PAYBACK_C -> EMP_FRAUD_C,VEND_SHELL_C,SUB_PAYBACK_C,0.0,Historical,86.38,442,Circular Fund Flow
129,batch_129_loop_1,3,EMP_FRAUD_C -> VEND_SHELL_C -> SUB_PAYBACK_C -> EMP_FRAUD_C,SUB_PAYBACK_C,EMP_FRAUD_C,0.0,Historical,87.52,442,Circular Fund Flow
129,batch_129_loop_2,1,EMP_FRAUD_B -> VEND_SHELL_B -> SUB_PAYBACK_B -> EMP_FRAUD_B,EMP_FRAUD_B,VEND_SHELL_B,0.0,Historical,96.05,442,Circular Fund Flow
129,batch_129_loop_2,2,EMP_FRAUD_B -> VEND_SHELL_B -> SUB_PAYBACK_B -> EMP_FRAUD_B,VEND_SHELL_B,SUB_PAYBACK_B,0.0,Historical,90.25,442,Circular Fund Flow
129,batch_129_loop_2,3,EMP_FRAUD_B -> VEND_SHELL_B -> SUB_PAYBACK_B -> EMP_FRAUD_B,SUB_PAYBACK_B,EMP_FRAUD_B,0.0,Historical,92.73,442,Circular Fund Flow
129,batch_129_loop_3,1,EMP_FRAUD_A -> VEND_SHELL_A -> SUB_PAYBACK_A -> EMP_FRAUD_A,EMP_FRAUD_A,VEND_SHELL_A,0.0,Historical,88.01,442,Circular Fund Flow
129,batch_129_loop_3,2,EMP_FRAUD_A -> VEND_SHELL_A -> SUB_PAYBACK_A -> EMP_FRAUD_A,VEND_SHELL_A,SUB_PAYBACK_A,0.0,Historical,89.57,442,Circular Fund Flow
129,batch_129_loop_3,3,EMP_FRAUD_A -> VEND_SHELL_A -> SUB_PAYBACK_A -> EMP_FRAUD_A,SUB_PAYBACK_A,EMP_FRAUD_A,0.0,Historical,93.38,442,Circular Fund Flow
130,batch_130_loop_1,1,EMP_FRAUD_C -> VEND_SHELL_C -> SUB_PAYBACK_C -> EMP_FRAUD_C,EMP_FRAUD_C,VEND_SHELL_C,0.0,Historical,94.55,437,Circular Fund Flow
130,batch_130_loop_1,2,EMP_FRAUD_C -> VEND_SHELL_C -> SUB_PAYBACK_C -> EMP_FRAUD_C,VEND_SHELL_C,SUB_PAYBACK_C,0.0,Historical,88.97,437,Circular Fund Flow
130,batch_130_loop_1,3,EMP_FRAUD_C -> VEND_SHELL_C -> SUB_PAYBACK_C -> EMP_FRAUD_C,SUB_PAYBACK_C,EMP_FRAUD_C,0.0,Historical,98.01,437,Circular Fund Flow
130,batch_130_loop_2,1,EMP_FRAUD_B -> VEND_SHELL_B -> SUB_PAYBACK_B -> EMP_FRAUD_B,EMP_FRAUD_B,VEND_SHELL_B,0.0,Historical,93.72,437,Circular Fund Flow
130,batch_130_loop_2,2,EMP_FRAUD_B -> VEND_SHELL_B -> SUB_PAYBACK_B -> EMP_FRAUD_B,VEND_SHELL_B,SUB_PAYBACK_B,0.0,Historical,93.83,437,Circular Fund Flow
130,batch_130_loop_2,3,EMP_FRAUD_B -> VEND_SHELL_B -> SUB_PAYBACK_B -> EMP_FRAUD_B,SUB_PAYBACK_B,EMP_FRAUD_B,0.0,Historical,93.11,437,Circular Fund Flow
130,batch_130_loop_3,1,EMP_FRAUD_A -> VEND_SHELL_A -> SUB_PAYBACK_A -> EMP_FRAUD_A,EMP_FRAUD_A,VEND_SHELL_A,0.0,Historical,90.08,437,Circular Fund Flow
130,batch_130_loop_3,2,EMP_FRAUD_A -> VEND_SHELL_A -> SUB_PAYBACK_A -> EMP_FRAUD_A,VEND_SHELL_A,SUB_PAYBACK_A,0.0,Historical,94.36,437,Circular Fund Flow
130,batch_130_loop_3,3,EMP_FRAUD_A -> VEND_SHELL_A -> SUB_PAYBACK_A -> EMP_FRAUD_A,SUB_PAYBACK_A,EMP_FRAUD_A,0.0,Historical,85.66,437,Circular Fund Flow
131,batch_131_loop_1,1,EMP_FRAUD_C -> VEND_SHELL_C -> SUB_PAYBACK_C -> EMP_FRAUD_C,EMP_FRAUD_C,VEND_SHELL_C,0.0,Historical,94.21,445,Circular Fund Flow
131,batch_131_loop_1,2,EMP_FRAUD_C -> VEND_SHELL_C -> SUB_PAYBACK_C -> EMP_FRAUD_C,VEND_SHELL_C,SUB_PAYBACK_C,0.0,Historical,88.38,445,Circular Fund Flow
131,batch_131_loop_1,3,EMP_FRAUD_C -> VEND_SHELL_C -> SUB_PAYBACK_C -> EMP_FRAUD_C,SUB_PAYBACK_C,EMP_FRAUD_C,0.0,Historical,93.64,445,Circular Fund Flow
131,batch_131_loop_2,1,EMP_FRAUD_B -> VEND_SHELL_B -> SUB_PAYBACK_B -> EMP_FRAUD_B,EMP_FRAUD_B,VEND_SHELL_B,0.0,Historical,90.43,445,Circular Fund Flow
131,batch_131_loop_2,2,EMP_FRAUD_B -> VEND_SHELL_B -> SUB_PAYBACK_B -> EMP_FRAUD_B,VEND_SHELL_B,SUB_PAYBACK_B,0.0,Historical,96.29,445,Circular Fund Flow
131,batch_131_loop_2,3,EMP_FRAUD_B -> VEND_SHELL_B -> SUB_PAYBACK_B -> EMP_FRAUD_B,SUB_PAYBACK_B,EMP_FRAUD_B,0.0,Historical,95.04,445,Circular Fund Flow
131,batch_131_loop_3,1,EMP_FRAUD_A -> VEND_SHELL_A -> SUB_PAYBACK_A -> EMP_FRAUD_A,EMP_FRAUD_A,VEND_SHELL_A,0.0,Historical,89.61,445,Circular Fund Flow
131,batch_131_loop_3,2,EMP_FRAUD_A -> VEND_SHELL_A -> SUB_PAYBACK_A -> EMP_FRAUD_A,VEND_SHELL_A,SUB_PAYBACK_A,0.0,Historical,98.84,445,Circular Fund Flow
131,batch_131_loop_3,3,EMP_FRAUD_A -> VEND_SHELL_A -> SUB_PAYBACK_A -> EMP_FRAUD_A,SUB_PAYBACK_A,EMP_FRAUD_A,0.0,Historical,87.07,445,Circular Fund Flow
132,batch_132_loop_1,1,EMP_FRAUD_C -> VEND_SHELL_C -> SUB_PAYBACK_C -> EMP_FRAUD_C,EMP_FRAUD_C,VEND_SHELL_C,0.0,Historical,98.61,436,Circular Fund Flow
132,batch_132_loop_1,2,EMP_FRAUD_C -> VEND_SHELL_C -> SUB_PAYBACK_C -> EMP_FRAUD_C,VEND_SHELL_C,SUB_PAYBACK_C,0.0,Historical,90.24,436,Circular Fund Flow
132,batch_132_loop_1,3,EMP_FRAUD_C -> VEND_SHELL_C -> SUB_PAYBACK_C -> EMP_FRAUD_C,SUB_PAYBACK_C,EMP_FRAUD_C,0.0,Historical,89.67,436,Circular Fund Flow
132,batch_132_loop_2,1,EMP_FRAUD_B -> VEND_SHELL_B -> SUB_PAYBACK_B -> EMP_FRAUD_B,EMP_FRAUD_B,VEND_SHELL_B,0.0,Historical,86.09,436,Circular Fund Flow
132,batch_132_loop_2,2,EMP_FRAUD_B -> VEND_SHELL_B -> SUB_PAYBACK_B -> EMP_FRAUD_B,VEND_SHELL_B,SUB_PAYBACK_B,0.0,Historical,91.65,436,Circular Fund Flow
132,batch_132_loop_2,3,EMP_FRAUD_B -> VEND_SHELL_B -> SUB_PAYBACK_B -> EMP_FRAUD_B,SUB_PAYBACK_B,EMP_FRAUD_B,0.0,Historical,90.82,436,Circular Fund Flow
132,batch_132_loop_3,1,EMP_FRAUD_A -> VEND_SHELL_A -> SUB_PAYBACK_A -> EMP_FRAUD_A,EMP_FRAUD_A,VEND_SHELL_A,0.0,Historical,88.61,436,Circular Fund Flow
132,batch_132_loop_3,2,EMP_FRAUD_A -> VEND_SHELL_A -> SUB_PAYBACK_A -> EMP_FRAUD_A,VEND_SHELL_A,SUB_PAYBACK_A,0.0,Historical,91.55,436,Circular Fund Flow
132,batch_132_loop_3,3,EMP_FRAUD_A -> VEND_SHELL_A -> SUB_PAYBACK_A -> EMP_FRAUD_A,SUB_PAYBACK_A,EMP_FRAUD_A,0.0,Historical,87.89,436,Circular Fund Flow
133,batch_133_loop_1,1,EMP_FRAUD_C -> VEND_SHELL_C -> SUB_PAYBACK_C -> EMP_FRAUD_C,EMP_FRAUD_C,VEND_SHELL_C,0.0,Historical,91.91,445,Circular Fund Flow
133,batch_133_loop_1,2,EMP_FRAUD_C -> VEND_SHELL_C -> SUB_PAYBACK_C -> EMP_FRAUD_C,VEND_SHELL_C,SUB_PAYBACK_C,0.0,Historical,95.55,445,Circular Fund Flow
133,batch_133_loop_1,3,EMP_FRAUD_C -> VEND_SHELL_C -> SUB_PAYBACK_C -> EMP_FRAUD_C,SUB_PAYBACK_C,EMP_FRAUD_C,0.0,Historical,93.96,445,Circular Fund Flow
133,batch_133_loop_2,1,EMP_FRAUD_B -> VEND_SHELL_B -> SUB_PAYBACK_B -> EMP_FRAUD_B,EMP_FRAUD_B,VEND_SHELL_B,0.0,Historical,87.47,445,Circular Fund Flow
133,batch_133_loop_2,2,EMP_FRAUD_B -> VEND_SHELL_B -> SUB_PAYBACK_B -> EMP_FRAUD_B,VEND_SHELL_B,SUB_PAYBACK_B,0.0,Historical,98.38,445,Circular Fund Flow
133,batch_133_loop_2,3,EMP_FRAUD_B -> VEND_SHELL_B -> SUB_PAYBACK_B -> EMP_FRAUD_B,SUB_PAYBACK_B,EMP_FRAUD_B,0.0,Historical,98.86,445,Circular Fund Flow
133,batch_133_loop_3,1,EMP_FRAUD_A -> VEND_SHELL_A -> SUB_PAYBACK_A -> EMP_FRAUD_A,EMP_FRAUD_A,VEND_SHELL_A,0.0,Historical,92.12,445,Circular Fund Flow
133,batch_133_loop_3,2,EMP_FRAUD_A -> VEND_SHELL_A -> SUB_PAYBACK_A -> EMP_FRAUD_A,VEND_SHELL_A,SUB_PAYBACK_A,0.0,Historical,95.88,445,Circular Fund Flow
133,batch_133_loop_3,3,EMP_FRAUD_A -> VEND_SHELL_A -> SUB_PAYBACK_A -> EMP_FRAUD_A,SUB_PAYBACK_A,EMP_FRAUD_A,0.0,Historical,86.18,445,Circular Fund Flow
134,batch_134_loop_1,1,EMP_FRAUD_C -> VEND_SHELL_C -> SUB_PAYBACK_C -> EMP_FRAUD_C,EMP_FRAUD_C,VEND_SHELL_C,0.0,Historical,93.17,442,Circular Fund Flow
134,batch_134_loop_1,2,EMP_FRAUD_C -> VEND_SHELL_C -> SUB_PAYBACK_C -> EMP_FRAUD_C,VEND_SHELL_C,SUB_PAYBACK_C,0.0,Historical,86.19,442,Circular Fund Flow
134,batch_134_loop_1,3,EMP_FRAUD_C -> VEND_SHELL_C -> SUB_PAYBACK_C -> EMP_FRAUD_C,SUB_PAYBACK_C,EMP_FRAUD_C,0.0,Historical,87.99,442,Circular Fund Flow
134,batch_134_loop_2,1,EMP_FRAUD_B -> VEND_SHELL_B -> SUB_PAYBACK_B -> EMP_FRAUD_B,EMP_FRAUD_B,VEND_SHELL_B,0.0,Historical,98.09,442,Circular Fund Flow
134,batch_134_loop_2,2,EMP_FRAUD_B -> VEND_SHELL_B -> SUB_PAYBACK_B -> EMP_FRAUD_B,VEND_SHELL_B,SUB_PAYBACK_B,0.0,Historical,94.28,442,Circular Fund Flow
134,batch_134_loop_2,3,EMP_FRAUD_B -> VEND_SHELL_B -> SUB_PAYBACK_B -> EMP_FRAUD_B,SUB_PAYBACK_B,EMP_FRAUD_B,0.0,Historical,92.27,442,Circular Fund Flow
134,batch_134_loop_3,1,EMP_FRAUD_A -> VEND_SHELL_A -> SUB_PAYBACK_A -> EMP_FRAUD_A,EMP_FRAUD_A,VEND_SHELL_A,0.0,Historical,97.23,442,Circular Fund Flow
134,batch_134_loop_3,2,EMP_FRAUD_A -> VEND_SHELL_A -> SUB_PAYBACK_A -> EMP_FRAUD_A,VEND_SHELL_A,SUB_PAYBACK_A,0.0,Historical,85.93,442,Circular Fund Flow
134,batch_134_loop_3,3,EMP_FRAUD_A -> VEND_SHELL_A -> SUB_PAYBACK_A -> EMP_FRAUD_A,SUB_PAYBACK_A,EMP_FRAUD_A,0.0,Historical,98.03,442,Circular Fund Flow
135,batch_135_loop_1,1,EMP_FRAUD_C -> VEND_SHELL_C -> SUB_PAYBACK_C -> EMP_FRAUD_C,EMP_FRAUD_C,VEND_SHELL_C,0.0,Historical,95.57,447,Circular Fund Flow
135,batch_135_loop_1,2,EMP_FRAUD_C -> VEND_SHELL_C -> SUB_PAYBACK_C -> EMP_FRAUD_C,VEND_SHELL_C,SUB_PAYBACK_C,0.0,Historical,87.95,447,Circular Fund Flow
135,batch_135_loop_1,3,EMP_FRAUD_C -> VEND_SHELL_C -> SUB_PAYBACK_C -> EMP_FRAUD_C,SUB_PAYBACK_C,EMP_FRAUD_C,0.0,Historical,93.67,447,Circular Fund Flow
135,batch_135_loop_2,1,EMP_FRAUD_B -> VEND_SHELL_B -> SUB_PAYBACK_B -> EMP_FRAUD_B,EMP_FRAUD_B,VEND_SHELL_B,0.0,Historical,89.31,447,Circular Fund Flow
135,batch_135_loop_2,2,EMP_FRAUD_B -> VEND_SHELL_B -> SUB_PAYBACK_B -> EMP_FRAUD_B,VEND_SHELL_B,SUB_PAYBACK_B,0.0,Historical,97.77,447,Circular Fund Flow
135,batch_135_loop_2,3,EMP_FRAUD_B -> VEND_SHELL_B -> SUB_PAYBACK_B -> EMP_FRAUD_B,SUB_PAYBACK_B,EMP_FRAUD_B,0.0,Historical,95.92,447,Circular Fund Flow
135,batch_135_loop_3,1,EMP_FRAUD_A -> VEND_SHELL_A -> SUB_PAYBACK_A -> EMP_FRAUD_A,EMP_FRAUD_A,VEND_SHELL_A,0.0,Historical,90.2,447,Circular Fund Flow
135,batch_135_loop_3,2,EMP_FRAUD_A -> VEND_SHELL_A -> SUB_PAYBACK_A -> EMP_FRAUD_A,VEND_SHELL_A,SUB_PAYBACK_A,0.0,Historical,93.97,447,Circular Fund Flow
135,batch_135_loop_3,3,EMP_FRAUD_A -> VEND_SHELL_A -> SUB_PAYBACK_A -> EMP_FRAUD_A,SUB_PAYBACK_A,EMP_FRAUD_A,0.0,Historical,95.07,447,Circular Fund Flow
136,batch_136_loop_1,1,EMP_FRAUD_C -> VEND_SHELL_C -> SUB_PAYBACK_C -> EMP_FRAUD_C,EMP_FRAUD_C,VEND_SHELL_C,0.0,Historical,93.19,449,Circular Fund Flow
136,batch_136_loop_1,2,EMP_FRAUD_C -> VEND_SHELL_C -> SUB_PAYBACK_C -> EMP_FRAUD_C,VEND_SHELL_C,SUB_PAYBACK_C,0.0,Historical,91.34,449,Circular Fund Flow
136,batch_136_loop_1,3,EMP_FRAUD_C -> VEND_SHELL_C -> SUB_PAYBACK_C -> EMP_FRAUD_C,SUB_PAYBACK_C,EMP_FRAUD_C,0.0,Historical,91.89,449,Circular Fund Flow
136,batch_136_loop_2,1,EMP_FRAUD_B -> VEND_SHELL_B -> SUB_PAYBACK_B -> EMP_FRAUD_B,EMP_FRAUD_B,VEND_SHELL_B,0.0,Historical,95.8,449,Circular Fund Flow
136,batch_136_loop_2,2,EMP_FRAUD_B -> VEND_SHELL_B -> SUB_PAYBACK_B -> EMP_FRAUD_B,VEND_SHELL_B,SUB_PAYBACK_B,0.0,Historical,95.11,449,Circular Fund Flow
136,batch_136_loop_2,3,EMP_FRAUD_B -> VEND_SHELL_B -> SUB_PAYBACK_B -> EMP_FRAUD_B,SUB_PAYBACK_B,EMP_FRAUD_B,0.0,Historical,95.09,449,Circular Fund Flow
136,batch_136_loop_3,1,EMP_FRAUD_A -> VEND_SHELL_A -> SUB_PAYBACK_A -> EMP_FRAUD_A,EMP_FRAUD_A,VEND_SHELL_A,0.0,Historical,87.62,449,Circular Fund Flow
136,batch_136_loop_3,2,EMP_FRAUD_A -> VEND_SHELL_A -> SUB_PAYBACK_A -> EMP_FRAUD_A,VEND_SHELL_A,SUB_PAYBACK_A,0.0,Historical,91.26,449,Circular Fund Flow
136,batch_136_loop_3,3,EMP_FRAUD_A -> VEND_SHELL_A -> SUB_PAYBACK_A -> EMP_FRAUD_A,SUB_PAYBACK_A,EMP_FRAUD_A,0.0,Historical,85.79,449,Circular Fund Flow
137,batch_137_loop_1,1,EMP_FRAUD_C -> VEND_SHELL_C -> SUB_PAYBACK_C -> EMP_FRAUD_C,EMP_FRAUD_C,VEND_SHELL_C,0.0,Historical,94.82,443,Circular Fund Flow
137,batch_137_loop_1,2,EMP_FRAUD_C -> VEND_SHELL_C -> SUB_PAYBACK_C -> EMP_FRAUD_C,VEND_SHELL_C,SUB_PAYBACK_C,0.0,Historical,89.16,443,Circular Fund Flow
137,batch_137_loop_1,3,EMP_FRAUD_C -> VEND_SHELL_C -> SUB_PAYBACK_C -> EMP_FRAUD_C,SUB_PAYBACK_C,EMP_FRAUD_C,0.0,Historical,95.62,443,Circular Fund Flow
137,batch_137_loop_2,1,EMP_FRAUD_B -> VEND_SHELL_B -> SUB_PAYBACK_B -> EMP_FRAUD_B,EMP_FRAUD_B,VEND_SHELL_B,0.0,Historical,93.28,443,Circular Fund Flow
137,batch_137_loop_2,2,EMP_FRAUD_B -> VEND_SHELL_B -> SUB_PAYBACK_B -> EMP_FRAUD_B,VEND_SHELL_B,SUB_PAYBACK_B,0.0,Historical,98.2,443,Circular Fund Flow
137,batch_137_loop_2,3,EMP_FRAUD_B -> VEND_SHELL_B -> SUB_PAYBACK_B -> EMP_FRAUD_B,SUB_PAYBACK_B,EMP_FRAUD_B,0.0,Historical,88.38,443,Circular Fund Flow
137,batch_137_loop_3,1,EMP_FRAUD_A -> VEND_SHELL_A -> SUB_PAYBACK_A -> EMP_FRAUD_A,EMP_FRAUD_A,VEND_SHELL_A,0.0,Historical,90.89,443,Circular Fund Flow
137,batch_137_loop_3,2,EMP_FRAUD_A -> VEND_SHELL_A -> SUB_PAYBACK_A -> EMP_FRAUD_A,VEND_SHELL_A,SUB_PAYBACK_A,0.0,Historical,87.7,443,Circular Fund Flow
137,batch_137_loop_3,3,EMP_FRAUD_A -> VEND_SHELL_A -> SUB_PAYBACK_A -> EMP_FRAUD_A,SUB_PAYBACK_A,EMP_FRAUD_A,0.0,Historical,91.75,443,Circular Fund Flow
138,batch_138_loop_1,1,EMP_FRAUD_C -> VEND_SHELL_C -> SUB_PAYBACK_C -> EMP_FRAUD_C,EMP_FRAUD_C,VEND_SHELL_C,0.0,Historical,97.16,446,Circular Fund Flow
138,batch_138_loop_1,2,EMP_FRAUD_C -> VEND_SHELL_C -> SUB_PAYBACK_C -> EMP_FRAUD_C,VEND_SHELL_C,SUB_PAYBACK_C,0.0,Historical,93.12,446,Circular Fund Flow
138,batch_138_loop_1,3,EMP_FRAUD_C -> VEND_SHELL_C -> SUB_PAYBACK_C -> EMP_FRAUD_C,SUB_PAYBACK_C,EMP_FRAUD_C,0.0,Historical,94.87,446,Circular Fund Flow
138,batch_138_loop_2,1,EMP_FRAUD_B -> VEND_SHELL_B -> SUB_PAYBACK_B -> EMP_FRAUD_B,EMP_FRAUD_B,VEND_SHELL_B,0.0,Historical,90.47,446,Circular Fund Flow
138,batch_138_loop_2,2,EMP_FRAUD_B -> VEND_SHELL_B -> SUB_PAYBACK_B -> EMP_FRAUD_B,VEND_SHELL_B,SUB_PAYBACK_B,0.0,Historical,96.91,446,Circular Fund Flow
138,batch_138_loop_2,3,EMP_FRAUD_B -> VEND_SHELL_B -> SUB_PAYBACK_B -> EMP_FRAUD_B,SUB_PAYBACK_B,EMP_FRAUD_B,0.0,Historical,87.41,446,Circular Fund Flow
138,batch_138_loop_3,1,EMP_FRAUD_A -> VEND_SHELL_A -> SUB_PAYBACK_A -> EMP_FRAUD_A,EMP_FRAUD_A,VEND_SHELL_A,0.0,Historical,92.91,446,Circular Fund Flow
138,batch_138_loop_3,2,EMP_FRAUD_A -> VEND_SHELL_A -> SUB_PAYBACK_A -> EMP_FRAUD_A,VEND_SHELL_A,SUB_PAYBACK_A,0.0,Historical,97.71,446,Circular Fund Flow
138,batch_138_loop_3,3,EMP_FRAUD_A -> VEND_SHELL_A -> SUB_PAYBACK_A -> EMP_FRAUD_A,SUB_PAYBACK_A,EMP_FRAUD_A,0.0,Historical,87.26,446,Circular Fund Flow
139,batch_139_loop_1,1,EMP_FRAUD_C -> VEND_SHELL_C -> SUB_PAYBACK_C -> EMP_FRAUD_C,EMP_FRAUD_C,VEND_SHELL_C,0.0,Historical,89.69,446,Circular Fund Flow
139,batch_139_loop_1,2,EMP_FRAUD_C -> VEND_SHELL_C -> SUB_PAYBACK_C -> EMP_FRAUD_C,VEND_SHELL_C,SUB_PAYBACK_C,0.0,Historical,86.18,446,Circular Fund Flow
139,batch_139_loop_1,3,EMP_FRAUD_C -> VEND_SHELL_C -> SUB_PAYBACK_C -> EMP_FRAUD_C,SUB_PAYBACK_C,EMP_FRAUD_C,0.0,Historical,95.02,446,Circular Fund Flow
139,batch_139_loop_2,1,EMP_FRAUD_B -> VEND_SHELL_B -> SUB_PAYBACK_B -> EMP_FRAUD_B,EMP_FRAUD_B,VEND_SHELL_B,0.0,Historical,88.65,446,Circular Fund Flow
139,batch_139_loop_2,2,EMP_FRAUD_B -> VEND_SHELL_B -> SUB_PAYBACK_B -> EMP_FRAUD_B,VEND_SHELL_B,SUB_PAYBACK_B,0.0,Historical,95.24,446,Circular Fund Flow
139,batch_139_loop_2,3,EMP_FRAUD_B -> VEND_SHELL_B -> SUB_PAYBACK_B -> EMP_FRAUD_B,SUB_PAYBACK_B,EMP_FRAUD_B,0.0,Historical,97.7,446,Circular Fund Flow
139,batch_139_loop_3,1,EMP_FRAUD_A -> VEND_SHELL_A -> SUB_PAYBACK_A -> EMP_FRAUD_A,EMP_FRAUD_A,VEND_SHELL_A,0.0,Historical,92.51,446,Circular Fund Flow
139,batch_139_loop_3,2,EMP_FRAUD_A -> VEND_SHELL_A -> SUB_PAYBACK_A -> EMP_FRAUD_A,VEND_SHELL_A,SUB_PAYBACK_A,0.0,Historical,96.48,446,Circular Fund Flow
139,batch_139_loop_3,3,EMP_FRAUD_A -> VEND_SHELL_A -> SUB_PAYBACK_A -> EMP_FRAUD_A,SUB_PAYBACK_A,EMP_FRAUD_A,0.0,Historical,98.34,446,Circular Fund Flow
140,batch_140_loop_1,1,EMP_FRAUD_C -> VEND_SHELL_C -> SUB_PAYBACK_C -> EMP_FRAUD_C,EMP_FRAUD_C,VEND_SHELL_C,0.0,Historical,87.03,445,Circular Fund Flow
140,batch_140_loop_1,2,EMP_FRAUD_C -> VEND_SHELL_C -> SUB_PAYBACK_C -> EMP_FRAUD_C,VEND_SHELL_C,SUB_PAYBACK_C,0.0,Historical,86.22,445,Circular Fund Flow
140,batch_140_loop_1,3,EMP_FRAUD_C -> VEND_SHELL_C -> SUB_PAYBACK_C -> EMP_FRAUD_C,SUB_PAYBACK_C,EMP_FRAUD_C,0.0,Historical,95.87,445,Circular Fund Flow
140,batch_140_loop_2,1,EMP_FRAUD_B -> VEND_SHELL_B -> SUB_PAYBACK_B -> EMP_FRAUD_B,EMP_FRAUD_B,VEND_SHELL_B,0.0,Historical,94.7,445,Circular Fund Flow
140,batch_140_loop_2,2,EMP_FRAUD_B -> VEND_SHELL_B -> SUB_PAYBACK_B -> EMP_FRAUD_B,VEND_SHELL_B,SUB_PAYBACK_B,0.0,Historical,99.0,445,Circular Fund Flow
140,batch_140_loop_2,3,EMP_FRAUD_B -> VEND_SHELL_B -> SUB_PAYBACK_B -> EMP_FRAUD_B,SUB_PAYBACK_B,EMP_FRAUD_B,0.0,Historical,95.46,445,Circular Fund Flow
140,batch_140_loop_3,1,EMP_FRAUD_A -> VEND_SHELL_A -> SUB_PAYBACK_A -> EMP_FRAUD_A,EMP_FRAUD_A,VEND_SHELL_A,0.0,Historical,94.27,445,Circular Fund Flow
140,batch_140_loop_3,2,EMP_FRAUD_A -> VEND_SHELL_A -> SUB_PAYBACK_A -> EMP_FRAUD_A,VEND_SHELL_A,SUB_PAYBACK_A,0.0,Historical,92.38,445,Circular Fund Flow
140,batch_140_loop_3,3,EMP_FRAUD_A -> VEND_SHELL_A -> SUB_PAYBACK_A -> EMP_FRAUD_A,SUB_PAYBACK_A,EMP_FRAUD_A,0.0,Historical,95.17,445,Circular Fund Flow
141,batch_141_loop_1,1,EMP_FRAUD_C -> VEND_SHELL_C -> SUB_PAYBACK_C -> EMP_FRAUD_C,EMP_FRAUD_C,VEND_SHELL_C,0.0,Historical,95.5,446,Circular Fund Flow
141,batch_141_loop_1,2,EMP_FRAUD_C -> VEND_SHELL_C -> SUB_PAYBACK_C -> EMP_FRAUD_C,VEND_SHELL_C,SUB_PAYBACK_C,0.0,Historical,85.29,446,Circular Fund Flow
141,batch_141_loop_1,3,EMP_FRAUD_C -> VEND_SHELL_C -> SUB_PAYBACK_C -> EMP_FRAUD_C,SUB_PAYBACK_C,EMP_FRAUD_C,0.0,Historical,93.98,446,Circular Fund Flow
141,batch_141_loop_2,1,EMP_FRAUD_B -> VEND_SHELL_B -> SUB_PAYBACK_B -> EMP_FRAUD_B,EMP_FRAUD_B,VEND_SHELL_B,0.0,Historical,93.34,446,Circular Fund Flow
141,batch_141_loop_2,2,EMP_FRAUD_B -> VEND_SHELL_B -> SUB_PAYBACK_B -> EMP_FRAUD_B,VEND_SHELL_B,SUB_PAYBACK_B,0.0,Historical,91.04,446,Circular Fund Flow
141,batch_141_loop_2,3,EMP_FRAUD_B -> VEND_SHELL_B -> SUB_PAYBACK_B -> EMP_FRAUD_B,SUB_PAYBACK_B,EMP_FRAUD_B,0.0,Historical,94.85,446,Circular Fund Flow
141,batch_141_loop_3,1,EMP_FRAUD_A -> VEND_SHELL_A -> SUB_PAYBACK_A -> EMP_FRAUD_A,EMP_FRAUD_A,VEND_SHELL_A,0.0,Historical,88.75,446,Circular Fund Flow
141,batch_141_loop_3,2,EMP_FRAUD_A -> VEND_SHELL_A -> SUB_PAYBACK_A -> EMP_FRAUD_A,VEND_SHELL_A,SUB_PAYBACK_A,0.0,Historical,94.78,446,Circular Fund Flow
141,batch_141_loop_3,3,EMP_FRAUD_A -> VEND_SHELL_A -> SUB_PAYBACK_A -> EMP_FRAUD_A,SUB_PAYBACK_A,EMP_FRAUD_A,0.0,Historical,92.49,446,Circular Fund Flow
142,batch_142_loop_1,1,EMP_FRAUD_C -> VEND_SHELL_C -> SUB_PAYBACK_C -> EMP_FRAUD_C,EMP_FRAUD_C,VEND_SHELL_C,0.0,Historical,92.85,444,Circular Fund Flow
142,batch_142_loop_1,2,EMP_FRAUD_C -> VEND_SHELL_C -> SUB_PAYBACK_C -> EMP_FRAUD_C,VEND_SHELL_C,SUB_PAYBACK_C,0.0,Historical,93.05,444,Circular Fund Flow
142,batch_142_loop_1,3,EMP_FRAUD_C -> VEND_SHELL_C -> SUB_PAYBACK_C -> EMP_FRAUD_C,SUB_PAYBACK_C,EMP_FRAUD_C,0.0,Historical,85.91,444,Circular Fund Flow
142,batch_142_loop_2,1,EMP_FRAUD_B -> VEND_SHELL_B -> SUB_PAYBACK_B -> EMP_FRAUD_B,EMP_FRAUD_B,VEND_SHELL_B,0.0,Historical,98.8,444,Circular Fund Flow
142,batch_142_loop_2,2,EMP_FRAUD_B -> VEND_SHELL_B -> SUB_PAYBACK_B -> EMP_FRAUD_B,VEND_SHELL_B,SUB_PAYBACK_B,0.0,Historical,98.91,444,Circular Fund Flow
142,batch_142_loop_2,3,EMP_FRAUD_B -> VEND_SHELL_B -> SUB_PAYBACK_B -> EMP_FRAUD_B,SUB_PAYBACK_B,EMP_FRAUD_B,0.0,Historical,94.66,444,Circular Fund Flow
142,batch_142_loop_3,1,EMP_FRAUD_A -> VEND_SHELL_A -> SUB_PAYBACK_A -> EMP_FRAUD_A,EMP_FRAUD_A,VEND_SHELL_A,0.0,Historical,96.65,444,Circular Fund Flow
142,batch_142_loop_3,2,EMP_FRAUD_A -> VEND_SHELL_A -> SUB_PAYBACK_A -> EMP_FRAUD_A,VEND_SHELL_A,SUB_PAYBACK_A,0.0,Historical,86.57,444,Circular Fund Flow
142,batch_142_loop_3,3,EMP_FRAUD_A -> VEND_SHELL_A -> SUB_PAYBACK_A -> EMP_FRAUD_A,SUB_PAYBACK_A,EMP_FRAUD_A,0.0,Historical,88.66,444,Circular Fund Flow
143,batch_143_loop_1,1,EMP_FRAUD_C -> VEND_SHELL_C -> SUB_PAYBACK_C -> EMP_FRAUD_C,EMP_FRAUD_C,VEND_SHELL_C,0.0,Historical,92.95,447,Circular Fund Flow
143,batch_143_loop_1,2,EMP_FRAUD_C -> VEND_SHELL_C -> SUB_PAYBACK_C -> EMP_FRAUD_C,VEND_SHELL_C,SUB_PAYBACK_C,0.0,Historical,89.12,447,Circular Fund Flow
143,batch_143_loop_1,3,EMP_FRAUD_C -> VEND_SHELL_C -> SUB_PAYBACK_C -> EMP_FRAUD_C,SUB_PAYBACK_C,EMP_FRAUD_C,0.0,Historical,89.78,447,Circular Fund Flow
143,batch_143_loop_2,1,EMP_FRAUD_B -> VEND_SHELL_B -> SUB_PAYBACK_B -> EMP_FRAUD_B,EMP_FRAUD_B,VEND_SHELL_B,0.0,Historical,95.97,447,Circular Fund Flow
143,batch_143_loop_2,2,EMP_FRAUD_B -> VEND_SHELL_B -> SUB_PAYBACK_B -> EMP_FRAUD_B,VEND_SHELL_B,SUB_PAYBACK_B,0.0,Historical,98.01,447,Circular Fund Flow
143,batch_143_loop_2,3,EMP_FRAUD_B -> VEND_SHELL_B -> SUB_PAYBACK_B -> EMP_FRAUD_B,SUB_PAYBACK_B,EMP_FRAUD_B,0.0,Historical,98.92,447,Circular Fund Flow
143,batch_143_loop_3,1,EMP_FRAUD_A -> VEND_SHELL_A -> SUB_PAYBACK_A -> EMP_FRAUD_A,EMP_FRAUD_A,VEND_SHELL_A,0.0,Historical,85.42,447,Circular Fund Flow
143,batch_143_loop_3,2,EMP_FRAUD_A -> VEND_SHELL_A -> SUB_PAYBACK_A -> EMP_FRAUD_A,VEND_SHELL_A,SUB_PAYBACK_A,0.0,Historical,94.2,447,Circular Fund Flow
143,batch_143_loop_3,3,EMP_FRAUD_A -> VEND_SHELL_A -> SUB_PAYBACK_A -> EMP_FRAUD_A,SUB_PAYBACK_A,EMP_FRAUD_A,0.0,Historical,93.09,447,Circular Fund Flow
144,batch_144_loop_1,1,EMP_FRAUD_C -> VEND_SHELL_C -> SUB_PAYBACK_C -> EMP_FRAUD_C,EMP_FRAUD_C,VEND_SHELL_C,0.0,Historical,91.64,446,Circular Fund Flow
144,batch_144_loop_1,2,EMP_FRAUD_C -> VEND_SHELL_C -> SUB_PAYBACK_C -> EMP_FRAUD_C,VEND_SHELL_C,SUB_PAYBACK_C,0.0,Historical,96.6,446,Circular Fund Flow
144,batch_144_loop_1,3,EMP_FRAUD_C -> VEND_SHELL_C -> SUB_PAYBACK_C -> EMP_FRAUD_C,SUB_PAYBACK_C,EMP_FRAUD_C,0.0,Historical,97.94,446,Circular Fund Flow
144,batch_144_loop_2,1,EMP_FRAUD_B -> VEND_SHELL_B -> SUB_PAYBACK_B -> EMP_FRAUD_B,EMP_FRAUD_B,VEND_SHELL_B,0.0,Historical,89.39,446,Circular Fund Flow
144,batch_144_loop_2,2,EMP_FRAUD_B -> VEND_SHELL_B -> SUB_PAYBACK_B -> EMP_FRAUD_B,VEND_SHELL_B,SUB_PAYBACK_B,0.0,Historical,93.97,446,Circular Fund Flow
144,batch_144_loop_2,3,EMP_FRAUD_B -> VEND_SHELL_B -> SUB_PAYBACK_B -> EMP_FRAUD_B,SUB_PAYBACK_B,EMP_FRAUD_B,0.0,Historical,98.24,446,Circular Fund Flow
144,batch_144_loop_3,1,EMP_FRAUD_A -> VEND_SHELL_A -> SUB_PAYBACK_A -> EMP_FRAUD_A,EMP_FRAUD_A,VEND_SHELL_A,0.0,Historical,96.94,446,Circular Fund Flow
144,batch_144_loop_3,2,EMP_FRAUD_A -> VEND_SHELL_A -> SUB_PAYBACK_A -> EMP_FRAUD_A,VEND_SHELL_A,SUB_PAYBACK_A,0.0,Historical,96.56,446,Circular Fund Flow
144,batch_144_loop_3,3,EMP_FRAUD_A -> VEND_SHELL_A -> SUB_PAYBACK_A -> EMP_FRAUD_A,SUB_PAYBACK_A,EMP_FRAUD_A,0.0,Historical,87.9,446,Circular Fund Flow
145,batch_145_loop_1,1,EMP_FRAUD_C -> VEND_SHELL_C -> SUB_PAYBACK_C -> EMP_FRAUD_C,EMP_FRAUD_C,VEND_SHELL_C,0.0,Historical,88.49,441,Circular Fund Flow
145,batch_145_loop_1,2,EMP_FRAUD_C -> VEND_SHELL_C -> SUB_PAYBACK_C -> EMP_FRAUD_C,VEND_SHELL_C,SUB_PAYBACK_C,0.0,Historical,95.99,441,Circular Fund Flow
145,batch_145_loop_1,3,EMP_FRAUD_C -> VEND_SHELL_C -> SUB_PAYBACK_C -> EMP_FRAUD_C,SUB_PAYBACK_C,EMP_FRAUD_C,0.0,Historical,93.3,441,Circular Fund Flow
145,batch_145_loop_2,1,EMP_FRAUD_B -> VEND_SHELL_B -> SUB_PAYBACK_B -> EMP_FRAUD_B,EMP_FRAUD_B,VEND_SHELL_B,0.0,Historical,97.7,441,Circular Fund Flow
145,batch_145_loop_2,2,EMP_FRAUD_B -> VEND_SHELL_B -> SUB_PAYBACK_B -> EMP_FRAUD_B,VEND_SHELL_B,SUB_PAYBACK_B,0.0,Historical,95.98,441,Circular Fund Flow
145,batch_145_loop_2,3,EMP_FRAUD_B -> VEND_SHELL_B -> SUB_PAYBACK_B -> EMP_FRAUD_B,SUB_PAYBACK_B,EMP_FRAUD_B,0.0,Historical,87.94,441,Circular Fund Flow
145,batch_145_loop_3,1,EMP_FRAUD_A -> VEND_SHELL_A -> SUB_PAYBACK_A -> EMP_FRAUD_A,EMP_FRAUD_A,VEND_SHELL_A,0.0,Historical,88.36,441,Circular Fund Flow
145,batch_145_loop_3,2,EMP_FRAUD_A -> VEND_SHELL_A -> SUB_PAYBACK_A -> EMP_FRAUD_A,VEND_SHELL_A,SUB_PAYBACK_A,0.0,Historical,95.75,441,Circular Fund Flow
145,batch_145_loop_3,3,EMP_FRAUD_A -> VEND_SHELL_A -> SUB_PAYBACK_A -> EMP_FRAUD_A,SUB_PAYBACK_A,EMP_FRAUD_A,0.0,Historical,98.41,441,Circular Fund Flow
146,batch_146_loop_1,1,EMP_FRAUD_C -> VEND_SHELL_C -> SUB_PAYBACK_C -> EMP_FRAUD_C,EMP_FRAUD_C,VEND_SHELL_C,0.0,Historical,96.13,448,Circular Fund Flow
146,batch_146_loop_1,2,EMP_FRAUD_C -> VEND_SHELL_C -> SUB_PAYBACK_C -> EMP_FRAUD_C,VEND_SHELL_C,SUB_PAYBACK_C,0.0,Historical,86.63,448,Circular Fund Flow
146,batch_146_loop_1,3,EMP_FRAUD_C -> VEND_SHELL_C -> SUB_PAYBACK_C -> EMP_FRAUD_C,SUB_PAYBACK_C,EMP_FRAUD_C,0.0,Historical,93.81,448,Circular Fund Flow
146,batch_146_loop_2,1,EMP_FRAUD_B -> VEND_SHELL_B -> SUB_PAYBACK_B -> EMP_FRAUD_B,EMP_FRAUD_B,VEND_SHELL_B,0.0,Historical,92.45,448,Circular Fund Flow
146,batch_146_loop_2,2,EMP_FRAUD_B -> VEND_SHELL_B -> SUB_PAYBACK_B -> EMP_FRAUD_B,VEND_SHELL_B,SUB_PAYBACK_B,0.0,Historical,88.07,448,Circular Fund Flow
146,batch_146_loop_2,3,EMP_FRAUD_B -> VEND_SHELL_B -> SUB_PAYBACK_B -> EMP_FRAUD_B,SUB_PAYBACK_B,EMP_FRAUD_B,0.0,Historical,89.54,448,Circular Fund Flow
146,batch_146_loop_3,1,EMP_FRAUD_A -> VEND_SHELL_A -> SUB_PAYBACK_A -> EMP_FRAUD_A,EMP_FRAUD_A,VEND_SHELL_A,0.0,Historical,91.9,448,Circular Fund Flow
146,batch_146_loop_3,2,EMP_FRAUD_A -> VEND_SHELL_A -> SUB_PAYBACK_A -> EMP_FRAUD_A,VEND_SHELL_A,SUB_PAYBACK_A,0.0,Historical,88.0,448,Circular Fund Flow
146,batch_146_loop_3,3,EMP_FRAUD_A -> VEND_SHELL_A -> SUB_PAYBACK_A -> EMP_FRAUD_A,SUB_PAYBACK_A,EMP_FRAUD_A,0.0,Historical,94.83,448,Circular Fund Flow
147,batch_147_loop_1,1,EMP_FRAUD_C -> VEND_SHELL_C -> SUB_PAYBACK_C -> EMP_FRAUD_C,EMP_FRAUD_C,VEND_SHELL_C,0.0,Historical,91.72,446,Circular Fund Flow
147,batch_147_loop_1,2,EMP_FRAUD_C -> VEND_SHELL_C -> SUB_PAYBACK_C -> EMP_FRAUD_C,VEND_SHELL_C,SUB_PAYBACK_C,0.0,Historical,95.11,446,Circular Fund Flow
147,batch_147_loop_1,3,EMP_FRAUD_C -> VEND_SHELL_C -> SUB_PAYBACK_C -> EMP_FRAUD_C,SUB_PAYBACK_C,EMP_FRAUD_C,0.0,Historical,93.42,446,Circular Fund Flow
147,batch_147_loop_2,1,EMP_FRAUD_B -> VEND_SHELL_B -> SUB_PAYBACK_B -> EMP_FRAUD_B,EMP_FRAUD_B,VEND_SHELL_B,0.0,Historical,88.11,446,Circular Fund Flow
147,batch_147_loop_2,2,EMP_FRAUD_B -> VEND_SHELL_B -> SUB_PAYBACK_B -> EMP_FRAUD_B,VEND_SHELL_B,SUB_PAYBACK_B,0.0,Historical,85.83,446,Circular Fund Flow
147,batch_147_loop_2,3,EMP_FRAUD_B -> VEND_SHELL_B -> SUB_PAYBACK_B -> EMP_FRAUD_B,SUB_PAYBACK_B,EMP_FRAUD_B,0.0,Historical,85.47,446,Circular Fund Flow
147,batch_147_loop_3,1,EMP_FRAUD_A -> VEND_SHELL_A -> SUB_PAYBACK_A -> EMP_FRAUD_A,EMP_FRAUD_A,VEND_SHELL_A,0.0,Historical,93.99,446,Circular Fund Flow
147,batch_147_loop_3,2,EMP_FRAUD_A -> VEND_SHELL_A -> SUB_PAYBACK_A -> EMP_FRAUD_A,VEND_SHELL_A,SUB_PAYBACK_A,0.0,Historical,86.96,446,Circular Fund Flow
147,batch_147_loop_3,3,EMP_FRAUD_A -> VEND_SHELL_A -> SUB_PAYBACK_A -> EMP_FRAUD_A,SUB_PAYBACK_A,EMP_FRAUD_A,0.0,Historical,97.98,446,Circular Fund Flow
148,batch_148_loop_1,1,EMP_FRAUD_C -> VEND_SHELL_C -> SUB_PAYBACK_C -> EMP_FRAUD_C,EMP_FRAUD_C,VEND_SHELL_C,11404.82,2026-04-18T06:17:42Z,100.0,447,Circular Fund Flow
148,batch_148_loop_1,2,EMP_FRAUD_C -> VEND_SHELL_C -> SUB_PAYBACK_C -> EMP_FRAUD_C,VEND_SHELL_C,SUB_PAYBACK_C,11189.08,2026-04-18T06:17:42Z,100.0,447,Circular Fund Flow
148,batch_148_loop_1,3,EMP_FRAUD_C -> VEND_SHELL_C -> SUB_PAYBACK_C -> EMP_FRAUD_C,SUB_PAYBACK_C,EMP_FRAUD_C,11750.14,2026-04-18T06:17:42Z,100.0,447,Circular Fund Flow
148,batch_148_loop_2,1,EMP_FRAUD_B -> VEND_SHELL_B -> SUB_PAYBACK_B -> EMP_FRAUD_B,EMP_FRAUD_B,VEND_SHELL_B,11773.54,2026-04-18T06:17:42Z,100.0,447,Circular Fund Flow
148,batch_148_loop_2,2,EMP_FRAUD_B -> VEND_SHELL_B -> SUB_PAYBACK_B -> EMP_FRAUD_B,VEND_SHELL_B,SUB_PAYBACK_B,13493.97,2026-04-18T06:17:42Z,100.0,447,Circular Fund Flow
148,batch_148_loop_2,3,EMP_FRAUD_B -> VEND_SHELL_B -> SUB_PAYBACK_B -> EMP_FRAUD_B,SUB_PAYBACK_B,EMP_FRAUD_B,12005.32,2026-04-18T06:17:42Z,100.0,447,Circular Fund Flow
148,batch_148_loop_3,1,EMP_FRAUD_A -> VEND_SHELL_A -> SUB_PAYBACK_A -> EMP_FRAUD_A,EMP_FRAUD_A,VEND_SHELL_A,11133.76,2026-04-18T06:17:42Z,100.0,447,Circular Fund Flow
148,batch_148_loop_3,2,EMP_FRAUD_A -> VEND_SHELL_A -> SUB_PAYBACK_A -> EMP_FRAUD_A,VEND_SHELL_A,SUB_PAYBACK_A,10971.97,2026-04-18T06:17:42Z,100.0,447,Circular Fund Flow
148,batch_148_loop_3,3,EMP_FRAUD_A -> VEND_SHELL_A -> SUB_PAYBACK_A -> EMP_FRAUD_A,SUB_PAYBACK_A,EMP_FRAUD_A,9269.6,2026-04-18T06:17:42Z,100.0,447,Circular Fund Flow
149,batch_149_loop_1,1,EMP_FRAUD_C -> VEND_SHELL_C -> SUB_PAYBACK_C -> EMP_FRAUD_C,EMP_FRAUD_C,VEND_SHELL_C,0.0,Historical,91.67,444,Circular Fund Flow
149,batch_149_loop_1,2,EMP_FRAUD_C -> VEND_SHELL_C -> SUB_PAYBACK_C -> EMP_FRAUD_C,VEND_SHELL_C,SUB_PAYBACK_C,0.0,Historical,86.98,444,Circular Fund Flow
149,batch_149_loop_1,3,EMP_FRAUD_C -> VEND_SHELL_C -> SUB_PAYBACK_C -> EMP_FRAUD_C,SUB_PAYBACK_C,EMP_FRAUD_C,0.0,Historical,86.75,444,Circular Fund Flow
149,batch_149_loop_2,1,EMP_FRAUD_B -> VEND_SHELL_B -> SUB_PAYBACK_B -> EMP_FRAUD_B,EMP_FRAUD_B,VEND_SHELL_B,0.0,Historical,93.66,444,Circular Fund Flow
149,batch_149_loop_2,2,EMP_FRAUD_B -> VEND_SHELL_B -> SUB_PAYBACK_B -> EMP_FRAUD_B,VEND_SHELL_B,SUB_PAYBACK_B,0.0,Historical,97.08,444,Circular Fund Flow
149,batch_149_loop_2,3,EMP_FRAUD_B -> VEND_SHELL_B -> SUB_PAYBACK_B -> EMP_FRAUD_B,SUB_PAYBACK_B,EMP_FRAUD_B,0.0,Historical,90.29,444,Circular Fund Flow
149,batch_149_loop_3,1,EMP_FRAUD_A -> VEND_SHELL_A -> SUB_PAYBACK_A -> EMP_FRAUD_A,EMP_FRAUD_A,VEND_SHELL_A,0.0,Historical,87.92,444,Circular Fund Flow
149,batch_149_loop_3,2,EMP_FRAUD_A -> VEND_SHELL_A -> SUB_PAYBACK_A -> EMP_FRAUD_A,VEND_SHELL_A,SUB_PAYBACK_A,0.0,Historical,98.29,444,Circular Fund Flow
149,batch_149_loop_3,3,EMP_FRAUD_A -> VEND_SHELL_A -> SUB_PAYBACK_A -> EMP_FRAUD_A,SUB_PAYBACK_A,EMP_FRAUD_A,0.0,Historical,89.01,444,Circular Fund Flow
150,batch_150_loop_1,1,EMP_FRAUD_C -> VEND_SHELL_C -> SUB_PAYBACK_C -> EMP_FRAUD_C,EMP_FRAUD_C,VEND_SHELL_C,0.0,Historical,94.27,447,Circular Fund Flow
150,batch_150_loop_1,2,EMP_FRAUD_C -> VEND_SHELL_C -> SUB_PAYBACK_C -> EMP_FRAUD_C,VEND_SHELL_C,SUB_PAYBACK_C,0.0,Historical,92.68,447,Circular Fund Flow
150,batch_150_loop_1,3,EMP_FRAUD_C -> VEND_SHELL_C -> SUB_PAYBACK_C -> EMP_FRAUD_C,SUB_PAYBACK_C,EMP_FRAUD_C,0.0,Historical,98.86,447,Circular Fund Flow
150,batch_150_loop_2,1,EMP_FRAUD_B -> VEND_SHELL_B -> SUB_PAYBACK_B -> EMP_FRAUD_B,EMP_FRAUD_B,VEND_SHELL_B,0.0,Historical,95.33,447,Circular Fund Flow
150,batch_150_loop_2,2,EMP_FRAUD_B -> VEND_SHELL_B -> SUB_PAYBACK_B -> EMP_FRAUD_B,VEND_SHELL_B,SUB_PAYBACK_B,0.0,Historical,97.86,447,Circular Fund Flow
150,batch_150_loop_2,3,EMP_FRAUD_B -> VEND_SHELL_B -> SUB_PAYBACK_B -> EMP_FRAUD_B,SUB_PAYBACK_B,EMP_FRAUD_B,0.0,Historical,93.44,447,Circular Fund Flow
150,batch_150_loop_3,1,EMP_FRAUD_A -> VEND_SHELL_A -> SUB_PAYBACK_A -> EMP_FRAUD_A,EMP_FRAUD_A,VEND_SHELL_A,0.0,Historical,94.04,447,Circular Fund Flow
150,batch_150_loop_3,2,EMP_FRAUD_A -> VEND_SHELL_A -> SUB_PAYBACK_A -> EMP_FRAUD_A,VEND_SHELL_A,SUB_PAYBACK_A,0.0,Historical,97.0,447,Circular Fund Flow
150,batch_150_loop_3,3,EMP_FRAUD_A -> VEND_SHELL_A -> SUB_PAYBACK_A -> EMP_FRAUD_A,SUB_PAYBACK_A,EMP_FRAUD_A,0.0,Historical,88.02,447,Circular Fund Flow
151,batch_151_loop_1,1,EMP_FRAUD_C -> VEND_SHELL_C -> SUB_PAYBACK_C -> EMP_FRAUD_C,EMP_FRAUD_C,VEND_SHELL_C,0.0,Historical,86.99,449,Circular Fund Flow
151,batch_151_loop_1,2,EMP_FRAUD_C -> VEND_SHELL_C -> SUB_PAYBACK_C -> EMP_FRAUD_C,VEND_SHELL_C,SUB_PAYBACK_C,0.0,Historical,97.58,449,Circular Fund Flow
151,batch_151_loop_1,3,EMP_FRAUD_C -> VEND_SHELL_C -> SUB_PAYBACK_C -> EMP_FRAUD_C,SUB_PAYBACK_C,EMP_FRAUD_C,0.0,Historical,86.18,449,Circular Fund Flow
151,batch_151_loop_2,1,EMP_FRAUD_B -> VEND_SHELL_B -> SUB_PAYBACK_B -> EMP_FRAUD_B,EMP_FRAUD_B,VEND_SHELL_B,0.0,Historical,87.16,449,Circular Fund Flow
151,batch_151_loop_2,2,EMP_FRAUD_B -> VEND_SHELL_B -> SUB_PAYBACK_B -> EMP_FRAUD_B,VEND_SHELL_B,SUB_PAYBACK_B,0.0,Historical,94.74,449,Circular Fund Flow
151,batch_151_loop_2,3,EMP_FRAUD_B -> VEND_SHELL_B -> SUB_PAYBACK_B -> EMP_FRAUD_B,SUB_PAYBACK_B,EMP_FRAUD_B,0.0,Historical,93.18,449,Circular Fund Flow
151,batch_151_loop_3,1,EMP_FRAUD_A -> VEND_SHELL_A -> SUB_PAYBACK_A -> EMP_FRAUD_A,EMP_FRAUD_A,VEND_SHELL_A,0.0,Historical,94.74,449,Circular Fund Flow
151,batch_151_loop_3,2,EMP_FRAUD_A -> VEND_SHELL_A -> SUB_PAYBACK_A -> EMP_FRAUD_A,VEND_SHELL_A,SUB_PAYBACK_A,0.0,Historical,85.04,449,Circular Fund Flow
151,batch_151_loop_3,3,EMP_FRAUD_A -> VEND_SHELL_A -> SUB_PAYBACK_A -> EMP_FRAUD_A,SUB_PAYBACK_A,EMP_FRAUD_A,0.0,Historical,97.15,449,Circular Fund Flow
152,batch_152_loop_1,1,EMP_FRAUD_C -> VEND_SHELL_C -> SUB_PAYBACK_C -> EMP_FRAUD_C,EMP_FRAUD_C,VEND_SHELL_C,0.0,Historical,98.05,451,Circular Fund Flow
152,batch_152_loop_1,2,EMP_FRAUD_C -> VEND_SHELL_C -> SUB_PAYBACK_C -> EMP_FRAUD_C,VEND_SHELL_C,SUB_PAYBACK_C,0.0,Historical,97.39,451,Circular Fund Flow
152,batch_152_loop_1,3,EMP_FRAUD_C -> VEND_SHELL_C -> SUB_PAYBACK_C -> EMP_FRAUD_C,SUB_PAYBACK_C,EMP_FRAUD_C,0.0,Historical,94.2,451,Circular Fund Flow
152,batch_152_loop_2,1,EMP_FRAUD_B -> VEND_SHELL_B -> SUB_PAYBACK_B -> EMP_FRAUD_B,EMP_FRAUD_B,VEND_SHELL_B,0.0,Historical,96.62,451,Circular Fund Flow
152,batch_152_loop_2,2,EMP_FRAUD_B -> VEND_SHELL_B -> SUB_PAYBACK_B -> EMP_FRAUD_B,VEND_SHELL_B,SUB_PAYBACK_B,0.0,Historical,97.26,451,Circular Fund Flow
152,batch_152_loop_2,3,EMP_FRAUD_B -> VEND_SHELL_B -> SUB_PAYBACK_B -> EMP_FRAUD_B,SUB_PAYBACK_B,EMP_FRAUD_B,0.0,Historical,90.1,451,Circular Fund Flow
152,batch_152_loop_3,1,EMP_FRAUD_A -> VEND_SHELL_A -> SUB_PAYBACK_A -> EMP_FRAUD_A,EMP_FRAUD_A,VEND_SHELL_A,0.0,Historical,87.07,451,Circular Fund Flow
152,batch_152_loop_3,2,EMP_FRAUD_A -> VEND_SHELL_A -> SUB_PAYBACK_A -> EMP_FRAUD_A,VEND_SHELL_A,SUB_PAYBACK_A,0.0,Historical,98.23,451,Circular Fund Flow
152,batch_152_loop_3,3,EMP_FRAUD_A -> VEND_SHELL_A -> SUB_PAYBACK_A -> EMP_FRAUD_A,SUB_PAYBACK_A,EMP_FRAUD_A,0.0,Historical,94.67,451,Circular Fund Flow
153,batch_153_loop_1,1,EMP_FRAUD_C -> VEND_SHELL_C -> SUB_PAYBACK_C -> EMP_FRAUD_C,EMP_FRAUD_C,VEND_SHELL_C,0.0,Historical,91.07,461,Circular Fund Flow
153,batch_153_loop_1,2,EMP_FRAUD_C -> VEND_SHELL_C -> SUB_PAYBACK_C -> EMP_FRAUD_C,VEND_SHELL_C,SUB_PAYBACK_C,0.0,Historical,97.2,461,Circular Fund Flow
153,batch_153_loop_1,3,EMP_FRAUD_C -> VEND_SHELL_C -> SUB_PAYBACK_C -> EMP_FRAUD_C,SUB_PAYBACK_C,EMP_FRAUD_C,0.0,Historical,90.61,461,Circular Fund Flow
153,batch_153_loop_2,1,EMP_FRAUD_B -> VEND_SHELL_B -> SUB_PAYBACK_B -> EMP_FRAUD_B,EMP_FRAUD_B,VEND_SHELL_B,0.0,Historical,93.69,461,Circular Fund Flow
153,batch_153_loop_2,2,EMP_FRAUD_B -> VEND_SHELL_B -> SUB_PAYBACK_B -> EMP_FRAUD_B,VEND_SHELL_B,SUB_PAYBACK_B,0.0,Historical,91.88,461,Circular Fund Flow
153,batch_153_loop_2,3,EMP_FRAUD_B -> VEND_SHELL_B -> SUB_PAYBACK_B -> EMP_FRAUD_B,SUB_PAYBACK_B,EMP_FRAUD_B,0.0,Historical,94.48,461,Circular Fund Flow
153,batch_153_loop_3,1,EMP_FRAUD_A -> VEND_SHELL_A -> SUB_PAYBACK_A -> EMP_FRAUD_A,EMP_FRAUD_A,VEND_SHELL_A,0.0,Historical,97.04,461,Circular Fund Flow
153,batch_153_loop_3,2,EMP_FRAUD_A -> VEND_SHELL_A -> SUB_PAYBACK_A -> EMP_FRAUD_A,VEND_SHELL_A,SUB_PAYBACK_A,0.0,Historical,89.34,461,Circular Fund Flow
153,batch_153_loop_3,3,EMP_FRAUD_A -> VEND_SHELL_A -> SUB_PAYBACK_A -> EMP_FRAUD_A,SUB_PAYBACK_A,EMP_FRAUD_A,0.0,Historical,98.59,461,Circular Fund Flow
154,batch_154_loop_1,1,EMP_FRAUD_C -> VEND_SHELL_C -> SUB_PAYBACK_C -> EMP_FRAUD_C,EMP_FRAUD_C,VEND_SHELL_C,0.0,Historical,94.64,456,Circular Fund Flow
154,batch_154_loop_1,2,EMP_FRAUD_C -> VEND_SHELL_C -> SUB_PAYBACK_C -> EMP_FRAUD_C,VEND_SHELL_C,SUB_PAYBACK_C,0.0,Historical,94.13,456,Circular Fund Flow
154,batch_154_loop_1,3,EMP_FRAUD_C -> VEND_SHELL_C -> SUB_PAYBACK_C -> EMP_FRAUD_C,SUB_PAYBACK_C,EMP_FRAUD_C,0.0,Historical,87.77,456,Circular Fund Flow
154,batch_154_loop_2,1,EMP_FRAUD_B -> VEND_SHELL_B -> SUB_PAYBACK_B -> EMP_FRAUD_B,EMP_FRAUD_B,VEND_SHELL_B,0.0,Historical,95.3,456,Circular Fund Flow
154,batch_154_loop_2,2,EMP_FRAUD_B -> VEND_SHELL_B -> SUB_PAYBACK_B -> EMP_FRAUD_B,VEND_SHELL_B,SUB_PAYBACK_B,0.0,Historical,97.99,456,Circular Fund Flow
154,batch_154_loop_2,3,EMP_FRAUD_B -> VEND_SHELL_B -> SUB_PAYBACK_B -> EMP_FRAUD_B,SUB_PAYBACK_B,EMP_FRAUD_B,0.0,Historical,90.48,456,Circular Fund Flow
154,batch_154_loop_3,1,EMP_FRAUD_A -> VEND_SHELL_A -> SUB_PAYBACK_A -> EMP_FRAUD_A,EMP_FRAUD_A,VEND_SHELL_A,0.0,Historical,90.48,456,Circular Fund Flow
154,batch_154_loop_3,2,EMP_FRAUD_A -> VEND_SHELL_A -> SUB_PAYBACK_A -> EMP_FRAUD_A,VEND_SHELL_A,SUB_PAYBACK_A,0.0,Historical,91.61,456,Circular Fund Flow
154,batch_154_loop_3,3,EMP_FRAUD_A -> VEND_SHELL_A -> SUB_PAYBACK_A -> EMP_FRAUD_A,SUB_PAYBACK_A,EMP_FRAUD_A,0.0,Historical,87.64,456,Circular Fund Flow
155,batch_155_loop_1,1,EMP_FRAUD_C -> VEND_SHELL_C -> SUB_PAYBACK_C -> EMP_FRAUD_C,EMP_FRAUD_C,VEND_SHELL_C,0.0,Historical,94.71,454,Circular Fund Flow
155,batch_155_loop_1,2,EMP_FRAUD_C -> VEND_SHELL_C -> SUB_PAYBACK_C -> EMP_FRAUD_C,VEND_SHELL_C,SUB_PAYBACK_C,0.0,Historical,91.38,454,Circular Fund Flow
155,batch_155_loop_1,3,EMP_FRAUD_C -> VEND_SHELL_C -> SUB_PAYBACK_C -> EMP_FRAUD_C,SUB_PAYBACK_C,EMP_FRAUD_C,0.0,Historical,85.51,454,Circular Fund Flow
155,batch_155_loop_2,1,EMP_FRAUD_B -> VEND_SHELL_B -> SUB_PAYBACK_B -> EMP_FRAUD_B,EMP_FRAUD_B,VEND_SHELL_B,0.0,Historical,97.58,454,Circular Fund Flow
155,batch_155_loop_2,2,EMP_FRAUD_B -> VEND_SHELL_B -> SUB_PAYBACK_B -> EMP_FRAUD_B,VEND_SHELL_B,SUB_PAYBACK_B,0.0,Historical,86.8,454,Circular Fund Flow
155,batch_155_loop_2,3,EMP_FRAUD_B -> VEND_SHELL_B -> SUB_PAYBACK_B -> EMP_FRAUD_B,SUB_PAYBACK_B,EMP_FRAUD_B,0.0,Historical,96.49,454,Circular Fund Flow
155,batch_155_loop_3,1,EMP_FRAUD_A -> VEND_SHELL_A -> SUB_PAYBACK_A -> EMP_FRAUD_A,EMP_FRAUD_A,VEND_SHELL_A,0.0,Historical,94.41,454,Circular Fund Flow
155,batch_155_loop_3,2,EMP_FRAUD_A -> VEND_SHELL_A -> SUB_PAYBACK_A -> EMP_FRAUD_A,VEND_SHELL_A,SUB_PAYBACK_A,0.0,Historical,93.94,454,Circular Fund Flow
155,batch_155_loop_3,3,EMP_FRAUD_A -> VEND_SHELL_A -> SUB_PAYBACK_A -> EMP_FRAUD_A,SUB_PAYBACK_A,EMP_FRAUD_A,0.0,Historical,94.66,454,Circular Fund Flow
156,batch_156_loop_1,1,EMP_FRAUD_C -> VEND_SHELL_C -> SUB_PAYBACK_C -> EMP_FRAUD_C,EMP_FRAUD_C,VEND_SHELL_C,0.0,Historical,96.59,459,Circular Fund Flow
156,batch_156_loop_1,2,EMP_FRAUD_C -> VEND_SHELL_C -> SUB_PAYBACK_C -> EMP_FRAUD_C,VEND_SHELL_C,SUB_PAYBACK_C,0.0,Historical,90.26,459,Circular Fund Flow
156,batch_156_loop_1,3,EMP_FRAUD_C -> VEND_SHELL_C -> SUB_PAYBACK_C -> EMP_FRAUD_C,SUB_PAYBACK_C,EMP_FRAUD_C,0.0,Historical,90.82,459,Circular Fund Flow
156,batch_156_loop_2,1,EMP_FRAUD_B -> VEND_SHELL_B -> SUB_PAYBACK_B -> EMP_FRAUD_B,EMP_FRAUD_B,VEND_SHELL_B,0.0,Historical,85.94,459,Circular Fund Flow
156,batch_156_loop_2,2,EMP_FRAUD_B -> VEND_SHELL_B -> SUB_PAYBACK_B -> EMP_FRAUD_B,VEND_SHELL_B,SUB_PAYBACK_B,0.0,Historical,97.08,459,Circular Fund Flow
156,batch_156_loop_2,3,EMP_FRAUD_B -> VEND_SHELL_B -> SUB_PAYBACK_B -> EMP_FRAUD_B,SUB_PAYBACK_B,EMP_FRAUD_B,0.0,Historical,90.48,459,Circular Fund Flow
156,batch_156_loop_3,1,EMP_FRAUD_A -> VEND_SHELL_A -> SUB_PAYBACK_A -> EMP_FRAUD_A,EMP_FRAUD_A,VEND_SHELL_A,0.0,Historical,98.9,459,Circular Fund Flow
156,batch_156_loop_3,2,EMP_FRAUD_A -> VEND_SHELL_A -> SUB_PAYBACK_A -> EMP_FRAUD_A,VEND_SHELL_A,SUB_PAYBACK_A,0.0,Historical,98.93,459,Circular Fund Flow
156,batch_156_loop_3,3,EMP_FRAUD_A -> VEND_SHELL_A -> SUB_PAYBACK_A -> EMP_FRAUD_A,SUB_PAYBACK_A,EMP_FRAUD_A,0.0,Historical,96.25,459,Circular Fund Flow
157,batch_157_loop_1,1,EMP_FRAUD_C -> VEND_SHELL_C -> SUB_PAYBACK_C -> EMP_FRAUD_C,EMP_FRAUD_C,VEND_SHELL_C,0.0,Historical,94.15,463,Circular Fund Flow
157,batch_157_loop_1,2,EMP_FRAUD_C -> VEND_SHELL_C -> SUB_PAYBACK_C -> EMP_FRAUD_C,VEND_SHELL_C,SUB_PAYBACK_C,0.0,Historical,98.25,463,Circular Fund Flow
157,batch_157_loop_1,3,EMP_FRAUD_C -> VEND_SHELL_C -> SUB_PAYBACK_C -> EMP_FRAUD_C,SUB_PAYBACK_C,EMP_FRAUD_C,0.0,Historical,94.66,463,Circular Fund Flow
157,batch_157_loop_2,1,EMP_FRAUD_B -> VEND_SHELL_B -> SUB_PAYBACK_B -> EMP_FRAUD_B,EMP_FRAUD_B,VEND_SHELL_B,0.0,Historical,96.2,463,Circular Fund Flow
157,batch_157_loop_2,2,EMP_FRAUD_B -> VEND_SHELL_B -> SUB_PAYBACK_B -> EMP_FRAUD_B,VEND_SHELL_B,SUB_PAYBACK_B,0.0,Historical,97.99,463,Circular Fund Flow
157,batch_157_loop_2,3,EMP_FRAUD_B -> VEND_SHELL_B -> SUB_PAYBACK_B -> EMP_FRAUD_B,SUB_PAYBACK_B,EMP_FRAUD_B,0.0,Historical,95.73,463,Circular Fund Flow
157,batch_157_loop_3,1,EMP_FRAUD_A -> VEND_SHELL_A -> SUB_PAYBACK_A -> EMP_FRAUD_A,EMP_FRAUD_A,VEND_SHELL_A,0.0,Historical,97.37,463,Circular Fund Flow
157,batch_157_loop_3,2,EMP_FRAUD_A -> VEND_SHELL_A -> SUB_PAYBACK_A -> EMP_FRAUD_A,VEND_SHELL_A,SUB_PAYBACK_A,0.0,Historical,95.09,463,Circular Fund Flow
157,batch_157_loop_3,3,EMP_FRAUD_A -> VEND_SHELL_A -> SUB_PAYBACK_A -> EMP_FRAUD_A,SUB_PAYBACK_A,EMP_FRAUD_A,0.0,Historical,94.8,463,Circular Fund Flow
158,batch_158_loop_1,1,EMP_FRAUD_C -> VEND_SHELL_C -> SUB_PAYBACK_C -> EMP_FRAUD_C,EMP_FRAUD_C,VEND_SHELL_C,0.0,Historical,96.8,450,Circular Fund Flow
158,batch_158_loop_1,2,EMP_FRAUD_C -> VEND_SHELL_C -> SUB_PAYBACK_C -> EMP_FRAUD_C,VEND_SHELL_C,SUB_PAYBACK_C,0.0,Historical,93.41,450,Circular Fund Flow
158,batch_158_loop_1,3,EMP_FRAUD_C -> VEND_SHELL_C -> SUB_PAYBACK_C -> EMP_FRAUD_C,SUB_PAYBACK_C,EMP_FRAUD_C,0.0,Historical,88.76,450,Circular Fund Flow
158,batch_158_loop_2,1,EMP_FRAUD_B -> VEND_SHELL_B -> SUB_PAYBACK_B -> EMP_FRAUD_B,EMP_FRAUD_B,VEND_SHELL_B,0.0,Historical,94.66,450,Circular Fund Flow
158,batch_158_loop_2,2,EMP_FRAUD_B -> VEND_SHELL_B -> SUB_PAYBACK_B -> EMP_FRAUD_B,VEND_SHELL_B,SUB_PAYBACK_B,0.0,Historical,95.81,450,Circular Fund Flow
158,batch_158_loop_2,3,EMP_FRAUD_B -> VEND_SHELL_B -> SUB_PAYBACK_B -> EMP_FRAUD_B,SUB_PAYBACK_B,EMP_FRAUD_B,0.0,Historical,97.21,450,Circular Fund Flow
158,batch_158_loop_3,1,EMP_FRAUD_A -> VEND_SHELL_A -> SUB_PAYBACK_A -> EMP_FRAUD_A,EMP_FRAUD_A,VEND_SHELL_A,0.0,Historical,94.43,450,Circular Fund Flow
158,batch_158_loop_3,2,EMP_FRAUD_A -> VEND_SHELL_A -> SUB_PAYBACK_A -> EMP_FRAUD_A,VEND_SHELL_A,SUB_PAYBACK_A,0.0,Historical,87.43,450,Circular Fund Flow
158,batch_158_loop_3,3,EMP_FRAUD_A -> VEND_SHELL_A -> SUB_PAYBACK_A -> EMP_FRAUD_A,SUB_PAYBACK_A,EMP_FRAUD_A,0.0,Historical,93.86,450,Circular Fund Flow
159,batch_159_loop_1,1,EMP_FRAUD_C -> VEND_SHELL_C -> SUB_PAYBACK_C -> EMP_FRAUD_C,EMP_FRAUD_C,VEND_SHELL_C,0.0,Historical,87.92,437,Circular Fund Flow
159,batch_159_loop_1,2,EMP_FRAUD_C -> VEND_SHELL_C -> SUB_PAYBACK_C -> EMP_FRAUD_C,VEND_SHELL_C,SUB_PAYBACK_C,0.0,Historical,90.31,437,Circular Fund Flow
159,batch_159_loop_1,3,EMP_FRAUD_C -> VEND_SHELL_C -> SUB_PAYBACK_C -> EMP_FRAUD_C,SUB_PAYBACK_C,EMP_FRAUD_C,0.0,Historical,94.56,437,Circular Fund Flow
159,batch_159_loop_2,1,EMP_FRAUD_B -> VEND_SHELL_B -> SUB_PAYBACK_B -> EMP_FRAUD_B,EMP_FRAUD_B,VEND_SHELL_B,0.0,Historical,92.2,437,Circular Fund Flow
159,batch_159_loop_2,2,EMP_FRAUD_B -> VEND_SHELL_B -> SUB_PAYBACK_B -> EMP_FRAUD_B,VEND_SHELL_B,SUB_PAYBACK_B,0.0,Historical,90.44,437,Circular Fund Flow
159,batch_159_loop_2,3,EMP_FRAUD_B -> VEND_SHELL_B -> SUB_PAYBACK_B -> EMP_FRAUD_B,SUB_PAYBACK_B,EMP_FRAUD_B,0.0,Historical,88.47,437,Circular Fund Flow
159,batch_159_loop_3,1,EMP_FRAUD_A -> VEND_SHELL_A -> SUB_PAYBACK_A -> EMP_FRAUD_A,EMP_FRAUD_A,VEND_SHELL_A,0.0,Historical,88.26,437,Circular Fund Flow
159,batch_159_loop_3,2,EMP_FRAUD_A -> VEND_SHELL_A -> SUB_PAYBACK_A -> EMP_FRAUD_A,VEND_SHELL_A,SUB_PAYBACK_A,0.0,Historical,92.16,437,Circular Fund Flow
159,batch_159_loop_3,3,EMP_FRAUD_A -> VEND_SHELL_A -> SUB_PAYBACK_A -> EMP_FRAUD_A,SUB_PAYBACK_A,EMP_FRAUD_A,0.0,Historical,89.04,437,Circular Fund Flow
160,batch_160_loop_1,1,EMP_FRAUD_C -> VEND_SHELL_C -> SUB_PAYBACK_C -> EMP_FRAUD_C,EMP_FRAUD_C,VEND_SHELL_C,0.0,Historical,87.63,396,Circular Fund Flow
160,batch_160_loop_1,2,EMP_FRAUD_C -> VEND_SHELL_C -> SUB_PAYBACK_C -> EMP_FRAUD_C,VEND_SHELL_C,SUB_PAYBACK_C,0.0,Historical,88.69,396,Circular Fund Flow
160,batch_160_loop_1,3,EMP_FRAUD_C -> VEND_SHELL_C -> SUB_PAYBACK_C -> EMP_FRAUD_C,SUB_PAYBACK_C,EMP_FRAUD_C,0.0,Historical,92.98,396,Circular Fund Flow
160,batch_160_loop_2,1,EMP_FRAUD_B -> VEND_SHELL_B -> SUB_PAYBACK_B -> EMP_FRAUD_B,EMP_FRAUD_B,VEND_SHELL_B,0.0,Historical,96.04,396,Circular Fund Flow
160,batch_160_loop_2,2,EMP_FRAUD_B -> VEND_SHELL_B -> SUB_PAYBACK_B -> EMP_FRAUD_B,VEND_SHELL_B,SUB_PAYBACK_B,0.0,Historical,97.45,396,Circular Fund Flow
160,batch_160_loop_2,3,EMP_FRAUD_B -> VEND_SHELL_B -> SUB_PAYBACK_B -> EMP_FRAUD_B,SUB_PAYBACK_B,EMP_FRAUD_B,0.0,Historical,93.64,396,Circular Fund Flow
160,batch_160_loop_3,1,EMP_FRAUD_A -> VEND_SHELL_A -> SUB_PAYBACK_A -> EMP_FRAUD_A,EMP_FRAUD_A,VEND_SHELL_A,0.0,Historical,92.95,396,Circular Fund Flow
160,batch_160_loop_3,2,EMP_FRAUD_A -> VEND_SHELL_A -> SUB_PAYBACK_A -> EMP_FRAUD_A,VEND_SHELL_A,SUB_PAYBACK_A,0.0,Historical,91.86,396,Circular Fund Flow
160,batch_160_loop_3,3,EMP_FRAUD_A -> VEND_SHELL_A -> SUB_PAYBACK_A -> EMP_FRAUD_A,SUB_PAYBACK_A,EMP_FRAUD_A,0.0,Historical,93.43,396,Circular Fund Flow
161,batch_161_loop_1,1,EMP_FRAUD_C -> VEND_SHELL_C -> SUB_PAYBACK_C -> EMP_FRAUD_C,EMP_FRAUD_C,VEND_SHELL_C,0.0,Historical,93.42,442,Circular Fund Flow
161,batch_161_loop_1,2,EMP_FRAUD_C -> VEND_SHELL_C -> SUB_PAYBACK_C -> EMP_FRAUD_C,VEND_SHELL_C,SUB_PAYBACK_C,0.0,Historical,94.99,442,Circular Fund Flow
161,batch_161_loop_1,3,EMP_FRAUD_C -> VEND_SHELL_C -> SUB_PAYBACK_C -> EMP_FRAUD_C,SUB_PAYBACK_C,EMP_FRAUD_C,0.0,Historical,95.73,442,Circular Fund Flow
161,batch_161_loop_2,1,EMP_FRAUD_B -> VEND_SHELL_B -> SUB_PAYBACK_B -> EMP_FRAUD_B,EMP_FRAUD_B,VEND_SHELL_B,0.0,Historical,98.58,442,Circular Fund Flow
161,batch_161_loop_2,2,EMP_FRAUD_B -> VEND_SHELL_B -> SUB_PAYBACK_B -> EMP_FRAUD_B,VEND_SHELL_B,SUB_PAYBACK_B,0.0,Historical,94.39,442,Circular Fund Flow
161,batch_161_loop_2,3,EMP_FRAUD_B -> VEND_SHELL_B -> SUB_PAYBACK_B -> EMP_FRAUD_B,SUB_PAYBACK_B,EMP_FRAUD_B,0.0,Historical,97.2,442,Circular Fund Flow
161,batch_161_loop_3,1,EMP_FRAUD_A -> VEND_SHELL_A -> SUB_PAYBACK_A -> EMP_FRAUD_A,EMP_FRAUD_A,VEND_SHELL_A,0.0,Historical,94.45,442,Circular Fund Flow
161,batch_161_loop_3,2,EMP_FRAUD_A -> VEND_SHELL_A -> SUB_PAYBACK_A -> EMP_FRAUD_A,VEND_SHELL_A,SUB_PAYBACK_A,0.0,Historical,98.4,442,Circular Fund Flow
161,batch_161_loop_3,3,EMP_FRAUD_A -> VEND_SHELL_A -> SUB_PAYBACK_A -> EMP_FRAUD_A,SUB_PAYBACK_A,EMP_FRAUD_A,0.0,Historical,91.9,442,Circular Fund Flow
162,batch_162_loop_1,1,EMP_FRAUD_C -> VEND_SHELL_C -> SUB_PAYBACK_C -> EMP_FRAUD_C,EMP_FRAUD_C,VEND_SHELL_C,0.0,Historical,97.33,449,Circular Fund Flow
162,batch_162_loop_1,2,EMP_FRAUD_C -> VEND_SHELL_C -> SUB_PAYBACK_C -> EMP_FRAUD_C,VEND_SHELL_C,SUB_PAYBACK_C,0.0,Historical,93.76,449,Circular Fund Flow
162,batch_162_loop_1,3,EMP_FRAUD_C -> VEND_SHELL_C -> SUB_PAYBACK_C -> EMP_FRAUD_C,SUB_PAYBACK_C,EMP_FRAUD_C,0.0,Historical,88.13,449,Circular Fund Flow
162,batch_162_loop_2,1,EMP_FRAUD_B -> VEND_SHELL_B -> SUB_PAYBACK_B -> EMP_FRAUD_B,EMP_FRAUD_B,VEND_SHELL_B,0.0,Historical,90.21,449,Circular Fund Flow
162,batch_162_loop_2,2,EMP_FRAUD_B -> VEND_SHELL_B -> SUB_PAYBACK_B -> EMP_FRAUD_B,VEND_SHELL_B,SUB_PAYBACK_B,0.0,Historical,97.65,449,Circular Fund Flow
162,batch_162_loop_2,3,EMP_FRAUD_B -> VEND_SHELL_B -> SUB_PAYBACK_B -> EMP_FRAUD_B,SUB_PAYBACK_B,EMP_FRAUD_B,0.0,Historical,93.23,449,Circular Fund Flow
162,batch_162_loop_3,1,EMP_FRAUD_A -> VEND_SHELL_A -> SUB_PAYBACK_A -> EMP_FRAUD_A,EMP_FRAUD_A,VEND_SHELL_A,0.0,Historical,91.78,449,Circular Fund Flow
162,batch_162_loop_3,2,EMP_FRAUD_A -> VEND_SHELL_A -> SUB_PAYBACK_A -> EMP_FRAUD_A,VEND_SHELL_A,SUB_PAYBACK_A,0.0,Historical,90.98,449,Circular Fund Flow
162,batch_162_loop_3,3,EMP_FRAUD_A -> VEND_SHELL_A -> SUB_PAYBACK_A -> EMP_FRAUD_A,SUB_PAYBACK_A,EMP_FRAUD_A,0.0,Historical,90.21,449,Circular Fund Flow
163,batch_163_loop_1,1,EMP_FRAUD_C -> VEND_SHELL_C -> SUB_PAYBACK_C -> EMP_FRAUD_C,EMP_FRAUD_C,VEND_SHELL_C,0.0,Historical,89.36,443,Circular Fund Flow
163,batch_163_loop_1,2,EMP_FRAUD_C -> VEND_SHELL_C -> SUB_PAYBACK_C -> EMP_FRAUD_C,VEND_SHELL_C,SUB_PAYBACK_C,0.0,Historical,85.67,443,Circular Fund Flow
163,batch_163_loop_1,3,EMP_FRAUD_C -> VEND_SHELL_C -> SUB_PAYBACK_C -> EMP_FRAUD_C,SUB_PAYBACK_C,EMP_FRAUD_C,0.0,Historical,93.31,443,Circular Fund Flow
163,batch_163_loop_2,1,EMP_FRAUD_B -> VEND_SHELL_B -> SUB_PAYBACK_B -> EMP_FRAUD_B,EMP_FRAUD_B,VEND_SHELL_B,0.0,Historical,88.55,443,Circular Fund Flow
163,batch_163_loop_2,2,EMP_FRAUD_B -> VEND_SHELL_B -> SUB_PAYBACK_B -> EMP_FRAUD_B,VEND_SHELL_B,SUB_PAYBACK_B,0.0,Historical,88.49,443,Circular Fund Flow
163,batch_163_loop_2,3,EMP_FRAUD_B -> VEND_SHELL_B -> SUB_PAYBACK_B -> EMP_FRAUD_B,SUB_PAYBACK_B,EMP_FRAUD_B,0.0,Historical,89.42,443,Circular Fund Flow
163,batch_163_loop_3,1,EMP_FRAUD_A -> VEND_SHELL_A -> SUB_PAYBACK_A -> EMP_FRAUD_A,EMP_FRAUD_A,VEND_SHELL_A,0.0,Historical,95.98,443,Circular Fund Flow
163,batch_163_loop_3,2,EMP_FRAUD_A -> VEND_SHELL_A -> SUB_PAYBACK_A -> EMP_FRAUD_A,VEND_SHELL_A,SUB_PAYBACK_A,0.0,Historical,95.04,443,Circular Fund Flow
163,batch_163_loop_3,3,EMP_FRAUD_A -> VEND_SHELL_A -> SUB_PAYBACK_A -> EMP_FRAUD_A,SUB_PAYBACK_A,EMP_FRAUD_A,0.0,Historical,85.93,443,Circular Fund Flow
164,batch_164_loop_1,1,EMP_FRAUD_C -> VEND_SHELL_C -> SUB_PAYBACK_C -> EMP_FRAUD_C,EMP_FRAUD_C,VEND_SHELL_C,0.0,Historical,86.65,442,Circular Fund Flow
164,batch_164_loop_1,2,EMP_FRAUD_C -> VEND_SHELL_C -> SUB_PAYBACK_C -> EMP_FRAUD_C,VEND_SHELL_C,SUB_PAYBACK_C,0.0,Historical,93.21,442,Circular Fund Flow
164,batch_164_loop_1,3,EMP_FRAUD_C -> VEND_SHELL_C -> SUB_PAYBACK_C -> EMP_FRAUD_C,SUB_PAYBACK_C,EMP_FRAUD_C,0.0,Historical,95.88,442,Circular Fund Flow
164,batch_164_loop_2,1,EMP_FRAUD_B -> VEND_SHELL_B -> SUB_PAYBACK_B -> EMP_FRAUD_B,EMP_FRAUD_B,VEND_SHELL_B,0.0,Historical,97.26,442,Circular Fund Flow
164,batch_164_loop_2,2,EMP_FRAUD_B -> VEND_SHELL_B -> SUB_PAYBACK_B -> EMP_FRAUD_B,VEND_SHELL_B,SUB_PAYBACK_B,0.0,Historical,97.46,442,Circular Fund Flow
164,batch_164_loop_2,3,EMP_FRAUD_B -> VEND_SHELL_B -> SUB_PAYBACK_B -> EMP_FRAUD_B,SUB_PAYBACK_B,EMP_FRAUD_B,0.0,Historical,98.8,442,Circular Fund Flow
164,batch_164_loop_3,1,EMP_FRAUD_A -> VEND_SHELL_A -> SUB_PAYBACK_A -> EMP_FRAUD_A,EMP_FRAUD_A,VEND_SHELL_A,0.0,Historical,86.01,442,Circular Fund Flow
164,batch_164_loop_3,2,EMP_FRAUD_A -> VEND_SHELL_A -> SUB_PAYBACK_A -> EMP_FRAUD_A,VEND_SHELL_A,SUB_PAYBACK_A,0.0,Historical,88.81,442,Circular Fund Flow
164,batch_164_loop_3,3,EMP_FRAUD_A -> VEND_SHELL_A -> SUB_PAYBACK_A -> EMP_FRAUD_A,SUB_PAYBACK_A,EMP_FRAUD_A,0.0,Historical,93.34,442,Circular Fund Flow
165,batch_165_loop_1,1,EMP_FRAUD_C -> VEND_SHELL_C -> SUB_PAYBACK_C -> EMP_FRAUD_C,EMP_FRAUD_C,VEND_SHELL_C,0.0,Historical,93.57,443,Circular Fund Flow
165,batch_165_loop_1,2,EMP_FRAUD_C -> VEND_SHELL_C -> SUB_PAYBACK_C -> EMP_FRAUD_C,VEND_SHELL_C,SUB_PAYBACK_C,0.0,Historical,92.76,443,Circular Fund Flow
165,batch_165_loop_1,3,EMP_FRAUD_C -> VEND_SHELL_C -> SUB_PAYBACK_C -> EMP_FRAUD_C,SUB_PAYBACK_C,EMP_FRAUD_C,0.0,Historical,93.82,443,Circular Fund Flow
165,batch_165_loop_2,1,EMP_FRAUD_B -> VEND_SHELL_B -> SUB_PAYBACK_B -> EMP_FRAUD_B,EMP_FRAUD_B,VEND_SHELL_B,0.0,Historical,88.91,443,Circular Fund Flow
165,batch_165_loop_2,2,EMP_FRAUD_B -> VEND_SHELL_B -> SUB_PAYBACK_B -> EMP_FRAUD_B,VEND_SHELL_B,SUB_PAYBACK_B,0.0,Historical,88.15,443,Circular Fund Flow
165,batch_165_loop_2,3,EMP_FRAUD_B -> VEND_SHELL_B -> SUB_PAYBACK_B -> EMP_FRAUD_B,SUB_PAYBACK_B,EMP_FRAUD_B,0.0,Historical,97.03,443,Circular Fund Flow
165,batch_165_loop_3,1,EMP_FRAUD_A -> VEND_SHELL_A -> SUB_PAYBACK_A -> EMP_FRAUD_A,EMP_FRAUD_A,VEND_SHELL_A,0.0,Historical,89.04,443,Circular Fund Flow
165,batch_165_loop_3,2,EMP_FRAUD_A -> VEND_SHELL_A -> SUB_PAYBACK_A -> EMP_FRAUD_A,VEND_SHELL_A,SUB_PAYBACK_A,0.0,Historical,88.34,443,Circular Fund Flow
165,batch_165_loop_3,3,EMP_FRAUD_A -> VEND_SHELL_A -> SUB_PAYBACK_A -> EMP_FRAUD_A,SUB_PAYBACK_A,EMP_FRAUD_A,0.0,Historical,93.15,443,Circular Fund Flow
166,batch_166_loop_1,1,EMP_FRAUD_C -> VEND_SHELL_C -> SUB_PAYBACK_C -> EMP_FRAUD_C,EMP_FRAUD_C,VEND_SHELL_C,0.0,Historical,96.77,451,Circular Fund Flow
166,batch_166_loop_1,2,EMP_FRAUD_C -> VEND_SHELL_C -> SUB_PAYBACK_C -> EMP_FRAUD_C,VEND_SHELL_C,SUB_PAYBACK_C,0.0,Historical,91.46,451,Circular Fund Flow
166,batch_166_loop_1,3,EMP_FRAUD_C -> VEND_SHELL_C -> SUB_PAYBACK_C -> EMP_FRAUD_C,SUB_PAYBACK_C,EMP_FRAUD_C,0.0,Historical,98.49,451,Circular Fund Flow
166,batch_166_loop_2,1,EMP_FRAUD_B -> VEND_SHELL_B -> SUB_PAYBACK_B -> EMP_FRAUD_B,EMP_FRAUD_B,VEND_SHELL_B,0.0,Historical,91.24,451,Circular Fund Flow
166,batch_166_loop_2,2,EMP_FRAUD_B -> VEND_SHELL_B -> SUB_PAYBACK_B -> EMP_FRAUD_B,VEND_SHELL_B,SUB_PAYBACK_B,0.0,Historical,93.03,451,Circular Fund Flow
166,batch_166_loop_2,3,EMP_FRAUD_B -> VEND_SHELL_B -> SUB_PAYBACK_B -> EMP_FRAUD_B,SUB_PAYBACK_B,EMP_FRAUD_B,0.0,Historical,85.44,451,Circular Fund Flow
166,batch_166_loop_3,1,EMP_FRAUD_A -> VEND_SHELL_A -> SUB_PAYBACK_A -> EMP_FRAUD_A,EMP_FRAUD_A,VEND_SHELL_A,0.0,Historical,86.29,451,Circular Fund Flow
166,batch_166_loop_3,2,EMP_FRAUD_A -> VEND_SHELL_A -> SUB_PAYBACK_A -> EMP_FRAUD_A,VEND_SHELL_A,SUB_PAYBACK_A,0.0,Historical,95.45,451,Circular Fund Flow
166,batch_166_loop_3,3,EMP_FRAUD_A -> VEND_SHELL_A -> SUB_PAYBACK_A -> EMP_FRAUD_A,SUB_PAYBACK_A,EMP_FRAUD_A,0.0,Historical,86.36,451,Circular Fund Flow
167,batch_167_loop_1,1,EMP_FRAUD_C -> VEND_SHELL_C -> SUB_PAYBACK_C -> EMP_FRAUD_C,EMP_FRAUD_C,VEND_SHELL_C,0.0,Historical,93.07,448,Circular Fund Flow
167,batch_167_loop_1,2,EMP_FRAUD_C -> VEND_SHELL_C -> SUB_PAYBACK_C -> EMP_FRAUD_C,VEND_SHELL_C,SUB_PAYBACK_C,0.0,Historical,95.34,448,Circular Fund Flow
167,batch_167_loop_1,3,EMP_FRAUD_C -> VEND_SHELL_C -> SUB_PAYBACK_C -> EMP_FRAUD_C,SUB_PAYBACK_C,EMP_FRAUD_C,0.0,Historical,89.44,448,Circular Fund Flow
167,batch_167_loop_2,1,EMP_FRAUD_B -> VEND_SHELL_B -> SUB_PAYBACK_B -> EMP_FRAUD_B,EMP_FRAUD_B,VEND_SHELL_B,0.0,Historical,92.46,448,Circular Fund Flow
167,batch_167_loop_2,2,EMP_FRAUD_B -> VEND_SHELL_B -> SUB_PAYBACK_B -> EMP_FRAUD_B,VEND_SHELL_B,SUB_PAYBACK_B,0.0,Historical,90.86,448,Circular Fund Flow
167,batch_167_loop_2,3,EMP_FRAUD_B -> VEND_SHELL_B -> SUB_PAYBACK_B -> EMP_FRAUD_B,SUB_PAYBACK_B,EMP_FRAUD_B,0.0,Historical,88.55,448,Circular Fund Flow
167,batch_167_loop_3,1,EMP_FRAUD_A -> VEND_SHELL_A -> SUB_PAYBACK_A -> EMP_FRAUD_A,EMP_FRAUD_A,VEND_SHELL_A,0.0,Historical,90.13,448,Circular Fund Flow
167,batch_167_loop_3,2,EMP_FRAUD_A -> VEND_SHELL_A -> SUB_PAYBACK_A -> EMP_FRAUD_A,VEND_SHELL_A,SUB_PAYBACK_A,0.0,Historical,91.73,448,Circular Fund Flow
167,batch_167_loop_3,3,EMP_FRAUD_A -> VEND_SHELL_A -> SUB_PAYBACK_A -> EMP_FRAUD_A,SUB_PAYBACK_A,EMP_FRAUD_A,0.0,Historical,93.77,448,Circular Fund Flow
168,batch_168_loop_1,1,EMP_FRAUD_C -> VEND_SHELL_C -> SUB_PAYBACK_C -> EMP_FRAUD_C,EMP_FRAUD_C,VEND_SHELL_C,0.0,Historical,97.62,449,Circular Fund Flow
168,batch_168_loop_1,2,EMP_FRAUD_C -> VEND_SHELL_C -> SUB_PAYBACK_C -> EMP_FRAUD_C,VEND_SHELL_C,SUB_PAYBACK_C,0.0,Historical,88.35,449,Circular Fund Flow
168,batch_168_loop_1,3,EMP_FRAUD_C -> VEND_SHELL_C -> SUB_PAYBACK_C -> EMP_FRAUD_C,SUB_PAYBACK_C,EMP_FRAUD_C,0.0,Historical,92.65,449,Circular Fund Flow
168,batch_168_loop_2,1,EMP_FRAUD_B -> VEND_SHELL_B -> SUB_PAYBACK_B -> EMP_FRAUD_B,EMP_FRAUD_B,VEND_SHELL_B,0.0,Historical,93.88,449,Circular Fund Flow
168,batch_168_loop_2,2,EMP_FRAUD_B -> VEND_SHELL_B -> SUB_PAYBACK_B -> EMP_FRAUD_B,VEND_SHELL_B,SUB_PAYBACK_B,0.0,Historical,91.71,449,Circular Fund Flow
168,batch_168_loop_2,3,EMP_FRAUD_B -> VEND_SHELL_B -> SUB_PAYBACK_B -> EMP_FRAUD_B,SUB_PAYBACK_B,EMP_FRAUD_B,0.0,Historical,85.99,449,Circular Fund Flow
168,batch_168_loop_3,1,EMP_FRAUD_A -> VEND_SHELL_A -> SUB_PAYBACK_A -> EMP_FRAUD_A,EMP_FRAUD_A,VEND_SHELL_A,0.0,Historical,91.58,449,Circular Fund Flow
168,batch_168_loop_3,2,EMP_FRAUD_A -> VEND_SHELL_A -> SUB_PAYBACK_A -> EMP_FRAUD_A,VEND_SHELL_A,SUB_PAYBACK_A,0.0,Historical,95.94,449,Circular Fund Flow
168,batch_168_loop_3,3,EMP_FRAUD_A -> VEND_SHELL_A -> SUB_PAYBACK_A -> EMP_FRAUD_A,SUB_PAYBACK_A,EMP_FRAUD_A,0.0,Historical,85.36,449,Circular Fund Flow
169,batch_169_loop_1,1,EMP_FRAUD_C -> VEND_SHELL_C -> SUB_PAYBACK_C -> EMP_FRAUD_C,EMP_FRAUD_C,VEND_SHELL_C,0.0,Historical,93.61,448,Circular Fund Flow
169,batch_169_loop_1,2,EMP_FRAUD_C -> VEND_SHELL_C -> SUB_PAYBACK_C -> EMP_FRAUD_C,VEND_SHELL_C,SUB_PAYBACK_C,0.0,Historical,86.5,448,Circular Fund Flow
169,batch_169_loop_1,3,EMP_FRAUD_C -> VEND_SHELL_C -> SUB_PAYBACK_C -> EMP_FRAUD_C,SUB_PAYBACK_C,EMP_FRAUD_C,0.0,Historical,98.8,448,Circular Fund Flow
169,batch_169_loop_2,1,EMP_FRAUD_B -> VEND_SHELL_B -> SUB_PAYBACK_B -> EMP_FRAUD_B,EMP_FRAUD_B,VEND_SHELL_B,0.0,Historical,92.89,448,Circular Fund Flow
169,batch_169_loop_2,2,EMP_FRAUD_B -> VEND_SHELL_B -> SUB_PAYBACK_B -> EMP_FRAUD_B,VEND_SHELL_B,SUB_PAYBACK_B,0.0,Historical,86.75,448,Circular Fund Flow
169,batch_169_loop_2,3,EMP_FRAUD_B -> VEND_SHELL_B -> SUB_PAYBACK_B -> EMP_FRAUD_B,SUB_PAYBACK_B,EMP_FRAUD_B,0.0,Historical,92.33,448,Circular Fund Flow
169,batch_169_loop_3,1,EMP_FRAUD_A -> VEND_SHELL_A -> SUB_PAYBACK_A -> EMP_FRAUD_A,EMP_FRAUD_A,VEND_SHELL_A,0.0,Historical,89.39,448,Circular Fund Flow
169,batch_169_loop_3,2,EMP_FRAUD_A -> VEND_SHELL_A -> SUB_PAYBACK_A -> EMP_FRAUD_A,VEND_SHELL_A,SUB_PAYBACK_A,0.0,Historical,86.69,448,Circular Fund Flow
169,batch_169_loop_3,3,EMP_FRAUD_A -> VEND_SHELL_A -> SUB_PAYBACK_A -> EMP_FRAUD_A,SUB_PAYBACK_A,EMP_FRAUD_A,0.0,Historical,89.53,448,Circular Fund Flow
170,batch_170_loop_1,1,EMP_FRAUD_C -> VEND_SHELL_C -> SUB_PAYBACK_C -> EMP_FRAUD_C,EMP_FRAUD_C,VEND_SHELL_C,0.0,Historical,86.31,450,Circular Fund Flow
170,batch_170_loop_1,2,EMP_FRAUD_C -> VEND_SHELL_C -> SUB_PAYBACK_C -> EMP_FRAUD_C,VEND_SHELL_C,SUB_PAYBACK_C,0.0,Historical,88.96,450,Circular Fund Flow
170,batch_170_loop_1,3,EMP_FRAUD_C -> VEND_SHELL_C -> SUB_PAYBACK_C -> EMP_FRAUD_C,SUB_PAYBACK_C,EMP_FRAUD_C,0.0,Historical,92.21,450,Circular Fund Flow
170,batch_170_loop_2,1,EMP_FRAUD_B -> VEND_SHELL_B -> SUB_PAYBACK_B -> EMP_FRAUD_B,EMP_FRAUD_B,VEND_SHELL_B,0.0,Historical,89.26,450,Circular Fund Flow
170,batch_170_loop_2,2,EMP_FRAUD_B -> VEND_SHELL_B -> SUB_PAYBACK_B -> EMP_FRAUD_B,VEND_SHELL_B,SUB_PAYBACK_B,0.0,Historical,95.1,450,Circular Fund Flow
170,batch_170_loop_2,3,EMP_FRAUD_B -> VEND_SHELL_B -> SUB_PAYBACK_B -> EMP_FRAUD_B,SUB_PAYBACK_B,EMP_FRAUD_B,0.0,Historical,98.25,450,Circular Fund Flow
170,batch_170_loop_3,1,EMP_FRAUD_A -> VEND_SHELL_A -> SUB_PAYBACK_A -> EMP_FRAUD_A,EMP_FRAUD_A,VEND_SHELL_A,0.0,Historical,90.92,450,Circular Fund Flow
170,batch_170_loop_3,2,EMP_FRAUD_A -> VEND_SHELL_A -> SUB_PAYBACK_A -> EMP_FRAUD_A,VEND_SHELL_A,SUB_PAYBACK_A,0.0,Historical,95.23,450,Circular Fund Flow
170,batch_170_loop_3,3,EMP_FRAUD_A -> VEND_SHELL_A -> SUB_PAYBACK_A -> EMP_FRAUD_A,SUB_PAYBACK_A,EMP_FRAUD_A,0.0,Historical,89.48,450,Circular Fund Flow
171,batch_171_loop_1,1,EMP_FRAUD_C -> VEND_SHELL_C -> SUB_PAYBACK_C -> EMP_FRAUD_C,EMP_FRAUD_C,VEND_SHELL_C,0.0,Historical,98.72,447,Circular Fund Flow
171,batch_171_loop_1,2,EMP_FRAUD_C -> VEND_SHELL_C -> SUB_PAYBACK_C -> EMP_FRAUD_C,VEND_SHELL_C,SUB_PAYBACK_C,0.0,Historical,88.96,447,Circular Fund Flow
171,batch_171_loop_1,3,EMP_FRAUD_C -> VEND_SHELL_C -> SUB_PAYBACK_C -> EMP_FRAUD_C,SUB_PAYBACK_C,EMP_FRAUD_C,0.0,Historical,91.22,447,Circular Fund Flow
171,batch_171_loop_2,1,EMP_FRAUD_B -> VEND_SHELL_B -> SUB_PAYBACK_B -> EMP_FRAUD_B,EMP_FRAUD_B,VEND_SHELL_B,0.0,Historical,85.06,447,Circular Fund Flow
171,batch_171_loop_2,2,EMP_FRAUD_B -> VEND_SHELL_B -> SUB_PAYBACK_B -> EMP_FRAUD_B,VEND_SHELL_B,SUB_PAYBACK_B,0.0,Historical,86.65,447,Circular Fund Flow
171,batch_171_loop_2,3,EMP_FRAUD_B -> VEND_SHELL_B -> SUB_PAYBACK_B -> EMP_FRAUD_B,SUB_PAYBACK_B,EMP_FRAUD_B,0.0,Historical,97.46,447,Circular Fund Flow
171,batch_171_loop_3,1,EMP_FRAUD_A -> VEND_SHELL_A -> SUB_PAYBACK_A -> EMP_FRAUD_A,EMP_FRAUD_A,VEND_SHELL_A,0.0,Historical,89.7,447,Circular Fund Flow
171,batch_171_loop_3,2,EMP_FRAUD_A -> VEND_SHELL_A -> SUB_PAYBACK_A -> EMP_FRAUD_A,VEND_SHELL_A,SUB_PAYBACK_A,0.0,Historical,86.1,447,Circular Fund Flow
171,batch_171_loop_3,3,EMP_FRAUD_A -> VEND_SHELL_A -> SUB_PAYBACK_A -> EMP_FRAUD_A,SUB_PAYBACK_A,EMP_FRAUD_A,0.0,Historical,88.02,447,Circular Fund Flow
172,batch_172_loop_1,1,EMP_FRAUD_C -> VEND_SHELL_C -> SUB_PAYBACK_C -> EMP_FRAUD_C,EMP_FRAUD_C,VEND_SHELL_C,0.0,Historical,95.22,448,Circular Fund Flow
172,batch_172_loop_1,2,EMP_FRAUD_C -> VEND_SHELL_C -> SUB_PAYBACK_C -> EMP_FRAUD_C,VEND_SHELL_C,SUB_PAYBACK_C,0.0,Historical,90.51,448,Circular Fund Flow
172,batch_172_loop_1,3,EMP_FRAUD_C -> VEND_SHELL_C -> SUB_PAYBACK_C -> EMP_FRAUD_C,SUB_PAYBACK_C,EMP_FRAUD_C,0.0,Historical,91.83,448,Circular Fund Flow
172,batch_172_loop_2,1,EMP_FRAUD_B -> VEND_SHELL_B -> SUB_PAYBACK_B -> EMP_FRAUD_B,EMP_FRAUD_B,VEND_SHELL_B,0.0,Historical,93.39,448,Circular Fund Flow
172,batch_172_loop_2,2,EMP_FRAUD_B -> VEND_SHELL_B -> SUB_PAYBACK_B -> EMP_FRAUD_B,VEND_SHELL_B,SUB_PAYBACK_B,0.0,Historical,92.96,448,Circular Fund Flow
172,batch_172_loop_2,3,EMP_FRAUD_B -> VEND_SHELL_B -> SUB_PAYBACK_B -> EMP_FRAUD_B,SUB_PAYBACK_B,EMP_FRAUD_B,0.0,Historical,89.24,448,Circular Fund Flow
172,batch_172_loop_3,1,EMP_FRAUD_A -> VEND_SHELL_A -> SUB_PAYBACK_A -> EMP_FRAUD_A,EMP_FRAUD_A,VEND_SHELL_A,0.0,Historical,88.81,448,Circular Fund Flow
172,batch_172_loop_3,2,EMP_FRAUD_A -> VEND_SHELL_A -> SUB_PAYBACK_A -> EMP_FRAUD_A,VEND_SHELL_A,SUB_PAYBACK_A,0.0,Historical,89.81,448,Circular Fund Flow
172,batch_172_loop_3,3,EMP_FRAUD_A -> VEND_SHELL_A -> SUB_PAYBACK_A -> EMP_FRAUD_A,SUB_PAYBACK_A,EMP_FRAUD_A,0.0,Historical,93.74,448,Circular Fund Flow
173,batch_173_loop_1,1,EMP_FRAUD_C -> VEND_SHELL_C -> SUB_PAYBACK_C -> EMP_FRAUD_C,EMP_FRAUD_C,VEND_SHELL_C,0.0,Historical,90.65,447,Circular Fund Flow
173,batch_173_loop_1,2,EMP_FRAUD_C -> VEND_SHELL_C -> SUB_PAYBACK_C -> EMP_FRAUD_C,VEND_SHELL_C,SUB_PAYBACK_C,0.0,Historical,96.61,447,Circular Fund Flow
173,batch_173_loop_1,3,EMP_FRAUD_C -> VEND_SHELL_C -> SUB_PAYBACK_C -> EMP_FRAUD_C,SUB_PAYBACK_C,EMP_FRAUD_C,0.0,Historical,91.81,447,Circular Fund Flow
173,batch_173_loop_2,1,EMP_FRAUD_B -> VEND_SHELL_B -> SUB_PAYBACK_B -> EMP_FRAUD_B,EMP_FRAUD_B,VEND_SHELL_B,0.0,Historical,97.99,447,Circular Fund Flow
173,batch_173_loop_2,2,EMP_FRAUD_B -> VEND_SHELL_B -> SUB_PAYBACK_B -> EMP_FRAUD_B,VEND_SHELL_B,SUB_PAYBACK_B,0.0,Historical,90.14,447,Circular Fund Flow
173,batch_173_loop_2,3,EMP_FRAUD_B -> VEND_SHELL_B -> SUB_PAYBACK_B -> EMP_FRAUD_B,SUB_PAYBACK_B,EMP_FRAUD_B,0.0,Historical,91.7,447,Circular Fund Flow
173,batch_173_loop_3,1,EMP_FRAUD_A -> VEND_SHELL_A -> SUB_PAYBACK_A -> EMP_FRAUD_A,EMP_FRAUD_A,VEND_SHELL_A,0.0,Historical,89.12,447,Circular Fund Flow
173,batch_173_loop_3,2,EMP_FRAUD_A -> VEND_SHELL_A -> SUB_PAYBACK_A -> EMP_FRAUD_A,VEND_SHELL_A,SUB_PAYBACK_A,0.0,Historical,97.8,447,Circular Fund Flow
173,batch_173_loop_3,3,EMP_FRAUD_A -> VEND_SHELL_A -> SUB_PAYBACK_A -> EMP_FRAUD_A,SUB_PAYBACK_A,EMP_FRAUD_A,0.0,Historical,91.2,447,Circular Fund Flow
174,batch_174_loop_1,1,EMP_FRAUD_C -> VEND_SHELL_C -> SUB_PAYBACK_C -> EMP_FRAUD_C,EMP_FRAUD_C,VEND_SHELL_C,0.0,Historical,85.27,447,Circular Fund Flow
174,batch_174_loop_1,2,EMP_FRAUD_C -> VEND_SHELL_C -> SUB_PAYBACK_C -> EMP_FRAUD_C,VEND_SHELL_C,SUB_PAYBACK_C,0.0,Historical,86.44,447,Circular Fund Flow
174,batch_174_loop_1,3,EMP_FRAUD_C -> VEND_SHELL_C -> SUB_PAYBACK_C -> EMP_FRAUD_C,SUB_PAYBACK_C,EMP_FRAUD_C,0.0,Historical,89.98,447,Circular Fund Flow
174,batch_174_loop_2,1,EMP_FRAUD_B -> VEND_SHELL_B -> SUB_PAYBACK_B -> EMP_FRAUD_B,EMP_FRAUD_B,VEND_SHELL_B,0.0,Historical,86.26,447,Circular Fund Flow
174,batch_174_loop_2,2,EMP_FRAUD_B -> VEND_SHELL_B -> SUB_PAYBACK_B -> EMP_FRAUD_B,VEND_SHELL_B,SUB_PAYBACK_B,0.0,Historical,93.53,447,Circular Fund Flow
174,batch_174_loop_2,3,EMP_FRAUD_B -> VEND_SHELL_B -> SUB_PAYBACK_B -> EMP_FRAUD_B,SUB_PAYBACK_B,EMP_FRAUD_B,0.0,Historical,90.53,447,Circular Fund Flow
174,batch_174_loop_3,1,EMP_FRAUD_A -> VEND_SHELL_A -> SUB_PAYBACK_A -> EMP_FRAUD_A,EMP_FRAUD_A,VEND_SHELL_A,0.0,Historical,91.42,447,Circular Fund Flow
174,batch_174_loop_3,2,EMP_FRAUD_A -> VEND_SHELL_A -> SUB_PAYBACK_A -> EMP_FRAUD_A,VEND_SHELL_A,SUB_PAYBACK_A,0.0,Historical,98.98,447,Circular Fund Flow
174,batch_174_loop_3,3,EMP_FRAUD_A -> VEND_SHELL_A -> SUB_PAYBACK_A -> EMP_FRAUD_A,SUB_PAYBACK_A,EMP_FRAUD_A,0.0,Historical,86.42,447,Circular Fund Flow
175,batch_175_loop_1,1,EMP_FRAUD_C -> VEND_SHELL_C -> SUB_PAYBACK_C -> EMP_FRAUD_C,EMP_FRAUD_C,VEND_SHELL_C,0.0,Historical,96.06,449,Circular Fund Flow
175,batch_175_loop_1,2,EMP_FRAUD_C -> VEND_SHELL_C -> SUB_PAYBACK_C -> EMP_FRAUD_C,VEND_SHELL_C,SUB_PAYBACK_C,0.0,Historical,92.66,449,Circular Fund Flow
175,batch_175_loop_1,3,EMP_FRAUD_C -> VEND_SHELL_C -> SUB_PAYBACK_C -> EMP_FRAUD_C,SUB_PAYBACK_C,EMP_FRAUD_C,0.0,Historical,96.99,449,Circular Fund Flow
175,batch_175_loop_2,1,EMP_FRAUD_B -> VEND_SHELL_B -> SUB_PAYBACK_B -> EMP_FRAUD_B,EMP_FRAUD_B,VEND_SHELL_B,0.0,Historical,95.14,449,Circular Fund Flow
175,batch_175_loop_2,2,EMP_FRAUD_B -> VEND_SHELL_B -> SUB_PAYBACK_B -> EMP_FRAUD_B,VEND_SHELL_B,SUB_PAYBACK_B,0.0,Historical,92.34,449,Circular Fund Flow
175,batch_175_loop_2,3,EMP_FRAUD_B -> VEND_SHELL_B -> SUB_PAYBACK_B -> EMP_FRAUD_B,SUB_PAYBACK_B,EMP_FRAUD_B,0.0,Historical,93.1,449,Circular Fund Flow
175,batch_175_loop_3,1,EMP_FRAUD_A -> VEND_SHELL_A -> SUB_PAYBACK_A -> EMP_FRAUD_A,EMP_FRAUD_A,VEND_SHELL_A,0.0,Historical,98.29,449,Circular Fund Flow
175,batch_175_loop_3,2,EMP_FRAUD_A -> VEND_SHELL_A -> SUB_PAYBACK_A -> EMP_FRAUD_A,VEND_SHELL_A,SUB_PAYBACK_A,0.0,Historical,86.68,449,Circular Fund Flow
175,batch_175_loop_3,3,EMP_FRAUD_A -> VEND_SHELL_A -> SUB_PAYBACK_A -> EMP_FRAUD_A,SUB_PAYBACK_A,EMP_FRAUD_A,0.0,Historical,86.86,449,Circular Fund Flow
176,batch_176_loop_1,1,EMP_FRAUD_C -> VEND_SHELL_C -> SUB_PAYBACK_C -> EMP_FRAUD_C,EMP_FRAUD_C,VEND_SHELL_C,0.0,Historical,86.44,406,Circular Fund Flow
176,batch_176_loop_1,2,EMP_FRAUD_C -> VEND_SHELL_C -> SUB_PAYBACK_C -> EMP_FRAUD_C,VEND_SHELL_C,SUB_PAYBACK_C,0.0,Historical,86.48,406,Circular Fund Flow
176,batch_176_loop_1,3,EMP_FRAUD_C -> VEND_SHELL_C -> SUB_PAYBACK_C -> EMP_FRAUD_C,SUB_PAYBACK_C,EMP_FRAUD_C,0.0,Historical,91.31,406,Circular Fund Flow
176,batch_176_loop_2,1,EMP_FRAUD_B -> VEND_SHELL_B -> SUB_PAYBACK_B -> EMP_FRAUD_B,EMP_FRAUD_B,VEND_SHELL_B,0.0,Historical,87.89,406,Circular Fund Flow
176,batch_176_loop_2,2,EMP_FRAUD_B -> VEND_SHELL_B -> SUB_PAYBACK_B -> EMP_FRAUD_B,VEND_SHELL_B,SUB_PAYBACK_B,0.0,Historical,88.52,406,Circular Fund Flow
176,batch_176_loop_2,3,EMP_FRAUD_B -> VEND_SHELL_B -> SUB_PAYBACK_B -> EMP_FRAUD_B,SUB_PAYBACK_B,EMP_FRAUD_B,0.0,Historical,91.81,406,Circular Fund Flow
176,batch_176_loop_3,1,EMP_FRAUD_A -> VEND_SHELL_A -> SUB_PAYBACK_A -> EMP_FRAUD_A,EMP_FRAUD_A,VEND_SHELL_A,0.0,Historical,93.9,406,Circular Fund Flow
176,batch_176_loop_3,2,EMP_FRAUD_A -> VEND_SHELL_A -> SUB_PAYBACK_A -> EMP_FRAUD_A,VEND_SHELL_A,SUB_PAYBACK_A,0.0,Historical,98.33,406,Circular Fund Flow
176,batch_176_loop_3,3,EMP_FRAUD_A -> VEND_SHELL_A -> SUB_PAYBACK_A -> EMP_FRAUD_A,SUB_PAYBACK_A,EMP_FRAUD_A,0.0,Historical,86.49,406,Circular Fund Flow
177,batch_177_loop_1,1,EMP_FRAUD_C -> VEND_SHELL_C -> SUB_PAYBACK_C -> EMP_FRAUD_C,EMP_FRAUD_C,VEND_SHELL_C,0.0,Historical,97.86,360,Circular Fund Flow
177,batch_177_loop_1,2,EMP_FRAUD_C -> VEND_SHELL_C -> SUB_PAYBACK_C -> EMP_FRAUD_C,VEND_SHELL_C,SUB_PAYBACK_C,0.0,Historical,92.27,360,Circular Fund Flow
177,batch_177_loop_1,3,EMP_FRAUD_C -> VEND_SHELL_C -> SUB_PAYBACK_C -> EMP_FRAUD_C,SUB_PAYBACK_C,EMP_FRAUD_C,0.0,Historical,89.08,360,Circular Fund Flow
177,batch_177_loop_2,1,EMP_FRAUD_B -> VEND_SHELL_B -> SUB_PAYBACK_B -> EMP_FRAUD_B,EMP_FRAUD_B,VEND_SHELL_B,0.0,Historical,88.84,360,Circular Fund Flow
177,batch_177_loop_2,2,EMP_FRAUD_B -> VEND_SHELL_B -> SUB_PAYBACK_B -> EMP_FRAUD_B,VEND_SHELL_B,SUB_PAYBACK_B,0.0,Historical,87.92,360,Circular Fund Flow
177,batch_177_loop_2,3,EMP_FRAUD_B -> VEND_SHELL_B -> SUB_PAYBACK_B -> EMP_FRAUD_B,SUB_PAYBACK_B,EMP_FRAUD_B,0.0,Historical,90.71,360,Circular Fund Flow
177,batch_177_loop_3,1,EMP_FRAUD_A -> VEND_SHELL_A -> SUB_PAYBACK_A -> EMP_FRAUD_A,EMP_FRAUD_A,VEND_SHELL_A,0.0,Historical,85.01,360,Circular Fund Flow
177,batch_177_loop_3,2,EMP_FRAUD_A -> VEND_SHELL_A -> SUB_PAYBACK_A -> EMP_FRAUD_A,VEND_SHELL_A,SUB_PAYBACK_A,0.0,Historical,92.09,360,Circular Fund Flow
177,batch_177_loop_3,3,EMP_FRAUD_A -> VEND_SHELL_A -> SUB_PAYBACK_A -> EMP_FRAUD_A,SUB_PAYBACK_A,EMP_FRAUD_A,0.0,Historical,87.94,360,Circular Fund Flow
178,batch_178_loop_1,1,EMP_FRAUD_C -> VEND_SHELL_C -> SUB_PAYBACK_C -> EMP_FRAUD_C,EMP_FRAUD_C,VEND_SHELL_C,0.0,Historical,85.09,419,Circular Fund Flow
178,batch_178_loop_1,2,EMP_FRAUD_C -> VEND_SHELL_C -> SUB_PAYBACK_C -> EMP_FRAUD_C,VEND_SHELL_C,SUB_PAYBACK_C,0.0,Historical,88.85,419,Circular Fund Flow
178,batch_178_loop_1,3,EMP_FRAUD_C -> VEND_SHELL_C -> SUB_PAYBACK_C -> EMP_FRAUD_C,SUB_PAYBACK_C,EMP_FRAUD_C,0.0,Historical,85.38,419,Circular Fund Flow
178,batch_178_loop_2,1,EMP_FRAUD_B -> VEND_SHELL_B -> SUB_PAYBACK_B -> EMP_FRAUD_B,EMP_FRAUD_B,VEND_SHELL_B,0.0,Historical,94.69,419,Circular Fund Flow
178,batch_178_loop_2,2,EMP_FRAUD_B -> VEND_SHELL_B -> SUB_PAYBACK_B -> EMP_FRAUD_B,VEND_SHELL_B,SUB_PAYBACK_B,0.0,Historical,94.72,419,Circular Fund Flow
178,batch_178_loop_2,3,EMP_FRAUD_B -> VEND_SHELL_B -> SUB_PAYBACK_B -> EMP_FRAUD_B,SUB_PAYBACK_B,EMP_FRAUD_B,0.0,Historical,91.74,419,Circular Fund Flow
178,batch_178_loop_3,1,EMP_FRAUD_A -> VEND_SHELL_A -> SUB_PAYBACK_A -> EMP_FRAUD_A,EMP_FRAUD_A,VEND_SHELL_A,0.0,Historical,89.33,419,Circular Fund Flow
178,batch_178_loop_3,2,EMP_FRAUD_A -> VEND_SHELL_A -> SUB_PAYBACK_A -> EMP_FRAUD_A,VEND_SHELL_A,SUB_PAYBACK_A,0.0,Historical,89.23,419,Circular Fund Flow
178,batch_178_loop_3,3,EMP_FRAUD_A -> VEND_SHELL_A -> SUB_PAYBACK_A -> EMP_FRAUD_A,SUB_PAYBACK_A,EMP_FRAUD_A,0.0,Historical,98.21,419,Circular Fund Flow
179,batch_179_loop_1,1,EMP_FRAUD_C -> VEND_SHELL_C -> SUB_PAYBACK_C -> EMP_FRAUD_C,EMP_FRAUD_C,VEND_SHELL_C,0.0,Historical,98.04,440,Circular Fund Flow
179,batch_179_loop_1,2,EMP_FRAUD_C -> VEND_SHELL_C -> SUB_PAYBACK_C -> EMP_FRAUD_C,VEND_SHELL_C,SUB_PAYBACK_C,0.0,Historical,91.83,440,Circular Fund Flow
179,batch_179_loop_1,3,EMP_FRAUD_C -> VEND_SHELL_C -> SUB_PAYBACK_C -> EMP_FRAUD_C,SUB_PAYBACK_C,EMP_FRAUD_C,0.0,Historical,97.02,440,Circular Fund Flow
179,batch_179_loop_2,1,EMP_FRAUD_B -> VEND_SHELL_B -> SUB_PAYBACK_B -> EMP_FRAUD_B,EMP_FRAUD_B,VEND_SHELL_B,0.0,Historical,91.45,440,Circular Fund Flow
179,batch_179_loop_2,2,EMP_FRAUD_B -> VEND_SHELL_B -> SUB_PAYBACK_B -> EMP_FRAUD_B,VEND_SHELL_B,SUB_PAYBACK_B,0.0,Historical,89.27,440,Circular Fund Flow
179,batch_179_loop_2,3,EMP_FRAUD_B -> VEND_SHELL_B -> SUB_PAYBACK_B -> EMP_FRAUD_B,SUB_PAYBACK_B,EMP_FRAUD_B,0.0,Historical,90.26,440,Circular Fund Flow
179,batch_179_loop_3,1,EMP_FRAUD_A -> VEND_SHELL_A -> SUB_PAYBACK_A -> EMP_FRAUD_A,EMP_FRAUD_A,VEND_SHELL_A,0.0,Historical,94.69,440,Circular Fund Flow
179,batch_179_loop_3,2,EMP_FRAUD_A -> VEND_SHELL_A -> SUB_PAYBACK_A -> EMP_FRAUD_A,VEND_SHELL_A,SUB_PAYBACK_A,0.0,Historical,93.63,440,Circular Fund Flow
179,batch_179_loop_3,3,EMP_FRAUD_A -> VEND_SHELL_A -> SUB_PAYBACK_A -> EMP_FRAUD_A,SUB_PAYBACK_A,EMP_FRAUD_A,0.0,Historical,98.44,440,Circular Fund Flow
180,batch_180_loop_1,1,EMP_FRAUD_C -> VEND_SHELL_C -> SUB_PAYBACK_C -> EMP_FRAUD_C,EMP_FRAUD_C,VEND_SHELL_C,0.0,Historical,85.34,452,Circular Fund Flow
180,batch_180_loop_1,2,EMP_FRAUD_C -> VEND_SHELL_C -> SUB_PAYBACK_C -> EMP_FRAUD_C,VEND_SHELL_C,SUB_PAYBACK_C,0.0,Historical,91.08,452,Circular Fund Flow
180,batch_180_loop_1,3,EMP_FRAUD_C -> VEND_SHELL_C -> SUB_PAYBACK_C -> EMP_FRAUD_C,SUB_PAYBACK_C,EMP_FRAUD_C,0.0,Historical,97.87,452,Circular Fund Flow
180,batch_180_loop_2,1,EMP_FRAUD_B -> VEND_SHELL_B -> SUB_PAYBACK_B -> EMP_FRAUD_B,EMP_FRAUD_B,VEND_SHELL_B,0.0,Historical,89.95,452,Circular Fund Flow
180,batch_180_loop_2,2,EMP_FRAUD_B -> VEND_SHELL_B -> SUB_PAYBACK_B -> EMP_FRAUD_B,VEND_SHELL_B,SUB_PAYBACK_B,0.0,Historical,96.65,452,Circular Fund Flow
180,batch_180_loop_2,3,EMP_FRAUD_B -> VEND_SHELL_B -> SUB_PAYBACK_B -> EMP_FRAUD_B,SUB_PAYBACK_B,EMP_FRAUD_B,0.0,Historical,88.82,452,Circular Fund Flow
180,batch_180_loop_3,1,EMP_FRAUD_A -> VEND_SHELL_A -> SUB_PAYBACK_A -> EMP_FRAUD_A,EMP_FRAUD_A,VEND_SHELL_A,0.0,Historical,91.6,452,Circular Fund Flow
180,batch_180_loop_3,2,EMP_FRAUD_A -> VEND_SHELL_A -> SUB_PAYBACK_A -> EMP_FRAUD_A,VEND_SHELL_A,SUB_PAYBACK_A,0.0,Historical,89.63,452,Circular Fund Flow
180,batch_180_loop_3,3,EMP_FRAUD_A -> VEND_SHELL_A -> SUB_PAYBACK_A -> EMP_FRAUD_A,SUB_PAYBACK_A,EMP_FRAUD_A,0.0,Historical,96.86,452,Circular Fund Flow
181,batch_181_loop_1,1,EMP_FRAUD_C -> VEND_SHELL_C -> SUB_PAYBACK_C -> EMP_FRAUD_C,EMP_FRAUD_C,VEND_SHELL_C,0.0,Historical,85.62,462,Circular Fund Flow
181,batch_181_loop_1,2,EMP_FRAUD_C -> VEND_SHELL_C -> SUB_PAYBACK_C -> EMP_FRAUD_C,VEND_SHELL_C,SUB_PAYBACK_C,0.0,Historical,87.47,462,Circular Fund Flow
181,batch_181_loop_1,3,EMP_FRAUD_C -> VEND_SHELL_C -> SUB_PAYBACK_C -> EMP_FRAUD_C,SUB_PAYBACK_C,EMP_FRAUD_C,0.0,Historical,90.72,462,Circular Fund Flow
181,batch_181_loop_2,1,EMP_FRAUD_B -> VEND_SHELL_B -> SUB_PAYBACK_B -> EMP_FRAUD_B,EMP_FRAUD_B,VEND_SHELL_B,0.0,Historical,88.0,462,Circular Fund Flow
181,batch_181_loop_2,2,EMP_FRAUD_B -> VEND_SHELL_B -> SUB_PAYBACK_B -> EMP_FRAUD_B,VEND_SHELL_B,SUB_PAYBACK_B,0.0,Historical,98.85,462,Circular Fund Flow
181,batch_181_loop_2,3,EMP_FRAUD_B -> VEND_SHELL_B -> SUB_PAYBACK_B -> EMP_FRAUD_B,SUB_PAYBACK_B,EMP_FRAUD_B,0.0,Historical,95.98,462,Circular Fund Flow
181,batch_181_loop_3,1,EMP_FRAUD_A -> VEND_SHELL_A -> SUB_PAYBACK_A -> EMP_FRAUD_A,EMP_FRAUD_A,VEND_SHELL_A,0.0,Historical,90.13,462,Circular Fund Flow
181,batch_181_loop_3,2,EMP_FRAUD_A -> VEND_SHELL_A -> SUB_PAYBACK_A -> EMP_FRAUD_A,VEND_SHELL_A,SUB_PAYBACK_A,0.0,Historical,97.17,462,Circular Fund Flow
181,batch_181_loop_3,3,EMP_FRAUD_A -> VEND_SHELL_A -> SUB_PAYBACK_A -> EMP_FRAUD_A,SUB_PAYBACK_A,EMP_FRAUD_A,0.0,Historical,90.01,462,Circular Fund Flow
182,batch_182_loop_1,1,EMP_FRAUD_C -> VEND_SHELL_C -> SUB_PAYBACK_C -> EMP_FRAUD_C,EMP_FRAUD_C,VEND_SHELL_C,0.0,Historical,91.28,459,Circular Fund Flow
182,batch_182_loop_1,2,EMP_FRAUD_C -> VEND_SHELL_C -> SUB_PAYBACK_C -> EMP_FRAUD_C,VEND_SHELL_C,SUB_PAYBACK_C,0.0,Historical,96.67,459,Circular Fund Flow
182,batch_182_loop_1,3,EMP_FRAUD_C -> VEND_SHELL_C -> SUB_PAYBACK_C -> EMP_FRAUD_C,SUB_PAYBACK_C,EMP_FRAUD_C,0.0,Historical,92.07,459,Circular Fund Flow
182,batch_182_loop_2,1,EMP_FRAUD_B -> VEND_SHELL_B -> SUB_PAYBACK_B -> EMP_FRAUD_B,EMP_FRAUD_B,VEND_SHELL_B,0.0,Historical,96.07,459,Circular Fund Flow
182,batch_182_loop_2,2,EMP_FRAUD_B -> VEND_SHELL_B -> SUB_PAYBACK_B -> EMP_FRAUD_B,VEND_SHELL_B,SUB_PAYBACK_B,0.0,Historical,95.55,459,Circular Fund Flow
182,batch_182_loop_2,3,EMP_FRAUD_B -> VEND_SHELL_B -> SUB_PAYBACK_B -> EMP_FRAUD_B,SUB_PAYBACK_B,EMP_FRAUD_B,0.0,Historical,85.36,459,Circular Fund Flow
182,batch_182_loop_3,1,EMP_FRAUD_A -> VEND_SHELL_A -> SUB_PAYBACK_A -> EMP_FRAUD_A,EMP_FRAUD_A,VEND_SHELL_A,0.0,Historical,95.1,459,Circular Fund Flow
182,batch_182_loop_3,2,EMP_FRAUD_A -> VEND_SHELL_A -> SUB_PAYBACK_A -> EMP_FRAUD_A,VEND_SHELL_A,SUB_PAYBACK_A,0.0,Historical,96.63,459,Circular Fund Flow
182,batch_182_loop_3,3,EMP_FRAUD_A -> VEND_SHELL_A -> SUB_PAYBACK_A -> EMP_FRAUD_A,SUB_PAYBACK_A,EMP_FRAUD_A,0.0,Historical,95.4,459,Circular Fund Flow
183,batch_183_loop_1,1,EMP_FRAUD_C -> VEND_SHELL_C -> SUB_PAYBACK_C -> EMP_FRAUD_C,EMP_FRAUD_C,VEND_SHELL_C,0.0,Historical,96.79,461,Circular Fund Flow
183,batch_183_loop_1,2,EMP_FRAUD_C -> VEND_SHELL_C -> SUB_PAYBACK_C -> EMP_FRAUD_C,VEND_SHELL_C,SUB_PAYBACK_C,0.0,Historical,97.43,461,Circular Fund Flow
183,batch_183_loop_1,3,EMP_FRAUD_C -> VEND_SHELL_C -> SUB_PAYBACK_C -> EMP_FRAUD_C,SUB_PAYBACK_C,EMP_FRAUD_C,0.0,Historical,89.08,461,Circular Fund Flow
183,batch_183_loop_2,1,EMP_FRAUD_B -> VEND_SHELL_B -> SUB_PAYBACK_B -> EMP_FRAUD_B,EMP_FRAUD_B,VEND_SHELL_B,0.0,Historical,86.84,461,Circular Fund Flow
183,batch_183_loop_2,2,EMP_FRAUD_B -> VEND_SHELL_B -> SUB_PAYBACK_B -> EMP_FRAUD_B,VEND_SHELL_B,SUB_PAYBACK_B,0.0,Historical,90.4,461,Circular Fund Flow
183,batch_183_loop_2,3,EMP_FRAUD_B -> VEND_SHELL_B -> SUB_PAYBACK_B -> EMP_FRAUD_B,SUB_PAYBACK_B,EMP_FRAUD_B,0.0,Historical,91.42,461,Circular Fund Flow
183,batch_183_loop_3,1,EMP_FRAUD_A -> VEND_SHELL_A -> SUB_PAYBACK_A -> EMP_FRAUD_A,EMP_FRAUD_A,VEND_SHELL_A,0.0,Historical,92.91,461,Circular Fund Flow
183,batch_183_loop_3,2,EMP_FRAUD_A -> VEND_SHELL_A -> SUB_PAYBACK_A -> EMP_FRAUD_A,VEND_SHELL_A,SUB_PAYBACK_A,0.0,Historical,88.04,461,Circular Fund Flow
183,batch_183_loop_3,3,EMP_FRAUD_A -> VEND_SHELL_A -> SUB_PAYBACK_A -> EMP_FRAUD_A,SUB_PAYBACK_A,EMP_FRAUD_A,0.0,Historical,92.1,461,Circular Fund Flow
184,batch_184_loop_1,1,EMP_FRAUD_C -> VEND_SHELL_C -> SUB_PAYBACK_C -> EMP_FRAUD_C,EMP_FRAUD_C,VEND_SHELL_C,0.0,Historical,90.92,457,Circular Fund Flow
184,batch_184_loop_1,2,EMP_FRAUD_C -> VEND_SHELL_C -> SUB_PAYBACK_C -> EMP_FRAUD_C,VEND_SHELL_C,SUB_PAYBACK_C,0.0,Historical,85.79,457,Circular Fund Flow
184,batch_184_loop_1,3,EMP_FRAUD_C -> VEND_SHELL_C -> SUB_PAYBACK_C -> EMP_FRAUD_C,SUB_PAYBACK_C,EMP_FRAUD_C,0.0,Historical,98.61,457,Circular Fund Flow
184,batch_184_loop_2,1,EMP_FRAUD_B -> VEND_SHELL_B -> SUB_PAYBACK_B -> EMP_FRAUD_B,EMP_FRAUD_B,VEND_SHELL_B,0.0,Historical,97.46,457,Circular Fund Flow
184,batch_184_loop_2,2,EMP_FRAUD_B -> VEND_SHELL_B -> SUB_PAYBACK_B -> EMP_FRAUD_B,VEND_SHELL_B,SUB_PAYBACK_B,0.0,Historical,91.8,457,Circular Fund Flow
184,batch_184_loop_2,3,EMP_FRAUD_B -> VEND_SHELL_B -> SUB_PAYBACK_B -> EMP_FRAUD_B,SUB_PAYBACK_B,EMP_FRAUD_B,0.0,Historical,88.62,457,Circular Fund Flow
184,batch_184_loop_3,1,EMP_FRAUD_A -> VEND_SHELL_A -> SUB_PAYBACK_A -> EMP_FRAUD_A,EMP_FRAUD_A,VEND_SHELL_A,0.0,Historical,85.52,457,Circular Fund Flow
184,batch_184_loop_3,2,EMP_FRAUD_A -> VEND_SHELL_A -> SUB_PAYBACK_A -> EMP_FRAUD_A,VEND_SHELL_A,SUB_PAYBACK_A,0.0,Historical,97.44,457,Circular Fund Flow
184,batch_184_loop_3,3,EMP_FRAUD_A -> VEND_SHELL_A -> SUB_PAYBACK_A -> EMP_FRAUD_A,SUB_PAYBACK_A,EMP_FRAUD_A,0.0,Historical,90.06,457,Circular Fund Flow
185,batch_185_loop_1,1,EMP_FRAUD_C -> VEND_SHELL_C -> SUB_PAYBACK_C -> EMP_FRAUD_C,EMP_FRAUD_C,VEND_SHELL_C,0.0,Historical,94.81,451,Circular Fund Flow
185,batch_185_loop_1,2,EMP_FRAUD_C -> VEND_SHELL_C -> SUB_PAYBACK_C -> EMP_FRAUD_C,VEND_SHELL_C,SUB_PAYBACK_C,0.0,Historical,94.82,451,Circular Fund Flow
185,batch_185_loop_1,3,EMP_FRAUD_C -> VEND_SHELL_C -> SUB_PAYBACK_C -> EMP_FRAUD_C,SUB_PAYBACK_C,EMP_FRAUD_C,0.0,Historical,91.68,451,Circular Fund Flow
185,batch_185_loop_2,1,EMP_FRAUD_B -> VEND_SHELL_B -> SUB_PAYBACK_B -> EMP_FRAUD_B,EMP_FRAUD_B,VEND_SHELL_B,0.0,Historical,97.35,451,Circular Fund Flow
185,batch_185_loop_2,2,EMP_FRAUD_B -> VEND_SHELL_B -> SUB_PAYBACK_B -> EMP_FRAUD_B,VEND_SHELL_B,SUB_PAYBACK_B,0.0,Historical,87.1,451,Circular Fund Flow
185,batch_185_loop_2,3,EMP_FRAUD_B -> VEND_SHELL_B -> SUB_PAYBACK_B -> EMP_FRAUD_B,SUB_PAYBACK_B,EMP_FRAUD_B,0.0,Historical,86.02,451,Circular Fund Flow
185,batch_185_loop_3,1,EMP_FRAUD_A -> VEND_SHELL_A -> SUB_PAYBACK_A -> EMP_FRAUD_A,EMP_FRAUD_A,VEND_SHELL_A,0.0,Historical,92.94,451,Circular Fund Flow
185,batch_185_loop_3,2,EMP_FRAUD_A -> VEND_SHELL_A -> SUB_PAYBACK_A -> EMP_FRAUD_A,VEND_SHELL_A,SUB_PAYBACK_A,0.0,Historical,95.63,451,Circular Fund Flow
185,batch_185_loop_3,3,EMP_FRAUD_A -> VEND_SHELL_A -> SUB_PAYBACK_A -> EMP_FRAUD_A,SUB_PAYBACK_A,EMP_FRAUD_A,0.0,Historical,91.29,451,Circular Fund Flow
186,batch_186_loop_1,1,EMP_FRAUD_C -> VEND_SHELL_C -> SUB_PAYBACK_C -> EMP_FRAUD_C,EMP_FRAUD_C,VEND_SHELL_C,0.0,Historical,98.03,436,Circular Fund Flow
186,batch_186_loop_1,2,EMP_FRAUD_C -> VEND_SHELL_C -> SUB_PAYBACK_C -> EMP_FRAUD_C,VEND_SHELL_C,SUB_PAYBACK_C,0.0,Historical,94.68,436,Circular Fund Flow
186,batch_186_loop_1,3,EMP_FRAUD_C -> VEND_SHELL_C -> SUB_PAYBACK_C -> EMP_FRAUD_C,SUB_PAYBACK_C,EMP_FRAUD_C,0.0,Historical,88.42,436,Circular Fund Flow
186,batch_186_loop_2,1,EMP_FRAUD_B -> VEND_SHELL_B -> SUB_PAYBACK_B -> EMP_FRAUD_B,EMP_FRAUD_B,VEND_SHELL_B,0.0,Historical,91.12,436,Circular Fund Flow
186,batch_186_loop_2,2,EMP_FRAUD_B -> VEND_SHELL_B -> SUB_PAYBACK_B -> EMP_FRAUD_B,VEND_SHELL_B,SUB_PAYBACK_B,0.0,Historical,95.01,436,Circular Fund Flow
186,batch_186_loop_2,3,EMP_FRAUD_B -> VEND_SHELL_B -> SUB_PAYBACK_B -> EMP_FRAUD_B,SUB_PAYBACK_B,EMP_FRAUD_B,0.0,Historical,88.72,436,Circular Fund Flow
186,batch_186_loop_3,1,EMP_FRAUD_A -> VEND_SHELL_A -> SUB_PAYBACK_A -> EMP_FRAUD_A,EMP_FRAUD_A,VEND_SHELL_A,0.0,Historical,98.73,436,Circular Fund Flow
186,batch_186_loop_3,2,EMP_FRAUD_A -> VEND_SHELL_A -> SUB_PAYBACK_A -> EMP_FRAUD_A,VEND_SHELL_A,SUB_PAYBACK_A,0.0,Historical,95.5,436,Circular Fund Flow
186,batch_186_loop_3,3,EMP_FRAUD_A -> VEND_SHELL_A -> SUB_PAYBACK_A -> EMP_FRAUD_A,SUB_PAYBACK_A,EMP_FRAUD_A,0.0,Historical,93.37,436,Circular Fund Flow
187,batch_187_loop_1,1,EMP_FRAUD_C -> VEND_SHELL_C -> SUB_PAYBACK_C -> EMP_FRAUD_C,EMP_FRAUD_C,VEND_SHELL_C,0.0,Historical,89.29,453,Circular Fund Flow
187,batch_187_loop_1,2,EMP_FRAUD_C -> VEND_SHELL_C -> SUB_PAYBACK_C -> EMP_FRAUD_C,VEND_SHELL_C,SUB_PAYBACK_C,0.0,Historical,98.57,453,Circular Fund Flow
187,batch_187_loop_1,3,EMP_FRAUD_C -> VEND_SHELL_C -> SUB_PAYBACK_C -> EMP_FRAUD_C,SUB_PAYBACK_C,EMP_FRAUD_C,0.0,Historical,92.77,453,Circular Fund Flow
187,batch_187_loop_2,1,EMP_FRAUD_B -> VEND_SHELL_B -> SUB_PAYBACK_B -> EMP_FRAUD_B,EMP_FRAUD_B,VEND_SHELL_B,0.0,Historical,87.33,453,Circular Fund Flow
187,batch_187_loop_2,2,EMP_FRAUD_B -> VEND_SHELL_B -> SUB_PAYBACK_B -> EMP_FRAUD_B,VEND_SHELL_B,SUB_PAYBACK_B,0.0,Historical,92.01,453,Circular Fund Flow
187,batch_187_loop_2,3,EMP_FRAUD_B -> VEND_SHELL_B -> SUB_PAYBACK_B -> EMP_FRAUD_B,SUB_PAYBACK_B,EMP_FRAUD_B,0.0,Historical,86.73,453,Circular Fund Flow
187,batch_187_loop_3,1,EMP_FRAUD_A -> VEND_SHELL_A -> SUB_PAYBACK_A -> EMP_FRAUD_A,EMP_FRAUD_A,VEND_SHELL_A,0.0,Historical,94.57,453,Circular Fund Flow
187,batch_187_loop_3,2,EMP_FRAUD_A -> VEND_SHELL_A -> SUB_PAYBACK_A -> EMP_FRAUD_A,VEND_SHELL_A,SUB_PAYBACK_A,0.0,Historical,87.65,453,Circular Fund Flow
187,batch_187_loop_3,3,EMP_FRAUD_A -> VEND_SHELL_A -> SUB_PAYBACK_A -> EMP_FRAUD_A,SUB_PAYBACK_A,EMP_FRAUD_A,0.0,Historical,89.25,453,Circular Fund Flow
188,batch_188_loop_1,1,EMP_FRAUD_C -> VEND_SHELL_C -> SUB_PAYBACK_C -> EMP_FRAUD_C,EMP_FRAUD_C,VEND_SHELL_C,0.0,Historical,98.37,458,Circular Fund Flow
188,batch_188_loop_1,2,EMP_FRAUD_C -> VEND_SHELL_C -> SUB_PAYBACK_C -> EMP_FRAUD_C,VEND_SHELL_C,SUB_PAYBACK_C,0.0,Historical,97.91,458,Circular Fund Flow
188,batch_188_loop_1,3,EMP_FRAUD_C -> VEND_SHELL_C -> SUB_PAYBACK_C -> EMP_FRAUD_C,SUB_PAYBACK_C,EMP_FRAUD_C,0.0,Historical,93.23,458,Circular Fund Flow
188,batch_188_loop_2,1,EMP_FRAUD_B -> VEND_SHELL_B -> SUB_PAYBACK_B -> EMP_FRAUD_B,EMP_FRAUD_B,VEND_SHELL_B,0.0,Historical,87.28,458,Circular Fund Flow
188,batch_188_loop_2,2,EMP_FRAUD_B -> VEND_SHELL_B -> SUB_PAYBACK_B -> EMP_FRAUD_B,VEND_SHELL_B,SUB_PAYBACK_B,0.0,Historical,97.07,458,Circular Fund Flow
188,batch_188_loop_2,3,EMP_FRAUD_B -> VEND_SHELL_B -> SUB_PAYBACK_B -> EMP_FRAUD_B,SUB_PAYBACK_B,EMP_FRAUD_B,0.0,Historical,98.7,458,Circular Fund Flow
188,batch_188_loop_3,1,EMP_FRAUD_A -> VEND_SHELL_A -> SUB_PAYBACK_A -> EMP_FRAUD_A,EMP_FRAUD_A,VEND_SHELL_A,0.0,Historical,91.95,458,Circular Fund Flow
188,batch_188_loop_3,2,EMP_FRAUD_A -> VEND_SHELL_A -> SUB_PAYBACK_A -> EMP_FRAUD_A,VEND_SHELL_A,SUB_PAYBACK_A,0.0,Historical,92.77,458,Circular Fund Flow
188,batch_188_loop_3,3,EMP_FRAUD_A -> VEND_SHELL_A -> SUB_PAYBACK_A -> EMP_FRAUD_A,SUB_PAYBACK_A,EMP_FRAUD_A,0.0,Historical,98.33,458,Circular Fund Flow
189,batch_189_loop_1,1,EMP_FRAUD_C -> VEND_SHELL_C -> SUB_PAYBACK_C -> EMP_FRAUD_C,EMP_FRAUD_C,VEND_SHELL_C,0.0,Historical,92.28,461,Circular Fund Flow
189,batch_189_loop_1,2,EMP_FRAUD_C -> VEND_SHELL_C -> SUB_PAYBACK_C -> EMP_FRAUD_C,VEND_SHELL_C,SUB_PAYBACK_C,0.0,Historical,91.21,461,Circular Fund Flow
189,batch_189_loop_1,3,EMP_FRAUD_C -> VEND_SHELL_C -> SUB_PAYBACK_C -> EMP_FRAUD_C,SUB_PAYBACK_C,EMP_FRAUD_C,0.0,Historical,85.74,461,Circular Fund Flow
189,batch_189_loop_2,1,EMP_FRAUD_B -> VEND_SHELL_B -> SUB_PAYBACK_B -> EMP_FRAUD_B,EMP_FRAUD_B,VEND_SHELL_B,0.0,Historical,95.35,461,Circular Fund Flow
189,batch_189_loop_2,2,EMP_FRAUD_B -> VEND_SHELL_B -> SUB_PAYBACK_B -> EMP_FRAUD_B,VEND_SHELL_B,SUB_PAYBACK_B,0.0,Historical,91.51,461,Circular Fund Flow
189,batch_189_loop_2,3,EMP_FRAUD_B -> VEND_SHELL_B -> SUB_PAYBACK_B -> EMP_FRAUD_B,SUB_PAYBACK_B,EMP_FRAUD_B,0.0,Historical,90.29,461,Circular Fund Flow
189,batch_189_loop_3,1,EMP_FRAUD_A -> VEND_SHELL_A -> SUB_PAYBACK_A -> EMP_FRAUD_A,EMP_FRAUD_A,VEND_SHELL_A,0.0,Historical,91.5,461,Circular Fund Flow
189,batch_189_loop_3,2,EMP_FRAUD_A -> VEND_SHELL_A -> SUB_PAYBACK_A -> EMP_FRAUD_A,VEND_SHELL_A,SUB_PAYBACK_A,0.0,Historical,95.96,461,Circular Fund Flow
189,batch_189_loop_3,3,EMP_FRAUD_A -> VEND_SHELL_A -> SUB_PAYBACK_A -> EMP_FRAUD_A,SUB_PAYBACK_A,EMP_FRAUD_A,0.0,Historical,96.9,461,Circular Fund Flow
190,batch_190_loop_1,1,EMP_FRAUD_C -> VEND_SHELL_C -> SUB_PAYBACK_C -> EMP_FRAUD_C,EMP_FRAUD_C,VEND_SHELL_C,0.0,Historical,89.69,460,Circular Fund Flow
190,batch_190_loop_1,2,EMP_FRAUD_C -> VEND_SHELL_C -> SUB_PAYBACK_C -> EMP_FRAUD_C,VEND_SHELL_C,SUB_PAYBACK_C,0.0,Historical,94.74,460,Circular Fund Flow
190,batch_190_loop_1,3,EMP_FRAUD_C -> VEND_SHELL_C -> SUB_PAYBACK_C -> EMP_FRAUD_C,SUB_PAYBACK_C,EMP_FRAUD_C,0.0,Historical,98.35,460,Circular Fund Flow
190,batch_190_loop_2,1,EMP_FRAUD_B -> VEND_SHELL_B -> SUB_PAYBACK_B -> EMP_FRAUD_B,EMP_FRAUD_B,VEND_SHELL_B,0.0,Historical,89.53,460,Circular Fund Flow
190,batch_190_loop_2,2,EMP_FRAUD_B -> VEND_SHELL_B -> SUB_PAYBACK_B -> EMP_FRAUD_B,VEND_SHELL_B,SUB_PAYBACK_B,0.0,Historical,96.55,460,Circular Fund Flow
190,batch_190_loop_2,3,EMP_FRAUD_B -> VEND_SHELL_B -> SUB_PAYBACK_B -> EMP_FRAUD_B,SUB_PAYBACK_B,EMP_FRAUD_B,0.0,Historical,92.27,460,Circular Fund Flow
190,batch_190_loop_3,1,EMP_FRAUD_A -> VEND_SHELL_A -> SUB_PAYBACK_A -> EMP_FRAUD_A,EMP_FRAUD_A,VEND_SHELL_A,0.0,Historical,91.44,460,Circular Fund Flow
190,batch_190_loop_3,2,EMP_FRAUD_A -> VEND_SHELL_A -> SUB_PAYBACK_A -> EMP_FRAUD_A,VEND_SHELL_A,SUB_PAYBACK_A,0.0,Historical,88.02,460,Circular Fund Flow
190,batch_190_loop_3,3,EMP_FRAUD_A -> VEND_SHELL_A -> SUB_PAYBACK_A -> EMP_FRAUD_A,SUB_PAYBACK_A,EMP_FRAUD_A,0.0,Historical,89.69,460,Circular Fund Flow
191,batch_191_loop_1,1,EMP_FRAUD_C -> VEND_SHELL_C -> SUB_PAYBACK_C -> EMP_FRAUD_C,EMP_FRAUD_C,VEND_SHELL_C,0.0,Historical,90.15,459,Circular Fund Flow
191,batch_191_loop_1,2,EMP_FRAUD_C -> VEND_SHELL_C -> SUB_PAYBACK_C -> EMP_FRAUD_C,VEND_SHELL_C,SUB_PAYBACK_C,0.0,Historical,96.54,459,Circular Fund Flow
191,batch_191_loop_1,3,EMP_FRAUD_C -> VEND_SHELL_C -> SUB_PAYBACK_C -> EMP_FRAUD_C,SUB_PAYBACK_C,EMP_FRAUD_C,0.0,Historical,88.06,459,Circular Fund Flow
191,batch_191_loop_2,1,EMP_FRAUD_B -> VEND_SHELL_B -> SUB_PAYBACK_B -> EMP_FRAUD_B,EMP_FRAUD_B,VEND_SHELL_B,0.0,Historical,90.49,459,Circular Fund Flow
191,batch_191_loop_2,2,EMP_FRAUD_B -> VEND_SHELL_B -> SUB_PAYBACK_B -> EMP_FRAUD_B,VEND_SHELL_B,SUB_PAYBACK_B,0.0,Historical,97.65,459,Circular Fund Flow
191,batch_191_loop_2,3,EMP_FRAUD_B -> VEND_SHELL_B -> SUB_PAYBACK_B -> EMP_FRAUD_B,SUB_PAYBACK_B,EMP_FRAUD_B,0.0,Historical,91.14,459,Circular Fund Flow
191,batch_191_loop_3,1,EMP_FRAUD_A -> VEND_SHELL_A -> SUB_PAYBACK_A -> EMP_FRAUD_A,EMP_FRAUD_A,VEND_SHELL_A,0.0,Historical,94.76,459,Circular Fund Flow
191,batch_191_loop_3,2,EMP_FRAUD_A -> VEND_SHELL_A -> SUB_PAYBACK_A -> EMP_FRAUD_A,VEND_SHELL_A,SUB_PAYBACK_A,0.0,Historical,87.94,459,Circular Fund Flow
191,batch_191_loop_3,3,EMP_FRAUD_A -> VEND_SHELL_A -> SUB_PAYBACK_A -> EMP_FRAUD_A,SUB_PAYBACK_A,EMP_FRAUD_A,0.0,Historical,91.66,459,Circular Fund Flow
192,batch_192_loop_1,1,EMP_FRAUD_C -> VEND_SHELL_C -> SUB_PAYBACK_C -> EMP_FRAUD_C,EMP_FRAUD_C,VEND_SHELL_C,0.0,Historical,94.41,453,Circular Fund Flow
192,batch_192_loop_1,2,EMP_FRAUD_C -> VEND_SHELL_C -> SUB_PAYBACK_C -> EMP_FRAUD_C,VEND_SHELL_C,SUB_PAYBACK_C,0.0,Historical,96.34,453,Circular Fund Flow
192,batch_192_loop_1,3,EMP_FRAUD_C -> VEND_SHELL_C -> SUB_PAYBACK_C -> EMP_FRAUD_C,SUB_PAYBACK_C,EMP_FRAUD_C,0.0,Historical,96.53,453,Circular Fund Flow
192,batch_192_loop_2,1,EMP_FRAUD_B -> VEND_SHELL_B -> SUB_PAYBACK_B -> EMP_FRAUD_B,EMP_FRAUD_B,VEND_SHELL_B,0.0,Historical,88.13,453,Circular Fund Flow
192,batch_192_loop_2,2,EMP_FRAUD_B -> VEND_SHELL_B -> SUB_PAYBACK_B -> EMP_FRAUD_B,VEND_SHELL_B,SUB_PAYBACK_B,0.0,Historical,85.37,453,Circular Fund Flow
192,batch_192_loop_2,3,EMP_FRAUD_B -> VEND_SHELL_B -> SUB_PAYBACK_B -> EMP_FRAUD_B,SUB_PAYBACK_B,EMP_FRAUD_B,0.0,Historical,97.37,453,Circular Fund Flow
192,batch_192_loop_3,1,EMP_FRAUD_A -> VEND_SHELL_A -> SUB_PAYBACK_A -> EMP_FRAUD_A,EMP_FRAUD_A,VEND_SHELL_A,0.0,Historical,98.35,453,Circular Fund Flow
192,batch_192_loop_3,2,EMP_FRAUD_A -> VEND_SHELL_A -> SUB_PAYBACK_A -> EMP_FRAUD_A,VEND_SHELL_A,SUB_PAYBACK_A,0.0,Historical,93.2,453,Circular Fund Flow
192,batch_192_loop_3,3,EMP_FRAUD_A -> VEND_SHELL_A -> SUB_PAYBACK_A -> EMP_FRAUD_A,SUB_PAYBACK_A,EMP_FRAUD_A,0.0,Historical,86.66,453,Circular Fund Flow
193,batch_193_loop_1,1,EMP_FRAUD_C -> VEND_SHELL_C -> SUB_PAYBACK_C -> EMP_FRAUD_C,EMP_FRAUD_C,VEND_SHELL_C,0.0,Historical,97.95,439,Circular Fund Flow
193,batch_193_loop_1,2,EMP_FRAUD_C -> VEND_SHELL_C -> SUB_PAYBACK_C -> EMP_FRAUD_C,VEND_SHELL_C,SUB_PAYBACK_C,0.0,Historical,89.83,439,Circular Fund Flow
193,batch_193_loop_1,3,EMP_FRAUD_C -> VEND_SHELL_C -> SUB_PAYBACK_C -> EMP_FRAUD_C,SUB_PAYBACK_C,EMP_FRAUD_C,0.0,Historical,86.77,439,Circular Fund Flow
193,batch_193_loop_2,1,EMP_FRAUD_B -> VEND_SHELL_B -> SUB_PAYBACK_B -> EMP_FRAUD_B,EMP_FRAUD_B,VEND_SHELL_B,0.0,Historical,85.46,439,Circular Fund Flow
193,batch_193_loop_2,2,EMP_FRAUD_B -> VEND_SHELL_B -> SUB_PAYBACK_B -> EMP_FRAUD_B,VEND_SHELL_B,SUB_PAYBACK_B,0.0,Historical,98.27,439,Circular Fund Flow
193,batch_193_loop_2,3,EMP_FRAUD_B -> VEND_SHELL_B -> SUB_PAYBACK_B -> EMP_FRAUD_B,SUB_PAYBACK_B,EMP_FRAUD_B,0.0,Historical,93.36,439,Circular Fund Flow
193,batch_193_loop_3,1,EMP_FRAUD_A -> VEND_SHELL_A -> SUB_PAYBACK_A -> EMP_FRAUD_A,EMP_FRAUD_A,VEND_SHELL_A,0.0,Historical,88.5,439,Circular Fund Flow
193,batch_193_loop_3,2,EMP_FRAUD_A -> VEND_SHELL_A -> SUB_PAYBACK_A -> EMP_FRAUD_A,VEND_SHELL_A,SUB_PAYBACK_A,0.0,Historical,93.72,439,Circular Fund Flow
193,batch_193_loop_3,3,EMP_FRAUD_A -> VEND_SHELL_A -> SUB_PAYBACK_A -> EMP_FRAUD_A,SUB_PAYBACK_A,EMP_FRAUD_A,0.0,Historical,95.77,439,Circular Fund Flow
194,batch_194_loop_1,1,EMP_FRAUD_C -> VEND_SHELL_C -> SUB_PAYBACK_C -> EMP_FRAUD_C,EMP_FRAUD_C,VEND_SHELL_C,0.0,Historical,92.8,438,Circular Fund Flow
194,batch_194_loop_1,2,EMP_FRAUD_C -> VEND_SHELL_C -> SUB_PAYBACK_C -> EMP_FRAUD_C,VEND_SHELL_C,SUB_PAYBACK_C,0.0,Historical,85.1,438,Circular Fund Flow
194,batch_194_loop_1,3,EMP_FRAUD_C -> VEND_SHELL_C -> SUB_PAYBACK_C -> EMP_FRAUD_C,SUB_PAYBACK_C,EMP_FRAUD_C,0.0,Historical,93.1,438,Circular Fund Flow
194,batch_194_loop_2,1,EMP_FRAUD_B -> VEND_SHELL_B -> SUB_PAYBACK_B -> EMP_FRAUD_B,EMP_FRAUD_B,VEND_SHELL_B,0.0,Historical,86.13,438,Circular Fund Flow
194,batch_194_loop_2,2,EMP_FRAUD_B -> VEND_SHELL_B -> SUB_PAYBACK_B -> EMP_FRAUD_B,VEND_SHELL_B,SUB_PAYBACK_B,0.0,Historical,85.4,438,Circular Fund Flow
194,batch_194_loop_2,3,EMP_FRAUD_B -> VEND_SHELL_B -> SUB_PAYBACK_B -> EMP_FRAUD_B,SUB_PAYBACK_B,EMP_FRAUD_B,0.0,Historical,87.72,438,Circular Fund Flow
194,batch_194_loop_3,1,EMP_FRAUD_A -> VEND_SHELL_A -> SUB_PAYBACK_A -> EMP_FRAUD_A,EMP_FRAUD_A,VEND_SHELL_A,0.0,Historical,89.32,438,Circular Fund Flow
194,batch_194_loop_3,2,EMP_FRAUD_A -> VEND_SHELL_A -> SUB_PAYBACK_A -> EMP_FRAUD_A,VEND_SHELL_A,SUB_PAYBACK_A,0.0,Historical,97.17,438,Circular Fund Flow
194,batch_194_loop_3,3,EMP_FRAUD_A -> VEND_SHELL_A -> SUB_PAYBACK_A -> EMP_FRAUD_A,SUB_PAYBACK_A,EMP_FRAUD_A,0.0,Historical,98.61,438,Circular Fund Flow
195,batch_195_loop_1,1,EMP_FRAUD_C -> VEND_SHELL_C -> SUB_PAYBACK_C -> EMP_FRAUD_C,EMP_FRAUD_C,VEND_SHELL_C,0.0,Historical,92.77,433,Circular Fund Flow
195,batch_195_loop_1,2,EMP_FRAUD_C -> VEND_SHELL_C -> SUB_PAYBACK_C -> EMP_FRAUD_C,VEND_SHELL_C,SUB_PAYBACK_C,0.0,Historical,91.23,433,Circular Fund Flow
195,batch_195_loop_1,3,EMP_FRAUD_C -> VEND_SHELL_C -> SUB_PAYBACK_C -> EMP_FRAUD_C,SUB_PAYBACK_C,EMP_FRAUD_C,0.0,Historical,91.52,433,Circular Fund Flow
195,batch_195_loop_2,1,EMP_FRAUD_B -> VEND_SHELL_B -> SUB_PAYBACK_B -> EMP_FRAUD_B,EMP_FRAUD_B,VEND_SHELL_B,0.0,Historical,94.45,433,Circular Fund Flow
195,batch_195_loop_2,2,EMP_FRAUD_B -> VEND_SHELL_B -> SUB_PAYBACK_B -> EMP_FRAUD_B,VEND_SHELL_B,SUB_PAYBACK_B,0.0,Historical,95.24,433,Circular Fund Flow
195,batch_195_loop_2,3,EMP_FRAUD_B -> VEND_SHELL_B -> SUB_PAYBACK_B -> EMP_FRAUD_B,SUB_PAYBACK_B,EMP_FRAUD_B,0.0,Historical,96.5,433,Circular Fund Flow
195,batch_195_loop_3,1,EMP_FRAUD_A -> VEND_SHELL_A -> SUB_PAYBACK_A -> EMP_FRAUD_A,EMP_FRAUD_A,VEND_SHELL_A,0.0,Historical,93.61,433,Circular Fund Flow
195,batch_195_loop_3,2,EMP_FRAUD_A -> VEND_SHELL_A -> SUB_PAYBACK_A -> EMP_FRAUD_A,VEND_SHELL_A,SUB_PAYBACK_A,0.0,Historical,89.62,433,Circular Fund Flow
195,batch_195_loop_3,3,EMP_FRAUD_A -> VEND_SHELL_A -> SUB_PAYBACK_A -> EMP_FRAUD_A,SUB_PAYBACK_A,EMP_FRAUD_A,0.0,Historical,96.89,433,Circular Fund Flow
196,batch_196_loop_1,1,EMP_FRAUD_C -> VEND_SHELL_C -> SUB_PAYBACK_C -> EMP_FRAUD_C,EMP_FRAUD_C,VEND_SHELL_C,0.0,Historical,85.0,440,Circular Fund Flow
196,batch_196_loop_1,2,EMP_FRAUD_C -> VEND_SHELL_C -> SUB_PAYBACK_C -> EMP_FRAUD_C,VEND_SHELL_C,SUB_PAYBACK_C,0.0,Historical,93.47,440,Circular Fund Flow
196,batch_196_loop_1,3,EMP_FRAUD_C -> VEND_SHELL_C -> SUB_PAYBACK_C -> EMP_FRAUD_C,SUB_PAYBACK_C,EMP_FRAUD_C,0.0,Historical,93.27,440,Circular Fund Flow
196,batch_196_loop_2,1,EMP_FRAUD_B -> VEND_SHELL_B -> SUB_PAYBACK_B -> EMP_FRAUD_B,EMP_FRAUD_B,VEND_SHELL_B,0.0,Historical,86.13,440,Circular Fund Flow
196,batch_196_loop_2,2,EMP_FRAUD_B -> VEND_SHELL_B -> SUB_PAYBACK_B -> EMP_FRAUD_B,VEND_SHELL_B,SUB_PAYBACK_B,0.0,Historical,97.47,440,Circular Fund Flow
196,batch_196_loop_2,3,EMP_FRAUD_B -> VEND_SHELL_B -> SUB_PAYBACK_B -> EMP_FRAUD_B,SUB_PAYBACK_B,EMP_FRAUD_B,0.0,Historical,92.45,440,Circular Fund Flow
196,batch_196_loop_3,1,EMP_FRAUD_A -> VEND_SHELL_A -> SUB_PAYBACK_A -> EMP_FRAUD_A,EMP_FRAUD_A,VEND_SHELL_A,0.0,Historical,91.27,440,Circular Fund Flow
196,batch_196_loop_3,2,EMP_FRAUD_A -> VEND_SHELL_A -> SUB_PAYBACK_A -> EMP_FRAUD_A,VEND_SHELL_A,SUB_PAYBACK_A,0.0,Historical,94.69,440,Circular Fund Flow
196,batch_196_loop_3,3,EMP_FRAUD_A -> VEND_SHELL_A -> SUB_PAYBACK_A -> EMP_FRAUD_A,SUB_PAYBACK_A,EMP_FRAUD_A,0.0,Historical,94.49,440,Circular Fund Flow
197,batch_197_loop_1,1,EMP_FRAUD_C -> VEND_SHELL_C -> SUB_PAYBACK_C -> EMP_FRAUD_C,EMP_FRAUD_C,VEND_SHELL_C,0.0,Historical,89.61,454,Circular Fund Flow
197,batch_197_loop_1,2,EMP_FRAUD_C -> VEND_SHELL_C -> SUB_PAYBACK_C -> EMP_FRAUD_C,VEND_SHELL_C,SUB_PAYBACK_C,0.0,Historical,94.12,454,Circular Fund Flow
197,batch_197_loop_1,3,EMP_FRAUD_C -> VEND_SHELL_C -> SUB_PAYBACK_C -> EMP_FRAUD_C,SUB_PAYBACK_C,EMP_FRAUD_C,0.0,Historical,88.15,454,Circular Fund Flow
197,batch_197_loop_2,1,EMP_FRAUD_B -> VEND_SHELL_B -> SUB_PAYBACK_B -> EMP_FRAUD_B,EMP_FRAUD_B,VEND_SHELL_B,0.0,Historical,87.84,454,Circular Fund Flow
197,batch_197_loop_2,2,EMP_FRAUD_B -> VEND_SHELL_B -> SUB_PAYBACK_B -> EMP_FRAUD_B,VEND_SHELL_B,SUB_PAYBACK_B,0.0,Historical,89.85,454,Circular Fund Flow
197,batch_197_loop_2,3,EMP_FRAUD_B -> VEND_SHELL_B -> SUB_PAYBACK_B -> EMP_FRAUD_B,SUB_PAYBACK_B,EMP_FRAUD_B,0.0,Historical,94.74,454,Circular Fund Flow
197,batch_197_loop_3,1,EMP_FRAUD_A -> VEND_SHELL_A -> SUB_PAYBACK_A -> EMP_FRAUD_A,EMP_FRAUD_A,VEND_SHELL_A,0.0,Historical,85.19,454,Circular Fund Flow
197,batch_197_loop_3,2,EMP_FRAUD_A -> VEND_SHELL_A -> SUB_PAYBACK_A -> EMP_FRAUD_A,VEND_SHELL_A,SUB_PAYBACK_A,0.0,Historical,92.18,454,Circular Fund Flow
197,batch_197_loop_3,3,EMP_FRAUD_A -> VEND_SHELL_A -> SUB_PAYBACK_A -> EMP_FRAUD_A,SUB_PAYBACK_A,EMP_FRAUD_A,0.0,Historical,91.75,454,Circular Fund Flow
198,batch_198_loop_1,1,EMP_FRAUD_C -> VEND_SHELL_C -> SUB_PAYBACK_C -> EMP_FRAUD_C,EMP_FRAUD_C,VEND_SHELL_C,0.0,Historical,89.28,453,Circular Fund Flow
198,batch_198_loop_1,2,EMP_FRAUD_C -> VEND_SHELL_C -> SUB_PAYBACK_C -> EMP_FRAUD_C,VEND_SHELL_C,SUB_PAYBACK_C,0.0,Historical,93.29,453,Circular Fund Flow
198,batch_198_loop_1,3,EMP_FRAUD_C -> VEND_SHELL_C -> SUB_PAYBACK_C -> EMP_FRAUD_C,SUB_PAYBACK_C,EMP_FRAUD_C,0.0,Historical,98.68,453,Circular Fund Flow
198,batch_198_loop_2,1,EMP_FRAUD_B -> VEND_SHELL_B -> SUB_PAYBACK_B -> EMP_FRAUD_B,EMP_FRAUD_B,VEND_SHELL_B,0.0,Historical,97.12,453,Circular Fund Flow
198,batch_198_loop_2,2,EMP_FRAUD_B -> VEND_SHELL_B -> SUB_PAYBACK_B -> EMP_FRAUD_B,VEND_SHELL_B,SUB_PAYBACK_B,0.0,Historical,86.36,453,Circular Fund Flow
198,batch_198_loop_2,3,EMP_FRAUD_B -> VEND_SHELL_B -> SUB_PAYBACK_B -> EMP_FRAUD_B,SUB_PAYBACK_B,EMP_FRAUD_B,0.0,Historical,97.02,453,Circular Fund Flow
198,batch_198_loop_3,1,EMP_FRAUD_A -> VEND_SHELL_A -> SUB_PAYBACK_A -> EMP_FRAUD_A,EMP_FRAUD_A,VEND_SHELL_A,0.0,Historical,90.86,453,Circular Fund Flow
198,batch_198_loop_3,2,EMP_FRAUD_A -> VEND_SHELL_A -> SUB_PAYBACK_A -> EMP_FRAUD_A,VEND_SHELL_A,SUB_PAYBACK_A,0.0,Historical,85.35,453,Circular Fund Flow
198,batch_198_loop_3,3,EMP_FRAUD_A -> VEND_SHELL_A -> SUB_PAYBACK_A -> EMP_FRAUD_A,SUB_PAYBACK_A,EMP_FRAUD_A,0.0,Historical,93.49,453,Circular Fund Flow
199,batch_199_loop_1,1,EMP_FRAUD_C -> VEND_SHELL_C -> SUB_PAYBACK_C -> EMP_FRAUD_C,EMP_FRAUD_C,VEND_SHELL_C,0.0,Historical,91.64,451,Circular Fund Flow
199,batch_199_loop_1,2,EMP_FRAUD_C -> VEND_SHELL_C -> SUB_PAYBACK_C -> EMP_FRAUD_C,VEND_SHELL_C,SUB_PAYBACK_C,0.0,Historical,90.04,451,Circular Fund Flow
199,batch_199_loop_1,3,EMP_FRAUD_C -> VEND_SHELL_C -> SUB_PAYBACK_C -> EMP_FRAUD_C,SUB_PAYBACK_C,EMP_FRAUD_C,0.0,Historical,98.96,451,Circular Fund Flow
199,batch_199_loop_2,1,EMP_FRAUD_B -> VEND_SHELL_B -> SUB_PAYBACK_B -> EMP_FRAUD_B,EMP_FRAUD_B,VEND_SHELL_B,0.0,Historical,88.76,451,Circular Fund Flow
199,batch_199_loop_2,2,EMP_FRAUD_B -> VEND_SHELL_B -> SUB_PAYBACK_B -> EMP_FRAUD_B,VEND_SHELL_B,SUB_PAYBACK_B,0.0,Historical,97.3,451,Circular Fund Flow
199,batch_199_loop_2,3,EMP_FRAUD_B -> VEND_SHELL_B -> SUB_PAYBACK_B -> EMP_FRAUD_B,SUB_PAYBACK_B,EMP_FRAUD_B,0.0,Historical,85.1,451,Circular Fund Flow
199,batch_199_loop_3,1,EMP_FRAUD_A -> VEND_SHELL_A -> SUB_PAYBACK_A -> EMP_FRAUD_A,EMP_FRAUD_A,VEND_SHELL_A,0.0,Historical,96.7,451,Circular Fund Flow
199,batch_199_loop_3,2,EMP_FRAUD_A -> VEND_SHELL_A -> SUB_PAYBACK_A -> EMP_FRAUD_A,VEND_SHELL_A,SUB_PAYBACK_A,0.0,Historical,98.01,451,Circular Fund Flow
199,batch_199_loop_3,3,EMP_FRAUD_A -> VEND_SHELL_A -> SUB_PAYBACK_A -> EMP_FRAUD_A,SUB_PAYBACK_A,EMP_FRAUD_A,0.0,Historical,86.1,451,Circular Fund Flow
200,batch_200_loop_1,1,EMP_FRAUD_C -> VEND_SHELL_C -> SUB_PAYBACK_C -> EMP_FRAUD_C,EMP_FRAUD_C,VEND_SHELL_C,0.0,Historical,94.29,453,Circular Fund Flow
200,batch_200_loop_1,2,EMP_FRAUD_C -> VEND_SHELL_C -> SUB_PAYBACK_C -> EMP_FRAUD_C,VEND_SHELL_C,SUB_PAYBACK_C,0.0,Historical,91.89,453,Circular Fund Flow
200,batch_200_loop_1,3,EMP_FRAUD_C -> VEND_SHELL_C -> SUB_PAYBACK_C -> EMP_FRAUD_C,SUB_PAYBACK_C,EMP_FRAUD_C,0.0,Historical,85.71,453,Circular Fund Flow
200,batch_200_loop_2,1,EMP_FRAUD_B -> VEND_SHELL_B -> SUB_PAYBACK_B -> EMP_FRAUD_B,EMP_FRAUD_B,VEND_SHELL_B,0.0,Historical,98.8,453,Circular Fund Flow
200,batch_200_loop_2,2,EMP_FRAUD_B -> VEND_SHELL_B -> SUB_PAYBACK_B -> EMP_FRAUD_B,VEND_SHELL_B,SUB_PAYBACK_B,0.0,Historical,98.6,453,Circular Fund Flow
200,batch_200_loop_2,3,EMP_FRAUD_B -> VEND_SHELL_B -> SUB_PAYBACK_B -> EMP_FRAUD_B,SUB_PAYBACK_B,EMP_FRAUD_B,0.0,Historical,91.15,453,Circular Fund Flow
200,batch_200_loop_3,1,EMP_FRAUD_A -> VEND_SHELL_A -> SUB_PAYBACK_A -> EMP_FRAUD_A,EMP_FRAUD_A,VEND_SHELL_A,0.0,Historical,96.81,453,Circular Fund Flow
200,batch_200_loop_3,2,EMP_FRAUD_A -> VEND_SHELL_A -> SUB_PAYBACK_A -> EMP_FRAUD_A,VEND_SHELL_A,SUB_PAYBACK_A,0.0,Historical,87.52,453,Circular Fund Flow
200,batch_200_loop_3,3,EMP_FRAUD_A -> VEND_SHELL_A -> SUB_PAYBACK_A -> EMP_FRAUD_A,SUB_PAYBACK_A,EMP_FRAUD_A,0.0,Historical,90.2,453,Circular Fund Flow
201,batch_201_loop_1,1,EMP_FRAUD_C -> VEND_SHELL_C -> SUB_PAYBACK_C -> EMP_FRAUD_C,EMP_FRAUD_C,VEND_SHELL_C,0.0,Historical,86.07,450,Circular Fund Flow
201,batch_201_loop_1,2,EMP_FRAUD_C -> VEND_SHELL_C -> SUB_PAYBACK_C -> EMP_FRAUD_C,VEND_SHELL_C,SUB_PAYBACK_C,0.0,Historical,88.18,450,Circular Fund Flow
201,batch_201_loop_1,3,EMP_FRAUD_C -> VEND_SHELL_C -> SUB_PAYBACK_C -> EMP_FRAUD_C,SUB_PAYBACK_C,EMP_FRAUD_C,0.0,Historical,91.9,450,Circular Fund Flow
201,batch_201_loop_2,1,EMP_FRAUD_B -> VEND_SHELL_B -> SUB_PAYBACK_B -> EMP_FRAUD_B,EMP_FRAUD_B,VEND_SHELL_B,0.0,Historical,88.65,450,Circular Fund Flow
201,batch_201_loop_2,2,EMP_FRAUD_B -> VEND_SHELL_B -> SUB_PAYBACK_B -> EMP_FRAUD_B,VEND_SHELL_B,SUB_PAYBACK_B,0.0,Historical,87.46,450,Circular Fund Flow
201,batch_201_loop_2,3,EMP_FRAUD_B -> VEND_SHELL_B -> SUB_PAYBACK_B -> EMP_FRAUD_B,SUB_PAYBACK_B,EMP_FRAUD_B,0.0,Historical,96.01,450,Circular Fund Flow
201,batch_201_loop_3,1,EMP_FRAUD_A -> VEND_SHELL_A -> SUB_PAYBACK_A -> EMP_FRAUD_A,EMP_FRAUD_A,VEND_SHELL_A,0.0,Historical,88.6,450,Circular Fund Flow
201,batch_201_loop_3,2,EMP_FRAUD_A -> VEND_SHELL_A -> SUB_PAYBACK_A -> EMP_FRAUD_A,VEND_SHELL_A,SUB_PAYBACK_A,0.0,Historical,94.22,450,Circular Fund Flow
201,batch_201_loop_3,3,EMP_FRAUD_A -> VEND_SHELL_A -> SUB_PAYBACK_A -> EMP_FRAUD_A,SUB_PAYBACK_A,EMP_FRAUD_A,0.0,Historical,97.85,450,Circular Fund Flow
202,batch_202_loop_1,1,EMP_FRAUD_C -> VEND_SHELL_C -> SUB_PAYBACK_C -> EMP_FRAUD_C,EMP_FRAUD_C,VEND_SHELL_C,0.0,Historical,95.73,447,Circular Fund Flow
202,batch_202_loop_1,2,EMP_FRAUD_C -> VEND_SHELL_C -> SUB_PAYBACK_C -> EMP_FRAUD_C,VEND_SHELL_C,SUB_PAYBACK_C,0.0,Historical,90.21,447,Circular Fund Flow
202,batch_202_loop_1,3,EMP_FRAUD_C -> VEND_SHELL_C -> SUB_PAYBACK_C -> EMP_FRAUD_C,SUB_PAYBACK_C,EMP_FRAUD_C,0.0,Historical,95.4,447,Circular Fund Flow
202,batch_202_loop_2,1,EMP_FRAUD_B -> VEND_SHELL_B -> SUB_PAYBACK_B -> EMP_FRAUD_B,EMP_FRAUD_B,VEND_SHELL_B,0.0,Historical,87.15,447,Circular Fund Flow
202,batch_202_loop_2,2,EMP_FRAUD_B -> VEND_SHELL_B -> SUB_PAYBACK_B -> EMP_FRAUD_B,VEND_SHELL_B,SUB_PAYBACK_B,0.0,Historical,95.0,447,Circular Fund Flow
202,batch_202_loop_2,3,EMP_FRAUD_B -> VEND_SHELL_B -> SUB_PAYBACK_B -> EMP_FRAUD_B,SUB_PAYBACK_B,EMP_FRAUD_B,0.0,Historical,94.11,447,Circular Fund Flow
202,batch_202_loop_3,1,EMP_FRAUD_A -> VEND_SHELL_A -> SUB_PAYBACK_A -> EMP_FRAUD_A,EMP_FRAUD_A,VEND_SHELL_A,0.0,Historical,97.89,447,Circular Fund Flow
202,batch_202_loop_3,2,EMP_FRAUD_A -> VEND_SHELL_A -> SUB_PAYBACK_A -> EMP_FRAUD_A,VEND_SHELL_A,SUB_PAYBACK_A,0.0,Historical,95.14,447,Circular Fund Flow
202,batch_202_loop_3,3,EMP_FRAUD_A -> VEND_SHELL_A -> SUB_PAYBACK_A -> EMP_FRAUD_A,SUB_PAYBACK_A,EMP_FRAUD_A,0.0,Historical,94.33,447,Circular Fund Flow
203,batch_203_loop_1,1,EMP_FRAUD_C -> VEND_SHELL_C -> SUB_PAYBACK_C -> EMP_FRAUD_C,EMP_FRAUD_C,VEND_SHELL_C,0.0,Historical,92.28,448,Circular Fund Flow
203,batch_203_loop_1,2,EMP_FRAUD_C -> VEND_SHELL_C -> SUB_PAYBACK_C -> EMP_FRAUD_C,VEND_SHELL_C,SUB_PAYBACK_C,0.0,Historical,87.89,448,Circular Fund Flow
203,batch_203_loop_1,3,EMP_FRAUD_C -> VEND_SHELL_C -> SUB_PAYBACK_C -> EMP_FRAUD_C,SUB_PAYBACK_C,EMP_FRAUD_C,0.0,Historical,85.34,448,Circular Fund Flow
203,batch_203_loop_2,1,EMP_FRAUD_B -> VEND_SHELL_B -> SUB_PAYBACK_B -> EMP_FRAUD_B,EMP_FRAUD_B,VEND_SHELL_B,0.0,Historical,89.02,448,Circular Fund Flow
203,batch_203_loop_2,2,EMP_FRAUD_B -> VEND_SHELL_B -> SUB_PAYBACK_B -> EMP_FRAUD_B,VEND_SHELL_B,SUB_PAYBACK_B,0.0,Historical,98.58,448,Circular Fund Flow
203,batch_203_loop_2,3,EMP_FRAUD_B -> VEND_SHELL_B -> SUB_PAYBACK_B -> EMP_FRAUD_B,SUB_PAYBACK_B,EMP_FRAUD_B,0.0,Historical,96.81,448,Circular Fund Flow
203,batch_203_loop_3,1,EMP_FRAUD_A -> VEND_SHELL_A -> SUB_PAYBACK_A -> EMP_FRAUD_A,EMP_FRAUD_A,VEND_SHELL_A,0.0,Historical,98.65,448,Circular Fund Flow
203,batch_203_loop_3,2,EMP_FRAUD_A -> VEND_SHELL_A -> SUB_PAYBACK_A -> EMP_FRAUD_A,VEND_SHELL_A,SUB_PAYBACK_A,0.0,Historical,86.21,448,Circular Fund Flow
203,batch_203_loop_3,3,EMP_FRAUD_A -> VEND_SHELL_A -> SUB_PAYBACK_A -> EMP_FRAUD_A,SUB_PAYBACK_A,EMP_FRAUD_A,0.0,Historical,94.31,448,Circular Fund Flow
204,batch_204_loop_1,1,EMP_FRAUD_C -> VEND_SHELL_C -> SUB_PAYBACK_C -> EMP_FRAUD_C,EMP_FRAUD_C,VEND_SHELL_C,0.0,Historical,94.96,450,Circular Fund Flow
204,batch_204_loop_1,2,EMP_FRAUD_C -> VEND_SHELL_C -> SUB_PAYBACK_C -> EMP_FRAUD_C,VEND_SHELL_C,SUB_PAYBACK_C,0.0,Historical,98.63,450,Circular Fund Flow
204,batch_204_loop_1,3,EMP_FRAUD_C -> VEND_SHELL_C -> SUB_PAYBACK_C -> EMP_FRAUD_C,SUB_PAYBACK_C,EMP_FRAUD_C,0.0,Historical,92.22,450,Circular Fund Flow
204,batch_204_loop_2,1,EMP_FRAUD_B -> VEND_SHELL_B -> SUB_PAYBACK_B -> EMP_FRAUD_B,EMP_FRAUD_B,VEND_SHELL_B,0.0,Historical,98.01,450,Circular Fund Flow
204,batch_204_loop_2,2,EMP_FRAUD_B -> VEND_SHELL_B -> SUB_PAYBACK_B -> EMP_FRAUD_B,VEND_SHELL_B,SUB_PAYBACK_B,0.0,Historical,86.8,450,Circular Fund Flow
204,batch_204_loop_2,3,EMP_FRAUD_B -> VEND_SHELL_B -> SUB_PAYBACK_B -> EMP_FRAUD_B,SUB_PAYBACK_B,EMP_FRAUD_B,0.0,Historical,86.06,450,Circular Fund Flow
204,batch_204_loop_3,1,EMP_FRAUD_A -> VEND_SHELL_A -> SUB_PAYBACK_A -> EMP_FRAUD_A,EMP_FRAUD_A,VEND_SHELL_A,0.0,Historical,93.09,450,Circular Fund Flow
204,batch_204_loop_3,2,EMP_FRAUD_A -> VEND_SHELL_A -> SUB_PAYBACK_A -> EMP_FRAUD_A,VEND_SHELL_A,SUB_PAYBACK_A,0.0,Historical,97.36,450,Circular Fund Flow
204,batch_204_loop_3,3,EMP_FRAUD_A -> VEND_SHELL_A -> SUB_PAYBACK_A -> EMP_FRAUD_A,SUB_PAYBACK_A,EMP_FRAUD_A,0.0,Historical,86.01,450,Circular Fund Flow
205,batch_205_loop_1,1,EMP_FRAUD_C -> VEND_SHELL_C -> SUB_PAYBACK_C -> EMP_FRAUD_C,EMP_FRAUD_C,VEND_SHELL_C,0.0,Historical,93.39,450,Circular Fund Flow
205,batch_205_loop_1,2,EMP_FRAUD_C -> VEND_SHELL_C -> SUB_PAYBACK_C -> EMP_FRAUD_C,VEND_SHELL_C,SUB_PAYBACK_C,0.0,Historical,88.0,450,Circular Fund Flow
205,batch_205_loop_1,3,EMP_FRAUD_C -> VEND_SHELL_C -> SUB_PAYBACK_C -> EMP_FRAUD_C,SUB_PAYBACK_C,EMP_FRAUD_C,0.0,Historical,97.35,450,Circular Fund Flow
205,batch_205_loop_2,1,EMP_FRAUD_B -> VEND_SHELL_B -> SUB_PAYBACK_B -> EMP_FRAUD_B,EMP_FRAUD_B,VEND_SHELL_B,0.0,Historical,92.63,450,Circular Fund Flow
205,batch_205_loop_2,2,EMP_FRAUD_B -> VEND_SHELL_B -> SUB_PAYBACK_B -> EMP_FRAUD_B,VEND_SHELL_B,SUB_PAYBACK_B,0.0,Historical,97.51,450,Circular Fund Flow
205,batch_205_loop_2,3,EMP_FRAUD_B -> VEND_SHELL_B -> SUB_PAYBACK_B -> EMP_FRAUD_B,SUB_PAYBACK_B,EMP_FRAUD_B,0.0,Historical,85.15,450,Circular Fund Flow
205,batch_205_loop_3,1,EMP_FRAUD_A -> VEND_SHELL_A -> SUB_PAYBACK_A -> EMP_FRAUD_A,EMP_FRAUD_A,VEND_SHELL_A,0.0,Historical,91.19,450,Circular Fund Flow
205,batch_205_loop_3,2,EMP_FRAUD_A -> VEND_SHELL_A -> SUB_PAYBACK_A -> EMP_FRAUD_A,VEND_SHELL_A,SUB_PAYBACK_A,0.0,Historical,89.1,450,Circular Fund Flow
205,batch_205_loop_3,3,EMP_FRAUD_A -> VEND_SHELL_A -> SUB_PAYBACK_A -> EMP_FRAUD_A,SUB_PAYBACK_A,EMP_FRAUD_A,0.0,Historical,97.09,450,Circular Fund Flow
206,batch_206_loop_1,1,EMP_FRAUD_C -> VEND_SHELL_C -> SUB_PAYBACK_C -> EMP_FRAUD_C,EMP_FRAUD_C,VEND_SHELL_C,0.0,Historical,92.31,450,Circular Fund Flow
206,batch_206_loop_1,2,EMP_FRAUD_C -> VEND_SHELL_C -> SUB_PAYBACK_C -> EMP_FRAUD_C,VEND_SHELL_C,SUB_PAYBACK_C,0.0,Historical,96.7,450,Circular Fund Flow
206,batch_206_loop_1,3,EMP_FRAUD_C -> VEND_SHELL_C -> SUB_PAYBACK_C -> EMP_FRAUD_C,SUB_PAYBACK_C,EMP_FRAUD_C,0.0,Historical,97.97,450,Circular Fund Flow
206,batch_206_loop_2,1,EMP_FRAUD_B -> VEND_SHELL_B -> SUB_PAYBACK_B -> EMP_FRAUD_B,EMP_FRAUD_B,VEND_SHELL_B,0.0,Historical,85.73,450,Circular Fund Flow
206,batch_206_loop_2,2,EMP_FRAUD_B -> VEND_SHELL_B -> SUB_PAYBACK_B -> EMP_FRAUD_B,VEND_SHELL_B,SUB_PAYBACK_B,0.0,Historical,95.56,450,Circular Fund Flow
206,batch_206_loop_2,3,EMP_FRAUD_B -> VEND_SHELL_B -> SUB_PAYBACK_B -> EMP_FRAUD_B,SUB_PAYBACK_B,EMP_FRAUD_B,0.0,Historical,87.72,450,Circular Fund Flow
206,batch_206_loop_3,1,EMP_FRAUD_A -> VEND_SHELL_A -> SUB_PAYBACK_A -> EMP_FRAUD_A,EMP_FRAUD_A,VEND_SHELL_A,0.0,Historical,88.61,450,Circular Fund Flow
206,batch_206_loop_3,2,EMP_FRAUD_A -> VEND_SHELL_A -> SUB_PAYBACK_A -> EMP_FRAUD_A,VEND_SHELL_A,SUB_PAYBACK_A,0.0,Historical,93.9,450,Circular Fund Flow
206,batch_206_loop_3,3,EMP_FRAUD_A -> VEND_SHELL_A -> SUB_PAYBACK_A -> EMP_FRAUD_A,SUB_PAYBACK_A,EMP_FRAUD_A,0.0,Historical,93.63,450,Circular Fund Flow
207,batch_207_loop_1,1,EMP_FRAUD_C -> VEND_SHELL_C -> SUB_PAYBACK_C -> EMP_FRAUD_C,EMP_FRAUD_C,VEND_SHELL_C,0.0,Historical,98.84,450,Circular Fund Flow
207,batch_207_loop_1,2,EMP_FRAUD_C -> VEND_SHELL_C -> SUB_PAYBACK_C -> EMP_FRAUD_C,VEND_SHELL_C,SUB_PAYBACK_C,0.0,Historical,91.29,450,Circular Fund Flow
207,batch_207_loop_1,3,EMP_FRAUD_C -> VEND_SHELL_C -> SUB_PAYBACK_C -> EMP_FRAUD_C,SUB_PAYBACK_C,EMP_FRAUD_C,0.0,Historical,93.5,450,Circular Fund Flow
207,batch_207_loop_2,1,EMP_FRAUD_B -> VEND_SHELL_B -> SUB_PAYBACK_B -> EMP_FRAUD_B,EMP_FRAUD_B,VEND_SHELL_B,0.0,Historical,97.08,450,Circular Fund Flow
207,batch_207_loop_2,2,EMP_FRAUD_B -> VEND_SHELL_B -> SUB_PAYBACK_B -> EMP_FRAUD_B,VEND_SHELL_B,SUB_PAYBACK_B,0.0,Historical,98.9,450,Circular Fund Flow
207,batch_207_loop_2,3,EMP_FRAUD_B -> VEND_SHELL_B -> SUB_PAYBACK_B -> EMP_FRAUD_B,SUB_PAYBACK_B,EMP_FRAUD_B,0.0,Historical,85.55,450,Circular Fund Flow
207,batch_207_loop_3,1,EMP_FRAUD_A -> VEND_SHELL_A -> SUB_PAYBACK_A -> EMP_FRAUD_A,EMP_FRAUD_A,VEND_SHELL_A,0.0,Historical,92.26,450,Circular Fund Flow
207,batch_207_loop_3,2,EMP_FRAUD_A -> VEND_SHELL_A -> SUB_PAYBACK_A -> EMP_FRAUD_A,VEND_SHELL_A,SUB_PAYBACK_A,0.0,Historical,92.06,450,Circular Fund Flow
207,batch_207_loop_3,3,EMP_FRAUD_A -> VEND_SHELL_A -> SUB_PAYBACK_A -> EMP_FRAUD_A,SUB_PAYBACK_A,EMP_FRAUD_A,0.0,Historical,87.13,450,Circular Fund Flow
208,batch_208_loop_1,1,EMP_FRAUD_C -> VEND_SHELL_C -> SUB_PAYBACK_C -> EMP_FRAUD_C,EMP_FRAUD_C,VEND_SHELL_C,12304.22,2026-04-18T06:22:42Z,100.0,450,Circular Fund Flow
208,batch_208_loop_1,2,EMP_FRAUD_C -> VEND_SHELL_C -> SUB_PAYBACK_C -> EMP_FRAUD_C,VEND_SHELL_C,SUB_PAYBACK_C,11508.5,2026-04-18T06:22:42Z,100.0,450,Circular Fund Flow
208,batch_208_loop_1,3,EMP_FRAUD_C -> VEND_SHELL_C -> SUB_PAYBACK_C -> EMP_FRAUD_C,SUB_PAYBACK_C,EMP_FRAUD_C,13501.36,2026-04-18T06:22:42Z,100.0,450,Circular Fund Flow
208,batch_208_loop_2,1,EMP_FRAUD_B -> VEND_SHELL_B -> SUB_PAYBACK_B -> EMP_FRAUD_B,EMP_FRAUD_B,VEND_SHELL_B,11157.4,2026-04-18T06:22:42Z,100.0,450,Circular Fund Flow
208,batch_208_loop_2,2,EMP_FRAUD_B -> VEND_SHELL_B -> SUB_PAYBACK_B -> EMP_FRAUD_B,VEND_SHELL_B,SUB_PAYBACK_B,10445.93,2026-04-18T06:22:42Z,100.0,450,Circular Fund Flow
208,batch_208_loop_2,3,EMP_FRAUD_B -> VEND_SHELL_B -> SUB_PAYBACK_B -> EMP_FRAUD_B,SUB_PAYBACK_B,EMP_FRAUD_B,11602.54,2026-04-18T06:22:42Z,100.0,450,Circular Fund Flow
208,batch_208_loop_3,1,EMP_FRAUD_A -> VEND_SHELL_A -> SUB_PAYBACK_A -> EMP_FRAUD_A,EMP_FRAUD_A,VEND_SHELL_A,13932.4,2026-04-18T06:22:42Z,100.0,450,Circular Fund Flow
208,batch_208_loop_3,2,EMP_FRAUD_A -> VEND_SHELL_A -> SUB_PAYBACK_A -> EMP_FRAUD_A,VEND_SHELL_A,SUB_PAYBACK_A,13652.49,2026-04-18T06:22:42Z,100.0,450,Circular Fund Flow
208,batch_208_loop_3,3,EMP_FRAUD_A -> VEND_SHELL_A -> SUB_PAYBACK_A -> EMP_FRAUD_A,SUB_PAYBACK_A,EMP_FRAUD_A,8895.31,2026-04-18T06:22:42Z,100.0,450,Circular Fund Flow
209,batch_209_loop_1,1,EMP_FRAUD_C -> VEND_SHELL_C -> SUB_PAYBACK_C -> EMP_FRAUD_C,EMP_FRAUD_C,VEND_SHELL_C,0.0,Historical,92.7,450,Circular Fund Flow
209,batch_209_loop_1,2,EMP_FRAUD_C -> VEND_SHELL_C -> SUB_PAYBACK_C -> EMP_FRAUD_C,VEND_SHELL_C,SUB_PAYBACK_C,0.0,Historical,87.1,450,Circular Fund Flow
209,batch_209_loop_1,3,EMP_FRAUD_C -> VEND_SHELL_C -> SUB_PAYBACK_C -> EMP_FRAUD_C,SUB_PAYBACK_C,EMP_FRAUD_C,0.0,Historical,95.08,450,Circular Fund Flow
209,batch_209_loop_2,1,EMP_FRAUD_B -> VEND_SHELL_B -> SUB_PAYBACK_B -> EMP_FRAUD_B,EMP_FRAUD_B,VEND_SHELL_B,0.0,Historical,88.7,450,Circular Fund Flow
209,batch_209_loop_2,2,EMP_FRAUD_B -> VEND_SHELL_B -> SUB_PAYBACK_B -> EMP_FRAUD_B,VEND_SHELL_B,SUB_PAYBACK_B,0.0,Historical,96.2,450,Circular Fund Flow
209,batch_209_loop_2,3,EMP_FRAUD_B -> VEND_SHELL_B -> SUB_PAYBACK_B -> EMP_FRAUD_B,SUB_PAYBACK_B,EMP_FRAUD_B,0.0,Historical,96.87,450,Circular Fund Flow
209,batch_209_loop_3,1,EMP_FRAUD_A -> VEND_SHELL_A -> SUB_PAYBACK_A -> EMP_FRAUD_A,EMP_FRAUD_A,VEND_SHELL_A,0.0,Historical,96.0,450,Circular Fund Flow
209,batch_209_loop_3,2,EMP_FRAUD_A -> VEND_SHELL_A -> SUB_PAYBACK_A -> EMP_FRAUD_A,VEND_SHELL_A,SUB_PAYBACK_A,0.0,Historical,98.53,450,Circular Fund Flow
209,batch_209_loop_3,3,EMP_FRAUD_A -> VEND_SHELL_A -> SUB_PAYBACK_A -> EMP_FRAUD_A,SUB_PAYBACK_A,EMP_FRAUD_A,0.0,Historical,85.1,450,Circular Fund Flow
210,batch_210_loop_1,1,EMP_FRAUD_C -> VEND_SHELL_C -> SUB_PAYBACK_C -> EMP_FRAUD_C,EMP_FRAUD_C,VEND_SHELL_C,0.0,Historical,93.57,450,Circular Fund Flow
210,batch_210_loop_1,2,EMP_FRAUD_C -> VEND_SHELL_C -> SUB_PAYBACK_C -> EMP_FRAUD_C,VEND_SHELL_C,SUB_PAYBACK_C,0.0,Historical,85.66,450,Circular Fund Flow
210,batch_210_loop_1,3,EMP_FRAUD_C -> VEND_SHELL_C -> SUB_PAYBACK_C -> EMP_FRAUD_C,SUB_PAYBACK_C,EMP_FRAUD_C,0.0,Historical,96.74,450,Circular Fund Flow
210,batch_210_loop_2,1,EMP_FRAUD_B -> VEND_SHELL_B -> SUB_PAYBACK_B -> EMP_FRAUD_B,EMP_FRAUD_B,VEND_SHELL_B,0.0,Historical,94.57,450,Circular Fund Flow
210,batch_210_loop_2,2,EMP_FRAUD_B -> VEND_SHELL_B -> SUB_PAYBACK_B -> EMP_FRAUD_B,VEND_SHELL_B,SUB_PAYBACK_B,0.0,Historical,89.78,450,Circular Fund Flow
210,batch_210_loop_2,3,EMP_FRAUD_B -> VEND_SHELL_B -> SUB_PAYBACK_B -> EMP_FRAUD_B,SUB_PAYBACK_B,EMP_FRAUD_B,0.0,Historical,94.78,450,Circular Fund Flow
210,batch_210_loop_3,1,EMP_FRAUD_A -> VEND_SHELL_A -> SUB_PAYBACK_A -> EMP_FRAUD_A,EMP_FRAUD_A,VEND_SHELL_A,0.0,Historical,93.47,450,Circular Fund Flow
210,batch_210_loop_3,2,EMP_FRAUD_A -> VEND_SHELL_A -> SUB_PAYBACK_A -> EMP_FRAUD_A,VEND_SHELL_A,SUB_PAYBACK_A,0.0,Historical,91.22,450,Circular Fund Flow
210,batch_210_loop_3,3,EMP_FRAUD_A -> VEND_SHELL_A -> SUB_PAYBACK_A -> EMP_FRAUD_A,SUB_PAYBACK_A,EMP_FRAUD_A,0.0,Historical,90.64,450,Circular Fund Flow
211,batch_211_loop_1,1,EMP_FRAUD_C -> VEND_SHELL_C -> SUB_PAYBACK_C -> EMP_FRAUD_C,EMP_FRAUD_C,VEND_SHELL_C,0.0,Historical,89.0,450,Circular Fund Flow
211,batch_211_loop_1,2,EMP_FRAUD_C -> VEND_SHELL_C -> SUB_PAYBACK_C -> EMP_FRAUD_C,VEND_SHELL_C,SUB_PAYBACK_C,0.0,Historical,87.06,450,Circular Fund Flow
211,batch_211_loop_1,3,EMP_FRAUD_C -> VEND_SHELL_C -> SUB_PAYBACK_C -> EMP_FRAUD_C,SUB_PAYBACK_C,EMP_FRAUD_C,0.0,Historical,94.41,450,Circular Fund Flow
211,batch_211_loop_2,1,EMP_FRAUD_B -> VEND_SHELL_B -> SUB_PAYBACK_B -> EMP_FRAUD_B,EMP_FRAUD_B,VEND_SHELL_B,0.0,Historical,87.71,450,Circular Fund Flow
211,batch_211_loop_2,2,EMP_FRAUD_B -> VEND_SHELL_B -> SUB_PAYBACK_B -> EMP_FRAUD_B,VEND_SHELL_B,SUB_PAYBACK_B,0.0,Historical,96.53,450,Circular Fund Flow
211,batch_211_loop_2,3,EMP_FRAUD_B -> VEND_SHELL_B -> SUB_PAYBACK_B -> EMP_FRAUD_B,SUB_PAYBACK_B,EMP_FRAUD_B,0.0,Historical,89.74,450,Circular Fund Flow
211,batch_211_loop_3,1,EMP_FRAUD_A -> VEND_SHELL_A -> SUB_PAYBACK_A -> EMP_FRAUD_A,EMP_FRAUD_A,VEND_SHELL_A,0.0,Historical,92.05,450,Circular Fund Flow
211,batch_211_loop_3,2,EMP_FRAUD_A -> VEND_SHELL_A -> SUB_PAYBACK_A -> EMP_FRAUD_A,VEND_SHELL_A,SUB_PAYBACK_A,0.0,Historical,98.65,450,Circular Fund Flow
211,batch_211_loop_3,3,EMP_FRAUD_A -> VEND_SHELL_A -> SUB_PAYBACK_A -> EMP_FRAUD_A,SUB_PAYBACK_A,EMP_FRAUD_A,0.0,Historical,95.64,450,Circular Fund Flow
212,batch_212_loop_1,1,EMP_FRAUD_C -> VEND_SHELL_C -> SUB_PAYBACK_C -> EMP_FRAUD_C,EMP_FRAUD_C,VEND_SHELL_C,0.0,Historical,88.93,449,Circular Fund Flow
212,batch_212_loop_1,2,EMP_FRAUD_C -> VEND_SHELL_C -> SUB_PAYBACK_C -> EMP_FRAUD_C,VEND_SHELL_C,SUB_PAYBACK_C,0.0,Historical,91.89,449,Circular Fund Flow
212,batch_212_loop_1,3,EMP_FRAUD_C -> VEND_SHELL_C -> SUB_PAYBACK_C -> EMP_FRAUD_C,SUB_PAYBACK_C,EMP_FRAUD_C,0.0,Historical,87.82,449,Circular Fund Flow
212,batch_212_loop_2,1,EMP_FRAUD_B -> VEND_SHELL_B -> SUB_PAYBACK_B -> EMP_FRAUD_B,EMP_FRAUD_B,VEND_SHELL_B,0.0,Historical,91.3,449,Circular Fund Flow
212,batch_212_loop_2,2,EMP_FRAUD_B -> VEND_SHELL_B -> SUB_PAYBACK_B -> EMP_FRAUD_B,VEND_SHELL_B,SUB_PAYBACK_B,0.0,Historical,89.13,449,Circular Fund Flow
212,batch_212_loop_2,3,EMP_FRAUD_B -> VEND_SHELL_B -> SUB_PAYBACK_B -> EMP_FRAUD_B,SUB_PAYBACK_B,EMP_FRAUD_B,0.0,Historical,85.36,449,Circular Fund Flow
212,batch_212_loop_3,1,EMP_FRAUD_A -> VEND_SHELL_A -> SUB_PAYBACK_A -> EMP_FRAUD_A,EMP_FRAUD_A,VEND_SHELL_A,0.0,Historical,98.63,449,Circular Fund Flow
212,batch_212_loop_3,2,EMP_FRAUD_A -> VEND_SHELL_A -> SUB_PAYBACK_A -> EMP_FRAUD_A,VEND_SHELL_A,SUB_PAYBACK_A,0.0,Historical,88.39,449,Circular Fund Flow
212,batch_212_loop_3,3,EMP_FRAUD_A -> VEND_SHELL_A -> SUB_PAYBACK_A -> EMP_FRAUD_A,SUB_PAYBACK_A,EMP_FRAUD_A,0.0,Historical,89.34,449,Circular Fund Flow
213,batch_213_loop_1,1,EMP_FRAUD_C -> VEND_SHELL_C -> SUB_PAYBACK_C -> EMP_FRAUD_C,EMP_FRAUD_C,VEND_SHELL_C,0.0,Historical,85.89,452,Circular Fund Flow
213,batch_213_loop_1,2,EMP_FRAUD_C -> VEND_SHELL_C -> SUB_PAYBACK_C -> EMP_FRAUD_C,VEND_SHELL_C,SUB_PAYBACK_C,0.0,Historical,90.43,452,Circular Fund Flow
213,batch_213_loop_1,3,EMP_FRAUD_C -> VEND_SHELL_C -> SUB_PAYBACK_C -> EMP_FRAUD_C,SUB_PAYBACK_C,EMP_FRAUD_C,0.0,Historical,92.1,452,Circular Fund Flow
213,batch_213_loop_2,1,EMP_FRAUD_B -> VEND_SHELL_B -> SUB_PAYBACK_B -> EMP_FRAUD_B,EMP_FRAUD_B,VEND_SHELL_B,0.0,Historical,95.67,452,Circular Fund Flow
213,batch_213_loop_2,2,EMP_FRAUD_B -> VEND_SHELL_B -> SUB_PAYBACK_B -> EMP_FRAUD_B,VEND_SHELL_B,SUB_PAYBACK_B,0.0,Historical,88.68,452,Circular Fund Flow
213,batch_213_loop_2,3,EMP_FRAUD_B -> VEND_SHELL_B -> SUB_PAYBACK_B -> EMP_FRAUD_B,SUB_PAYBACK_B,EMP_FRAUD_B,0.0,Historical,95.29,452,Circular Fund Flow
213,batch_213_loop_3,1,EMP_FRAUD_A -> VEND_SHELL_A -> SUB_PAYBACK_A -> EMP_FRAUD_A,EMP_FRAUD_A,VEND_SHELL_A,0.0,Historical,87.21,452,Circular Fund Flow
213,batch_213_loop_3,2,EMP_FRAUD_A -> VEND_SHELL_A -> SUB_PAYBACK_A -> EMP_FRAUD_A,VEND_SHELL_A,SUB_PAYBACK_A,0.0,Historical,98.27,452,Circular Fund Flow
213,batch_213_loop_3,3,EMP_FRAUD_A -> VEND_SHELL_A -> SUB_PAYBACK_A -> EMP_FRAUD_A,SUB_PAYBACK_A,EMP_FRAUD_A,0.0,Historical,88.77,452,Circular Fund Flow
214,batch_214_loop_1,1,EMP_FRAUD_C -> VEND_SHELL_C -> SUB_PAYBACK_C -> EMP_FRAUD_C,EMP_FRAUD_C,VEND_SHELL_C,0.0,Historical,93.84,448,Circular Fund Flow
214,batch_214_loop_1,2,EMP_FRAUD_C -> VEND_SHELL_C -> SUB_PAYBACK_C -> EMP_FRAUD_C,VEND_SHELL_C,SUB_PAYBACK_C,0.0,Historical,94.83,448,Circular Fund Flow
214,batch_214_loop_1,3,EMP_FRAUD_C -> VEND_SHELL_C -> SUB_PAYBACK_C -> EMP_FRAUD_C,SUB_PAYBACK_C,EMP_FRAUD_C,0.0,Historical,88.96,448,Circular Fund Flow
214,batch_214_loop_2,1,EMP_FRAUD_B -> VEND_SHELL_B -> SUB_PAYBACK_B -> EMP_FRAUD_B,EMP_FRAUD_B,VEND_SHELL_B,0.0,Historical,89.17,448,Circular Fund Flow
214,batch_214_loop_2,2,EMP_FRAUD_B -> VEND_SHELL_B -> SUB_PAYBACK_B -> EMP_FRAUD_B,VEND_SHELL_B,SUB_PAYBACK_B,0.0,Historical,97.7,448,Circular Fund Flow
214,batch_214_loop_2,3,EMP_FRAUD_B -> VEND_SHELL_B -> SUB_PAYBACK_B -> EMP_FRAUD_B,SUB_PAYBACK_B,EMP_FRAUD_B,0.0,Historical,91.62,448,Circular Fund Flow
214,batch_214_loop_3,1,EMP_FRAUD_A -> VEND_SHELL_A -> SUB_PAYBACK_A -> EMP_FRAUD_A,EMP_FRAUD_A,VEND_SHELL_A,0.0,Historical,88.82,448,Circular Fund Flow
214,batch_214_loop_3,2,EMP_FRAUD_A -> VEND_SHELL_A -> SUB_PAYBACK_A -> EMP_FRAUD_A,VEND_SHELL_A,SUB_PAYBACK_A,0.0,Historical,91.6,448,Circular Fund Flow
214,batch_214_loop_3,3,EMP_FRAUD_A -> VEND_SHELL_A -> SUB_PAYBACK_A -> EMP_FRAUD_A,SUB_PAYBACK_A,EMP_FRAUD_A,0.0,Historical,86.06,448,Circular Fund Flow
215,batch_215_loop_1,1,EMP_FRAUD_C -> VEND_SHELL_C -> SUB_PAYBACK_C -> EMP_FRAUD_C,EMP_FRAUD_C,VEND_SHELL_C,0.0,Historical,98.11,448,Circular Fund Flow
215,batch_215_loop_1,2,EMP_FRAUD_C -> VEND_SHELL_C -> SUB_PAYBACK_C -> EMP_FRAUD_C,VEND_SHELL_C,SUB_PAYBACK_C,0.0,Historical,93.26,448,Circular Fund Flow
215,batch_215_loop_1,3,EMP_FRAUD_C -> VEND_SHELL_C -> SUB_PAYBACK_C -> EMP_FRAUD_C,SUB_PAYBACK_C,EMP_FRAUD_C,0.0,Historical,88.73,448,Circular Fund Flow
215,batch_215_loop_2,1,EMP_FRAUD_B -> VEND_SHELL_B -> SUB_PAYBACK_B -> EMP_FRAUD_B,EMP_FRAUD_B,VEND_SHELL_B,0.0,Historical,94.89,448,Circular Fund Flow
215,batch_215_loop_2,2,EMP_FRAUD_B -> VEND_SHELL_B -> SUB_PAYBACK_B -> EMP_FRAUD_B,VEND_SHELL_B,SUB_PAYBACK_B,0.0,Historical,98.63,448,Circular Fund Flow
215,batch_215_loop_2,3,EMP_FRAUD_B -> VEND_SHELL_B -> SUB_PAYBACK_B -> EMP_FRAUD_B,SUB_PAYBACK_B,EMP_FRAUD_B,0.0,Historical,97.09,448,Circular Fund Flow
215,batch_215_loop_3,1,EMP_FRAUD_A -> VEND_SHELL_A -> SUB_PAYBACK_A -> EMP_FRAUD_A,EMP_FRAUD_A,VEND_SHELL_A,0.0,Historical,98.05,448,Circular Fund Flow
215,batch_215_loop_3,2,EMP_FRAUD_A -> VEND_SHELL_A -> SUB_PAYBACK_A -> EMP_FRAUD_A,VEND_SHELL_A,SUB_PAYBACK_A,0.0,Historical,92.64,448,Circular Fund Flow
215,batch_215_loop_3,3,EMP_FRAUD_A -> VEND_SHELL_A -> SUB_PAYBACK_A -> EMP_FRAUD_A,SUB_PAYBACK_A,EMP_FRAUD_A,0.0,Historical,88.8,448,Circular Fund Flow
216,batch_216_loop_1,1,EMP_FRAUD_C -> VEND_SHELL_C -> SUB_PAYBACK_C -> EMP_FRAUD_C,EMP_FRAUD_C,VEND_SHELL_C,0.0,Historical,91.83,450,Circular Fund Flow
216,batch_216_loop_1,2,EMP_FRAUD_C -> VEND_SHELL_C -> SUB_PAYBACK_C -> EMP_FRAUD_C,VEND_SHELL_C,SUB_PAYBACK_C,0.0,Historical,85.66,450,Circular Fund Flow
216,batch_216_loop_1,3,EMP_FRAUD_C -> VEND_SHELL_C -> SUB_PAYBACK_C -> EMP_FRAUD_C,SUB_PAYBACK_C,EMP_FRAUD_C,0.0,Historical,94.82,450,Circular Fund Flow
216,batch_216_loop_2,1,EMP_FRAUD_B -> VEND_SHELL_B -> SUB_PAYBACK_B -> EMP_FRAUD_B,EMP_FRAUD_B,VEND_SHELL_B,0.0,Historical,97.37,450,Circular Fund Flow
216,batch_216_loop_2,2,EMP_FRAUD_B -> VEND_SHELL_B -> SUB_PAYBACK_B -> EMP_FRAUD_B,VEND_SHELL_B,SUB_PAYBACK_B,0.0,Historical,97.77,450,Circular Fund Flow
216,batch_216_loop_2,3,EMP_FRAUD_B -> VEND_SHELL_B -> SUB_PAYBACK_B -> EMP_FRAUD_B,SUB_PAYBACK_B,EMP_FRAUD_B,0.0,Historical,88.81,450,Circular Fund Flow
216,batch_216_loop_3,1,EMP_FRAUD_A -> VEND_SHELL_A -> SUB_PAYBACK_A -> EMP_FRAUD_A,EMP_FRAUD_A,VEND_SHELL_A,0.0,Historical,92.38,450,Circular Fund Flow
216,batch_216_loop_3,2,EMP_FRAUD_A -> VEND_SHELL_A -> SUB_PAYBACK_A -> EMP_FRAUD_A,VEND_SHELL_A,SUB_PAYBACK_A,0.0,Historical,92.23,450,Circular Fund Flow
216,batch_216_loop_3,3,EMP_FRAUD_A -> VEND_SHELL_A -> SUB_PAYBACK_A -> EMP_FRAUD_A,SUB_PAYBACK_A,EMP_FRAUD_A,0.0,Historical,91.73,450,Circular Fund Flow
217,batch_217_loop_1,1,EMP_FRAUD_C -> VEND_SHELL_C -> SUB_PAYBACK_C -> EMP_FRAUD_C,EMP_FRAUD_C,VEND_SHELL_C,0.0,Historical,85.58,449,Circular Fund Flow
217,batch_217_loop_1,2,EMP_FRAUD_C -> VEND_SHELL_C -> SUB_PAYBACK_C -> EMP_FRAUD_C,VEND_SHELL_C,SUB_PAYBACK_C,0.0,Historical,98.96,449,Circular Fund Flow
217,batch_217_loop_1,3,EMP_FRAUD_C -> VEND_SHELL_C -> SUB_PAYBACK_C -> EMP_FRAUD_C,SUB_PAYBACK_C,EMP_FRAUD_C,0.0,Historical,97.44,449,Circular Fund Flow
217,batch_217_loop_2,1,EMP_FRAUD_B -> VEND_SHELL_B -> SUB_PAYBACK_B -> EMP_FRAUD_B,EMP_FRAUD_B,VEND_SHELL_B,0.0,Historical,85.5,449,Circular Fund Flow
217,batch_217_loop_2,2,EMP_FRAUD_B -> VEND_SHELL_B -> SUB_PAYBACK_B -> EMP_FRAUD_B,VEND_SHELL_B,SUB_PAYBACK_B,0.0,Historical,93.18,449,Circular Fund Flow
217,batch_217_loop_2,3,EMP_FRAUD_B -> VEND_SHELL_B -> SUB_PAYBACK_B -> EMP_FRAUD_B,SUB_PAYBACK_B,EMP_FRAUD_B,0.0,Historical,85.68,449,Circular Fund Flow
217,batch_217_loop_3,1,EMP_FRAUD_A -> VEND_SHELL_A -> SUB_PAYBACK_A -> EMP_FRAUD_A,EMP_FRAUD_A,VEND_SHELL_A,0.0,Historical,92.18,449,Circular Fund Flow
217,batch_217_loop_3,2,EMP_FRAUD_A -> VEND_SHELL_A -> SUB_PAYBACK_A -> EMP_FRAUD_A,VEND_SHELL_A,SUB_PAYBACK_A,0.0,Historical,88.39,449,Circular Fund Flow
217,batch_217_loop_3,3,EMP_FRAUD_A -> VEND_SHELL_A -> SUB_PAYBACK_A -> EMP_FRAUD_A,SUB_PAYBACK_A,EMP_FRAUD_A,0.0,Historical,90.46,449,Circular Fund Flow
218,batch_218_loop_1,1,EMP_FRAUD_C -> VEND_SHELL_C -> SUB_PAYBACK_C -> EMP_FRAUD_C,EMP_FRAUD_C,VEND_SHELL_C,0.0,Historical,88.53,450,Circular Fund Flow
218,batch_218_loop_1,2,EMP_FRAUD_C -> VEND_SHELL_C -> SUB_PAYBACK_C -> EMP_FRAUD_C,VEND_SHELL_C,SUB_PAYBACK_C,0.0,Historical,98.44,450,Circular Fund Flow
218,batch_218_loop_1,3,EMP_FRAUD_C -> VEND_SHELL_C -> SUB_PAYBACK_C -> EMP_FRAUD_C,SUB_PAYBACK_C,EMP_FRAUD_C,0.0,Historical,92.19,450,Circular Fund Flow
218,batch_218_loop_2,1,EMP_FRAUD_B -> VEND_SHELL_B -> SUB_PAYBACK_B -> EMP_FRAUD_B,EMP_FRAUD_B,VEND_SHELL_B,0.0,Historical,86.03,450,Circular Fund Flow
218,batch_218_loop_2,2,EMP_FRAUD_B -> VEND_SHELL_B -> SUB_PAYBACK_B -> EMP_FRAUD_B,VEND_SHELL_B,SUB_PAYBACK_B,0.0,Historical,90.61,450,Circular Fund Flow
218,batch_218_loop_2,3,EMP_FRAUD_B -> VEND_SHELL_B -> SUB_PAYBACK_B -> EMP_FRAUD_B,SUB_PAYBACK_B,EMP_FRAUD_B,0.0,Historical,91.81,450,Circular Fund Flow
218,batch_218_loop_3,1,EMP_FRAUD_A -> VEND_SHELL_A -> SUB_PAYBACK_A -> EMP_FRAUD_A,EMP_FRAUD_A,VEND_SHELL_A,0.0,Historical,91.85,450,Circular Fund Flow
218,batch_218_loop_3,2,EMP_FRAUD_A -> VEND_SHELL_A -> SUB_PAYBACK_A -> EMP_FRAUD_A,VEND_SHELL_A,SUB_PAYBACK_A,0.0,Historical,98.07,450,Circular Fund Flow
218,batch_218_loop_3,3,EMP_FRAUD_A -> VEND_SHELL_A -> SUB_PAYBACK_A -> EMP_FRAUD_A,SUB_PAYBACK_A,EMP_FRAUD_A,0.0,Historical,91.21,450,Circular Fund Flow
219,batch_219_loop_1,1,EMP_FRAUD_C -> VEND_SHELL_C -> SUB_PAYBACK_C -> EMP_FRAUD_C,EMP_FRAUD_C,VEND_SHELL_C,0.0,Historical,91.54,450,Circular Fund Flow
219,batch_219_loop_1,2,EMP_FRAUD_C -> VEND_SHELL_C -> SUB_PAYBACK_C -> EMP_FRAUD_C,VEND_SHELL_C,SUB_PAYBACK_C,0.0,Historical,88.4,450,Circular Fund Flow
219,batch_219_loop_1,3,EMP_FRAUD_C -> VEND_SHELL_C -> SUB_PAYBACK_C -> EMP_FRAUD_C,SUB_PAYBACK_C,EMP_FRAUD_C,0.0,Historical,93.25,450,Circular Fund Flow
219,batch_219_loop_2,1,EMP_FRAUD_B -> VEND_SHELL_B -> SUB_PAYBACK_B -> EMP_FRAUD_B,EMP_FRAUD_B,VEND_SHELL_B,0.0,Historical,88.1,450,Circular Fund Flow
219,batch_219_loop_2,2,EMP_FRAUD_B -> VEND_SHELL_B -> SUB_PAYBACK_B -> EMP_FRAUD_B,VEND_SHELL_B,SUB_PAYBACK_B,0.0,Historical,96.59,450,Circular Fund Flow
219,batch_219_loop_2,3,EMP_FRAUD_B -> VEND_SHELL_B -> SUB_PAYBACK_B -> EMP_FRAUD_B,SUB_PAYBACK_B,EMP_FRAUD_B,0.0,Historical,91.8,450,Circular Fund Flow
219,batch_219_loop_3,1,EMP_FRAUD_A -> VEND_SHELL_A -> SUB_PAYBACK_A -> EMP_FRAUD_A,EMP_FRAUD_A,VEND_SHELL_A,0.0,Historical,88.62,450,Circular Fund Flow
219,batch_219_loop_3,2,EMP_FRAUD_A -> VEND_SHELL_A -> SUB_PAYBACK_A -> EMP_FRAUD_A,VEND_SHELL_A,SUB_PAYBACK_A,0.0,Historical,92.56,450,Circular Fund Flow
219,batch_219_loop_3,3,EMP_FRAUD_A -> VEND_SHELL_A -> SUB_PAYBACK_A -> EMP_FRAUD_A,SUB_PAYBACK_A,EMP_FRAUD_A,0.0,Historical,95.3,450,Circular Fund Flow
220,batch_220_loop_1,1,EMP_FRAUD_C -> VEND_SHELL_C -> SUB_PAYBACK_C -> EMP_FRAUD_C,EMP_FRAUD_C,VEND_SHELL_C,0.0,Historical,85.87,451,Circular Fund Flow
220,batch_220_loop_1,2,EMP_FRAUD_C -> VEND_SHELL_C -> SUB_PAYBACK_C -> EMP_FRAUD_C,VEND_SHELL_C,SUB_PAYBACK_C,0.0,Historical,97.12,451,Circular Fund Flow
220,batch_220_loop_1,3,EMP_FRAUD_C -> VEND_SHELL_C -> SUB_PAYBACK_C -> EMP_FRAUD_C,SUB_PAYBACK_C,EMP_FRAUD_C,0.0,Historical,87.61,451,Circular Fund Flow
220,batch_220_loop_2,1,EMP_FRAUD_B -> VEND_SHELL_B -> SUB_PAYBACK_B -> EMP_FRAUD_B,EMP_FRAUD_B,VEND_SHELL_B,0.0,Historical,98.42,451,Circular Fund Flow
220,batch_220_loop_2,2,EMP_FRAUD_B -> VEND_SHELL_B -> SUB_PAYBACK_B -> EMP_FRAUD_B,VEND_SHELL_B,SUB_PAYBACK_B,0.0,Historical,95.87,451,Circular Fund Flow
220,batch_220_loop_2,3,EMP_FRAUD_B -> VEND_SHELL_B -> SUB_PAYBACK_B -> EMP_FRAUD_B,SUB_PAYBACK_B,EMP_FRAUD_B,0.0,Historical,92.97,451,Circular Fund Flow
220,batch_220_loop_3,1,EMP_FRAUD_A -> VEND_SHELL_A -> SUB_PAYBACK_A -> EMP_FRAUD_A,EMP_FRAUD_A,VEND_SHELL_A,0.0,Historical,92.21,451,Circular Fund Flow
220,batch_220_loop_3,2,EMP_FRAUD_A -> VEND_SHELL_A -> SUB_PAYBACK_A -> EMP_FRAUD_A,VEND_SHELL_A,SUB_PAYBACK_A,0.0,Historical,98.67,451,Circular Fund Flow
220,batch_220_loop_3,3,EMP_FRAUD_A -> VEND_SHELL_A -> SUB_PAYBACK_A -> EMP_FRAUD_A,SUB_PAYBACK_A,EMP_FRAUD_A,0.0,Historical,98.21,451,Circular Fund Flow
221,batch_221_loop_1,1,EMP_FRAUD_C -> VEND_SHELL_C -> SUB_PAYBACK_C -> EMP_FRAUD_C,EMP_FRAUD_C,VEND_SHELL_C,0.0,Historical,98.51,447,Circular Fund Flow
221,batch_221_loop_1,2,EMP_FRAUD_C -> VEND_SHELL_C -> SUB_PAYBACK_C -> EMP_FRAUD_C,VEND_SHELL_C,SUB_PAYBACK_C,0.0,Historical,88.04,447,Circular Fund Flow
221,batch_221_loop_1,3,EMP_FRAUD_C -> VEND_SHELL_C -> SUB_PAYBACK_C -> EMP_FRAUD_C,SUB_PAYBACK_C,EMP_FRAUD_C,0.0,Historical,87.55,447,Circular Fund Flow
221,batch_221_loop_2,1,EMP_FRAUD_B -> VEND_SHELL_B -> SUB_PAYBACK_B -> EMP_FRAUD_B,EMP_FRAUD_B,VEND_SHELL_B,0.0,Historical,87.62,447,Circular Fund Flow
221,batch_221_loop_2,2,EMP_FRAUD_B -> VEND_SHELL_B -> SUB_PAYBACK_B -> EMP_FRAUD_B,VEND_SHELL_B,SUB_PAYBACK_B,0.0,Historical,94.57,447,Circular Fund Flow
221,batch_221_loop_2,3,EMP_FRAUD_B -> VEND_SHELL_B -> SUB_PAYBACK_B -> EMP_FRAUD_B,SUB_PAYBACK_B,EMP_FRAUD_B,0.0,Historical,93.96,447,Circular Fund Flow
221,batch_221_loop_3,1,EMP_FRAUD_A -> VEND_SHELL_A -> SUB_PAYBACK_A -> EMP_FRAUD_A,EMP_FRAUD_A,VEND_SHELL_A,0.0,Historical,91.47,447,Circular Fund Flow
221,batch_221_loop_3,2,EMP_FRAUD_A -> VEND_SHELL_A -> SUB_PAYBACK_A -> EMP_FRAUD_A,VEND_SHELL_A,SUB_PAYBACK_A,0.0,Historical,91.48,447,Circular Fund Flow
221,batch_221_loop_3,3,EMP_FRAUD_A -> VEND_SHELL_A -> SUB_PAYBACK_A -> EMP_FRAUD_A,SUB_PAYBACK_A,EMP_FRAUD_A,0.0,Historical,88.44,447,Circular Fund Flow
222,batch_222_loop_1,1,EMP_FRAUD_C -> VEND_SHELL_C -> SUB_PAYBACK_C -> EMP_FRAUD_C,EMP_FRAUD_C,VEND_SHELL_C,0.0,Historical,93.88,447,Circular Fund Flow
222,batch_222_loop_1,2,EMP_FRAUD_C -> VEND_SHELL_C -> SUB_PAYBACK_C -> EMP_FRAUD_C,VEND_SHELL_C,SUB_PAYBACK_C,0.0,Historical,94.05,447,Circular Fund Flow
222,batch_222_loop_1,3,EMP_FRAUD_C -> VEND_SHELL_C -> SUB_PAYBACK_C -> EMP_FRAUD_C,SUB_PAYBACK_C,EMP_FRAUD_C,0.0,Historical,92.26,447,Circular Fund Flow
222,batch_222_loop_2,1,EMP_FRAUD_B -> VEND_SHELL_B -> SUB_PAYBACK_B -> EMP_FRAUD_B,EMP_FRAUD_B,VEND_SHELL_B,0.0,Historical,96.59,447,Circular Fund Flow
222,batch_222_loop_2,2,EMP_FRAUD_B -> VEND_SHELL_B -> SUB_PAYBACK_B -> EMP_FRAUD_B,VEND_SHELL_B,SUB_PAYBACK_B,0.0,Historical,86.64,447,Circular Fund Flow
222,batch_222_loop_2,3,EMP_FRAUD_B -> VEND_SHELL_B -> SUB_PAYBACK_B -> EMP_FRAUD_B,SUB_PAYBACK_B,EMP_FRAUD_B,0.0,Historical,93.82,447,Circular Fund Flow
222,batch_222_loop_3,1,EMP_FRAUD_A -> VEND_SHELL_A -> SUB_PAYBACK_A -> EMP_FRAUD_A,EMP_FRAUD_A,VEND_SHELL_A,0.0,Historical,85.27,447,Circular Fund Flow
222,batch_222_loop_3,2,EMP_FRAUD_A -> VEND_SHELL_A -> SUB_PAYBACK_A -> EMP_FRAUD_A,VEND_SHELL_A,SUB_PAYBACK_A,0.0,Historical,97.67,447,Circular Fund Flow
222,batch_222_loop_3,3,EMP_FRAUD_A -> VEND_SHELL_A -> SUB_PAYBACK_A -> EMP_FRAUD_A,SUB_PAYBACK_A,EMP_FRAUD_A,0.0,Historical,88.28,447,Circular Fund Flow
223,batch_223_loop_1,1,EMP_FRAUD_C -> VEND_SHELL_C -> SUB_PAYBACK_C -> EMP_FRAUD_C,EMP_FRAUD_C,VEND_SHELL_C,0.0,Historical,86.1,448,Circular Fund Flow
223,batch_223_loop_1,2,EMP_FRAUD_C -> VEND_SHELL_C -> SUB_PAYBACK_C -> EMP_FRAUD_C,VEND_SHELL_C,SUB_PAYBACK_C,0.0,Historical,96.07,448,Circular Fund Flow
223,batch_223_loop_1,3,EMP_FRAUD_C -> VEND_SHELL_C -> SUB_PAYBACK_C -> EMP_FRAUD_C,SUB_PAYBACK_C,EMP_FRAUD_C,0.0,Historical,87.89,448,Circular Fund Flow
223,batch_223_loop_2,1,EMP_FRAUD_B -> VEND_SHELL_B -> SUB_PAYBACK_B -> EMP_FRAUD_B,EMP_FRAUD_B,VEND_SHELL_B,0.0,Historical,93.68,448,Circular Fund Flow
223,batch_223_loop_2,2,EMP_FRAUD_B -> VEND_SHELL_B -> SUB_PAYBACK_B -> EMP_FRAUD_B,VEND_SHELL_B,SUB_PAYBACK_B,0.0,Historical,87.43,448,Circular Fund Flow
223,batch_223_loop_2,3,EMP_FRAUD_B -> VEND_SHELL_B -> SUB_PAYBACK_B -> EMP_FRAUD_B,SUB_PAYBACK_B,EMP_FRAUD_B,0.0,Historical,97.3,448,Circular Fund Flow
223,batch_223_loop_3,1,EMP_FRAUD_A -> VEND_SHELL_A -> SUB_PAYBACK_A -> EMP_FRAUD_A,EMP_FRAUD_A,VEND_SHELL_A,0.0,Historical,97.9,448,Circular Fund Flow
223,batch_223_loop_3,2,EMP_FRAUD_A -> VEND_SHELL_A -> SUB_PAYBACK_A -> EMP_FRAUD_A,VEND_SHELL_A,SUB_PAYBACK_A,0.0,Historical,87.94,448,Circular Fund Flow
223,batch_223_loop_3,3,EMP_FRAUD_A -> VEND_SHELL_A -> SUB_PAYBACK_A -> EMP_FRAUD_A,SUB_PAYBACK_A,EMP_FRAUD_A,0.0,Historical,97.39,448,Circular Fund Flow
224,batch_224_loop_1,1,EMP_FRAUD_C -> VEND_SHELL_C -> SUB_PAYBACK_C -> EMP_FRAUD_C,EMP_FRAUD_C,VEND_SHELL_C,0.0,Historical,98.81,444,Circular Fund Flow
224,batch_224_loop_1,2,EMP_FRAUD_C -> VEND_SHELL_C -> SUB_PAYBACK_C -> EMP_FRAUD_C,VEND_SHELL_C,SUB_PAYBACK_C,0.0,Historical,95.94,444,Circular Fund Flow
224,batch_224_loop_1,3,EMP_FRAUD_C -> VEND_SHELL_C -> SUB_PAYBACK_C -> EMP_FRAUD_C,SUB_PAYBACK_C,EMP_FRAUD_C,0.0,Historical,90.63,444,Circular Fund Flow
224,batch_224_loop_2,1,EMP_FRAUD_B -> VEND_SHELL_B -> SUB_PAYBACK_B -> EMP_FRAUD_B,EMP_FRAUD_B,VEND_SHELL_B,0.0,Historical,86.91,444,Circular Fund Flow
224,batch_224_loop_2,2,EMP_FRAUD_B -> VEND_SHELL_B -> SUB_PAYBACK_B -> EMP_FRAUD_B,VEND_SHELL_B,SUB_PAYBACK_B,0.0,Historical,96.7,444,Circular Fund Flow
224,batch_224_loop_2,3,EMP_FRAUD_B -> VEND_SHELL_B -> SUB_PAYBACK_B -> EMP_FRAUD_B,SUB_PAYBACK_B,EMP_FRAUD_B,0.0,Historical,88.19,444,Circular Fund Flow
224,batch_224_loop_3,1,EMP_FRAUD_A -> VEND_SHELL_A -> SUB_PAYBACK_A -> EMP_FRAUD_A,EMP_FRAUD_A,VEND_SHELL_A,0.0,Historical,91.25,444,Circular Fund Flow
224,batch_224_loop_3,2,EMP_FRAUD_A -> VEND_SHELL_A -> SUB_PAYBACK_A -> EMP_FRAUD_A,VEND_SHELL_A,SUB_PAYBACK_A,0.0,Historical,87.11,444,Circular Fund Flow
224,batch_224_loop_3,3,EMP_FRAUD_A -> VEND_SHELL_A -> SUB_PAYBACK_A -> EMP_FRAUD_A,SUB_PAYBACK_A,EMP_FRAUD_A,0.0,Historical,91.64,444,Circular Fund Flow
225,batch_225_loop_1,1,EMP_FRAUD_C -> VEND_SHELL_C -> SUB_PAYBACK_C -> EMP_FRAUD_C,EMP_FRAUD_C,VEND_SHELL_C,0.0,Historical,97.51,446,Circular Fund Flow
225,batch_225_loop_1,2,EMP_FRAUD_C -> VEND_SHELL_C -> SUB_PAYBACK_C -> EMP_FRAUD_C,VEND_SHELL_C,SUB_PAYBACK_C,0.0,Historical,90.91,446,Circular Fund Flow
225,batch_225_loop_1,3,EMP_FRAUD_C -> VEND_SHELL_C -> SUB_PAYBACK_C -> EMP_FRAUD_C,SUB_PAYBACK_C,EMP_FRAUD_C,0.0,Historical,94.49,446,Circular Fund Flow
225,batch_225_loop_2,1,EMP_FRAUD_B -> VEND_SHELL_B -> SUB_PAYBACK_B -> EMP_FRAUD_B,EMP_FRAUD_B,VEND_SHELL_B,0.0,Historical,92.88,446,Circular Fund Flow
225,batch_225_loop_2,2,EMP_FRAUD_B -> VEND_SHELL_B -> SUB_PAYBACK_B -> EMP_FRAUD_B,VEND_SHELL_B,SUB_PAYBACK_B,0.0,Historical,89.55,446,Circular Fund Flow
225,batch_225_loop_2,3,EMP_FRAUD_B -> VEND_SHELL_B -> SUB_PAYBACK_B -> EMP_FRAUD_B,SUB_PAYBACK_B,EMP_FRAUD_B,0.0,Historical,90.64,446,Circular Fund Flow
225,batch_225_loop_3,1,EMP_FRAUD_A -> VEND_SHELL_A -> SUB_PAYBACK_A -> EMP_FRAUD_A,EMP_FRAUD_A,VEND_SHELL_A,0.0,Historical,94.08,446,Circular Fund Flow
225,batch_225_loop_3,2,EMP_FRAUD_A -> VEND_SHELL_A -> SUB_PAYBACK_A -> EMP_FRAUD_A,VEND_SHELL_A,SUB_PAYBACK_A,0.0,Historical,89.86,446,Circular Fund Flow
225,batch_225_loop_3,3,EMP_FRAUD_A -> VEND_SHELL_A -> SUB_PAYBACK_A -> EMP_FRAUD_A,SUB_PAYBACK_A,EMP_FRAUD_A,0.0,Historical,86.18,446,Circular Fund Flow
226,batch_226_loop_1,1,EMP_FRAUD_C -> VEND_SHELL_C -> SUB_PAYBACK_C -> EMP_FRAUD_C,EMP_FRAUD_C,VEND_SHELL_C,0.0,Historical,98.48,438,Circular Fund Flow
226,batch_226_loop_1,2,EMP_FRAUD_C -> VEND_SHELL_C -> SUB_PAYBACK_C -> EMP_FRAUD_C,VEND_SHELL_C,SUB_PAYBACK_C,0.0,Historical,88.49,438,Circular Fund Flow
226,batch_226_loop_1,3,EMP_FRAUD_C -> VEND_SHELL_C -> SUB_PAYBACK_C -> EMP_FRAUD_C,SUB_PAYBACK_C,EMP_FRAUD_C,0.0,Historical,95.69,438,Circular Fund Flow
226,batch_226_loop_2,1,EMP_FRAUD_B -> VEND_SHELL_B -> SUB_PAYBACK_B -> EMP_FRAUD_B,EMP_FRAUD_B,VEND_SHELL_B,0.0,Historical,86.47,438,Circular Fund Flow
226,batch_226_loop_2,2,EMP_FRAUD_B -> VEND_SHELL_B -> SUB_PAYBACK_B -> EMP_FRAUD_B,VEND_SHELL_B,SUB_PAYBACK_B,0.0,Historical,98.8,438,Circular Fund Flow
226,batch_226_loop_2,3,EMP_FRAUD_B -> VEND_SHELL_B -> SUB_PAYBACK_B -> EMP_FRAUD_B,SUB_PAYBACK_B,EMP_FRAUD_B,0.0,Historical,93.94,438,Circular Fund Flow
226,batch_226_loop_3,1,EMP_FRAUD_A -> VEND_SHELL_A -> SUB_PAYBACK_A -> EMP_FRAUD_A,EMP_FRAUD_A,VEND_SHELL_A,0.0,Historical,96.0,438,Circular Fund Flow
226,batch_226_loop_3,2,EMP_FRAUD_A -> VEND_SHELL_A -> SUB_PAYBACK_A -> EMP_FRAUD_A,VEND_SHELL_A,SUB_PAYBACK_A,0.0,Historical,89.15,438,Circular Fund Flow
226,batch_226_loop_3,3,EMP_FRAUD_A -> VEND_SHELL_A -> SUB_PAYBACK_A -> EMP_FRAUD_A,SUB_PAYBACK_A,EMP_FRAUD_A,0.0,Historical,85.02,438,Circular Fund Flow
227,batch_227_loop_1,1,EMP_FRAUD_C -> VEND_SHELL_C -> SUB_PAYBACK_C -> EMP_FRAUD_C,EMP_FRAUD_C,VEND_SHELL_C,0.0,Historical,96.83,442,Circular Fund Flow
227,batch_227_loop_1,2,EMP_FRAUD_C -> VEND_SHELL_C -> SUB_PAYBACK_C -> EMP_FRAUD_C,VEND_SHELL_C,SUB_PAYBACK_C,0.0,Historical,90.12,442,Circular Fund Flow
227,batch_227_loop_1,3,EMP_FRAUD_C -> VEND_SHELL_C -> SUB_PAYBACK_C -> EMP_FRAUD_C,SUB_PAYBACK_C,EMP_FRAUD_C,0.0,Historical,86.46,442,Circular Fund Flow
227,batch_227_loop_2,1,EMP_FRAUD_B -> VEND_SHELL_B -> SUB_PAYBACK_B -> EMP_FRAUD_B,EMP_FRAUD_B,VEND_SHELL_B,0.0,Historical,97.82,442,Circular Fund Flow
227,batch_227_loop_2,2,EMP_FRAUD_B -> VEND_SHELL_B -> SUB_PAYBACK_B -> EMP_FRAUD_B,VEND_SHELL_B,SUB_PAYBACK_B,0.0,Historical,98.13,442,Circular Fund Flow
227,batch_227_loop_2,3,EMP_FRAUD_B -> VEND_SHELL_B -> SUB_PAYBACK_B -> EMP_FRAUD_B,SUB_PAYBACK_B,EMP_FRAUD_B,0.0,Historical,88.47,442,Circular Fund Flow
227,batch_227_loop_3,1,EMP_FRAUD_A -> VEND_SHELL_A -> SUB_PAYBACK_A -> EMP_FRAUD_A,EMP_FRAUD_A,VEND_SHELL_A,0.0,Historical,88.34,442,Circular Fund Flow
227,batch_227_loop_3,2,EMP_FRAUD_A -> VEND_SHELL_A -> SUB_PAYBACK_A -> EMP_FRAUD_A,VEND_SHELL_A,SUB_PAYBACK_A,0.0,Historical,85.95,442,Circular Fund Flow
227,batch_227_loop_3,3,EMP_FRAUD_A -> VEND_SHELL_A -> SUB_PAYBACK_A -> EMP_FRAUD_A,SUB_PAYBACK_A,EMP_FRAUD_A,0.0,Historical,92.34,442,Circular Fund Flow
228,batch_228_loop_1,1,EMP_FRAUD_C -> VEND_SHELL_C -> SUB_PAYBACK_C -> EMP_FRAUD_C,EMP_FRAUD_C,VEND_SHELL_C,0.0,Historical,94.9,434,Circular Fund Flow
228,batch_228_loop_1,2,EMP_FRAUD_C -> VEND_SHELL_C -> SUB_PAYBACK_C -> EMP_FRAUD_C,VEND_SHELL_C,SUB_PAYBACK_C,0.0,Historical,97.6,434,Circular Fund Flow
228,batch_228_loop_1,3,EMP_FRAUD_C -> VEND_SHELL_C -> SUB_PAYBACK_C -> EMP_FRAUD_C,SUB_PAYBACK_C,EMP_FRAUD_C,0.0,Historical,92.76,434,Circular Fund Flow
228,batch_228_loop_2,1,EMP_FRAUD_B -> VEND_SHELL_B -> SUB_PAYBACK_B -> EMP_FRAUD_B,EMP_FRAUD_B,VEND_SHELL_B,0.0,Historical,92.13,434,Circular Fund Flow
228,batch_228_loop_2,2,EMP_FRAUD_B -> VEND_SHELL_B -> SUB_PAYBACK_B -> EMP_FRAUD_B,VEND_SHELL_B,SUB_PAYBACK_B,0.0,Historical,93.23,434,Circular Fund Flow
228,batch_228_loop_2,3,EMP_FRAUD_B -> VEND_SHELL_B -> SUB_PAYBACK_B -> EMP_FRAUD_B,SUB_PAYBACK_B,EMP_FRAUD_B,0.0,Historical,90.85,434,Circular Fund Flow
228,batch_228_loop_3,1,EMP_FRAUD_A -> VEND_SHELL_A -> SUB_PAYBACK_A -> EMP_FRAUD_A,EMP_FRAUD_A,VEND_SHELL_A,0.0,Historical,86.68,434,Circular Fund Flow
228,batch_228_loop_3,2,EMP_FRAUD_A -> VEND_SHELL_A -> SUB_PAYBACK_A -> EMP_FRAUD_A,VEND_SHELL_A,SUB_PAYBACK_A,0.0,Historical,86.86,434,Circular Fund Flow
228,batch_228_loop_3,3,EMP_FRAUD_A -> VEND_SHELL_A -> SUB_PAYBACK_A -> EMP_FRAUD_A,SUB_PAYBACK_A,EMP_FRAUD_A,0.0,Historical,85.8,434,Circular Fund Flow
229,batch_229_loop_1,1,EMP_FRAUD_C -> VEND_SHELL_C -> SUB_PAYBACK_C -> EMP_FRAUD_C,EMP_FRAUD_C,VEND_SHELL_C,0.0,Historical,88.69,442,Circular Fund Flow
229,batch_229_loop_1,2,EMP_FRAUD_C -> VEND_SHELL_C -> SUB_PAYBACK_C -> EMP_FRAUD_C,VEND_SHELL_C,SUB_PAYBACK_C,0.0,Historical,91.63,442,Circular Fund Flow
229,batch_229_loop_1,3,EMP_FRAUD_C -> VEND_SHELL_C -> SUB_PAYBACK_C -> EMP_FRAUD_C,SUB_PAYBACK_C,EMP_FRAUD_C,0.0,Historical,95.81,442,Circular Fund Flow
229,batch_229_loop_2,1,EMP_FRAUD_B -> VEND_SHELL_B -> SUB_PAYBACK_B -> EMP_FRAUD_B,EMP_FRAUD_B,VEND_SHELL_B,0.0,Historical,94.39,442,Circular Fund Flow
229,batch_229_loop_2,2,EMP_FRAUD_B -> VEND_SHELL_B -> SUB_PAYBACK_B -> EMP_FRAUD_B,VEND_SHELL_B,SUB_PAYBACK_B,0.0,Historical,95.68,442,Circular Fund Flow
229,batch_229_loop_2,3,EMP_FRAUD_B -> VEND_SHELL_B -> SUB_PAYBACK_B -> EMP_FRAUD_B,SUB_PAYBACK_B,EMP_FRAUD_B,0.0,Historical,94.97,442,Circular Fund Flow
229,batch_229_loop_3,1,EMP_FRAUD_A -> VEND_SHELL_A -> SUB_PAYBACK_A -> EMP_FRAUD_A,EMP_FRAUD_A,VEND_SHELL_A,0.0,Historical,92.67,442,Circular Fund Flow
229,batch_229_loop_3,2,EMP_FRAUD_A -> VEND_SHELL_A -> SUB_PAYBACK_A -> EMP_FRAUD_A,VEND_SHELL_A,SUB_PAYBACK_A,0.0,Historical,85.11,442,Circular Fund Flow
229,batch_229_loop_3,3,EMP_FRAUD_A -> VEND_SHELL_A -> SUB_PAYBACK_A -> EMP_FRAUD_A,SUB_PAYBACK_A,EMP_FRAUD_A,0.0,Historical,92.9,442,Circular Fund Flow
230,batch_230_loop_1,1,EMP_FRAUD_C -> VEND_SHELL_C -> SUB_PAYBACK_C -> EMP_FRAUD_C,EMP_FRAUD_C,VEND_SHELL_C,0.0,Historical,85.71,433,Circular Fund Flow
230,batch_230_loop_1,2,EMP_FRAUD_C -> VEND_SHELL_C -> SUB_PAYBACK_C -> EMP_FRAUD_C,VEND_SHELL_C,SUB_PAYBACK_C,0.0,Historical,94.16,433,Circular Fund Flow
230,batch_230_loop_1,3,EMP_FRAUD_C -> VEND_SHELL_C -> SUB_PAYBACK_C -> EMP_FRAUD_C,SUB_PAYBACK_C,EMP_FRAUD_C,0.0,Historical,86.13,433,Circular Fund Flow
230,batch_230_loop_2,1,EMP_FRAUD_B -> VEND_SHELL_B -> SUB_PAYBACK_B -> EMP_FRAUD_B,EMP_FRAUD_B,VEND_SHELL_B,0.0,Historical,98.98,433,Circular Fund Flow
230,batch_230_loop_2,2,EMP_FRAUD_B -> VEND_SHELL_B -> SUB_PAYBACK_B -> EMP_FRAUD_B,VEND_SHELL_B,SUB_PAYBACK_B,0.0,Historical,89.89,433,Circular Fund Flow
230,batch_230_loop_2,3,EMP_FRAUD_B -> VEND_SHELL_B -> SUB_PAYBACK_B -> EMP_FRAUD_B,SUB_PAYBACK_B,EMP_FRAUD_B,0.0,Historical,88.29,433,Circular Fund Flow
230,batch_230_loop_3,1,EMP_FRAUD_A -> VEND_SHELL_A -> SUB_PAYBACK_A -> EMP_FRAUD_A,EMP_FRAUD_A,VEND_SHELL_A,0.0,Historical,96.58,433,Circular Fund Flow
230,batch_230_loop_3,2,EMP_FRAUD_A -> VEND_SHELL_A -> SUB_PAYBACK_A -> EMP_FRAUD_A,VEND_SHELL_A,SUB_PAYBACK_A,0.0,Historical,91.8,433,Circular Fund Flow
230,batch_230_loop_3,3,EMP_FRAUD_A -> VEND_SHELL_A -> SUB_PAYBACK_A -> EMP_FRAUD_A,SUB_PAYBACK_A,EMP_FRAUD_A,0.0,Historical,85.17,433,Circular Fund Flow
231,batch_231_loop_1,1,EMP_FRAUD_C -> VEND_SHELL_C -> SUB_PAYBACK_C -> EMP_FRAUD_C,EMP_FRAUD_C,VEND_SHELL_C,0.0,Historical,89.55,447,Circular Fund Flow
231,batch_231_loop_1,2,EMP_FRAUD_C -> VEND_SHELL_C -> SUB_PAYBACK_C -> EMP_FRAUD_C,VEND_SHELL_C,SUB_PAYBACK_C,0.0,Historical,95.13,447,Circular Fund Flow
231,batch_231_loop_1,3,EMP_FRAUD_C -> VEND_SHELL_C -> SUB_PAYBACK_C -> EMP_FRAUD_C,SUB_PAYBACK_C,EMP_FRAUD_C,0.0,Historical,97.28,447,Circular Fund Flow
231,batch_231_loop_2,1,EMP_FRAUD_B -> VEND_SHELL_B -> SUB_PAYBACK_B -> EMP_FRAUD_B,EMP_FRAUD_B,VEND_SHELL_B,0.0,Historical,96.11,447,Circular Fund Flow
231,batch_231_loop_2,2,EMP_FRAUD_B -> VEND_SHELL_B -> SUB_PAYBACK_B -> EMP_FRAUD_B,VEND_SHELL_B,SUB_PAYBACK_B,0.0,Historical,90.73,447,Circular Fund Flow
231,batch_231_loop_2,3,EMP_FRAUD_B -> VEND_SHELL_B -> SUB_PAYBACK_B -> EMP_FRAUD_B,SUB_PAYBACK_B,EMP_FRAUD_B,0.0,Historical,87.52,447,Circular Fund Flow
231,batch_231_loop_3,1,EMP_FRAUD_A -> VEND_SHELL_A -> SUB_PAYBACK_A -> EMP_FRAUD_A,EMP_FRAUD_A,VEND_SHELL_A,0.0,Historical,85.87,447,Circular Fund Flow
231,batch_231_loop_3,2,EMP_FRAUD_A -> VEND_SHELL_A -> SUB_PAYBACK_A -> EMP_FRAUD_A,VEND_SHELL_A,SUB_PAYBACK_A,0.0,Historical,86.47,447,Circular Fund Flow
231,batch_231_loop_3,3,EMP_FRAUD_A -> VEND_SHELL_A -> SUB_PAYBACK_A -> EMP_FRAUD_A,SUB_PAYBACK_A,EMP_FRAUD_A,0.0,Historical,96.46,447,Circular Fund Flow
232,batch_232_loop_1,1,EMP_FRAUD_C -> VEND_SHELL_C -> SUB_PAYBACK_C -> EMP_FRAUD_C,EMP_FRAUD_C,VEND_SHELL_C,0.0,Historical,89.63,447,Circular Fund Flow
232,batch_232_loop_1,2,EMP_FRAUD_C -> VEND_SHELL_C -> SUB_PAYBACK_C -> EMP_FRAUD_C,VEND_SHELL_C,SUB_PAYBACK_C,0.0,Historical,97.53,447,Circular Fund Flow
232,batch_232_loop_1,3,EMP_FRAUD_C -> VEND_SHELL_C -> SUB_PAYBACK_C -> EMP_FRAUD_C,SUB_PAYBACK_C,EMP_FRAUD_C,0.0,Historical,95.25,447,Circular Fund Flow
232,batch_232_loop_2,1,EMP_FRAUD_B -> VEND_SHELL_B -> SUB_PAYBACK_B -> EMP_FRAUD_B,EMP_FRAUD_B,VEND_SHELL_B,0.0,Historical,91.33,447,Circular Fund Flow
232,batch_232_loop_2,2,EMP_FRAUD_B -> VEND_SHELL_B -> SUB_PAYBACK_B -> EMP_FRAUD_B,VEND_SHELL_B,SUB_PAYBACK_B,0.0,Historical,92.35,447,Circular Fund Flow
232,batch_232_loop_2,3,EMP_FRAUD_B -> VEND_SHELL_B -> SUB_PAYBACK_B -> EMP_FRAUD_B,SUB_PAYBACK_B,EMP_FRAUD_B,0.0,Historical,96.26,447,Circular Fund Flow
232,batch_232_loop_3,1,EMP_FRAUD_A -> VEND_SHELL_A -> SUB_PAYBACK_A -> EMP_FRAUD_A,EMP_FRAUD_A,VEND_SHELL_A,0.0,Historical,89.72,447,Circular Fund Flow
232,batch_232_loop_3,2,EMP_FRAUD_A -> VEND_SHELL_A -> SUB_PAYBACK_A -> EMP_FRAUD_A,VEND_SHELL_A,SUB_PAYBACK_A,0.0,Historical,98.11,447,Circular Fund Flow
232,batch_232_loop_3,3,EMP_FRAUD_A -> VEND_SHELL_A -> SUB_PAYBACK_A -> EMP_FRAUD_A,SUB_PAYBACK_A,EMP_FRAUD_A,0.0,Historical,88.71,447,Circular Fund Flow
233,batch_233_loop_1,1,EMP_FRAUD_C -> VEND_SHELL_C -> SUB_PAYBACK_C -> EMP_FRAUD_C,EMP_FRAUD_C,VEND_SHELL_C,0.0,Historical,91.25,443,Circular Fund Flow
233,batch_233_loop_1,2,EMP_FRAUD_C -> VEND_SHELL_C -> SUB_PAYBACK_C -> EMP_FRAUD_C,VEND_SHELL_C,SUB_PAYBACK_C,0.0,Historical,91.59,443,Circular Fund Flow
233,batch_233_loop_1,3,EMP_FRAUD_C -> VEND_SHELL_C -> SUB_PAYBACK_C -> EMP_FRAUD_C,SUB_PAYBACK_C,EMP_FRAUD_C,0.0,Historical,95.01,443,Circular Fund Flow
233,batch_233_loop_2,1,EMP_FRAUD_B -> VEND_SHELL_B -> SUB_PAYBACK_B -> EMP_FRAUD_B,EMP_FRAUD_B,VEND_SHELL_B,0.0,Historical,92.66,443,Circular Fund Flow
233,batch_233_loop_2,2,EMP_FRAUD_B -> VEND_SHELL_B -> SUB_PAYBACK_B -> EMP_FRAUD_B,VEND_SHELL_B,SUB_PAYBACK_B,0.0,Historical,94.25,443,Circular Fund Flow
233,batch_233_loop_2,3,EMP_FRAUD_B -> VEND_SHELL_B -> SUB_PAYBACK_B -> EMP_FRAUD_B,SUB_PAYBACK_B,EMP_FRAUD_B,0.0,Historical,95.86,443,Circular Fund Flow
233,batch_233_loop_3,1,EMP_FRAUD_A -> VEND_SHELL_A -> SUB_PAYBACK_A -> EMP_FRAUD_A,EMP_FRAUD_A,VEND_SHELL_A,0.0,Historical,97.73,443,Circular Fund Flow
233,batch_233_loop_3,2,EMP_FRAUD_A -> VEND_SHELL_A -> SUB_PAYBACK_A -> EMP_FRAUD_A,VEND_SHELL_A,SUB_PAYBACK_A,0.0,Historical,85.47,443,Circular Fund Flow
233,batch_233_loop_3,3,EMP_FRAUD_A -> VEND_SHELL_A -> SUB_PAYBACK_A -> EMP_FRAUD_A,SUB_PAYBACK_A,EMP_FRAUD_A,0.0,Historical,98.63,443,Circular Fund Flow
234,batch_234_loop_1,1,EMP_FRAUD_C -> VEND_SHELL_C -> SUB_PAYBACK_C -> EMP_FRAUD_C,EMP_FRAUD_C,VEND_SHELL_C,0.0,Historical,87.91,446,Circular Fund Flow
234,batch_234_loop_1,2,EMP_FRAUD_C -> VEND_SHELL_C -> SUB_PAYBACK_C -> EMP_FRAUD_C,VEND_SHELL_C,SUB_PAYBACK_C,0.0,Historical,97.63,446,Circular Fund Flow
234,batch_234_loop_1,3,EMP_FRAUD_C -> VEND_SHELL_C -> SUB_PAYBACK_C -> EMP_FRAUD_C,SUB_PAYBACK_C,EMP_FRAUD_C,0.0,Historical,86.58,446,Circular Fund Flow
234,batch_234_loop_2,1,EMP_FRAUD_B -> VEND_SHELL_B -> SUB_PAYBACK_B -> EMP_FRAUD_B,EMP_FRAUD_B,VEND_SHELL_B,0.0,Historical,88.42,446,Circular Fund Flow
234,batch_234_loop_2,2,EMP_FRAUD_B -> VEND_SHELL_B -> SUB_PAYBACK_B -> EMP_FRAUD_B,VEND_SHELL_B,SUB_PAYBACK_B,0.0,Historical,91.44,446,Circular Fund Flow
234,batch_234_loop_2,3,EMP_FRAUD_B -> VEND_SHELL_B -> SUB_PAYBACK_B -> EMP_FRAUD_B,SUB_PAYBACK_B,EMP_FRAUD_B,0.0,Historical,88.07,446,Circular Fund Flow
234,batch_234_loop_3,1,EMP_FRAUD_A -> VEND_SHELL_A -> SUB_PAYBACK_A -> EMP_FRAUD_A,EMP_FRAUD_A,VEND_SHELL_A,0.0,Historical,91.42,446,Circular Fund Flow
234,batch_234_loop_3,2,EMP_FRAUD_A -> VEND_SHELL_A -> SUB_PAYBACK_A -> EMP_FRAUD_A,VEND_SHELL_A,SUB_PAYBACK_A,0.0,Historical,88.23,446,Circular Fund Flow
234,batch_234_loop_3,3,EMP_FRAUD_A -> VEND_SHELL_A -> SUB_PAYBACK_A -> EMP_FRAUD_A,SUB_PAYBACK_A,EMP_FRAUD_A,0.0,Historical,89.62,446,Circular Fund Flow
235,batch_235_loop_1,1,EMP_FRAUD_C -> VEND_SHELL_C -> SUB_PAYBACK_C -> EMP_FRAUD_C,EMP_FRAUD_C,VEND_SHELL_C,0.0,Historical,87.1,444,Circular Fund Flow
235,batch_235_loop_1,2,EMP_FRAUD_C -> VEND_SHELL_C -> SUB_PAYBACK_C -> EMP_FRAUD_C,VEND_SHELL_C,SUB_PAYBACK_C,0.0,Historical,85.2,444,Circular Fund Flow
235,batch_235_loop_1,3,EMP_FRAUD_C -> VEND_SHELL_C -> SUB_PAYBACK_C -> EMP_FRAUD_C,SUB_PAYBACK_C,EMP_FRAUD_C,0.0,Historical,94.4,444,Circular Fund Flow
235,batch_235_loop_2,1,EMP_FRAUD_B -> VEND_SHELL_B -> SUB_PAYBACK_B -> EMP_FRAUD_B,EMP_FRAUD_B,VEND_SHELL_B,0.0,Historical,88.5,444,Circular Fund Flow
235,batch_235_loop_2,2,EMP_FRAUD_B -> VEND_SHELL_B -> SUB_PAYBACK_B -> EMP_FRAUD_B,VEND_SHELL_B,SUB_PAYBACK_B,0.0,Historical,85.54,444,Circular Fund Flow
235,batch_235_loop_2,3,EMP_FRAUD_B -> VEND_SHELL_B -> SUB_PAYBACK_B -> EMP_FRAUD_B,SUB_PAYBACK_B,EMP_FRAUD_B,0.0,Historical,87.35,444,Circular Fund Flow
235,batch_235_loop_3,1,EMP_FRAUD_A -> VEND_SHELL_A -> SUB_PAYBACK_A -> EMP_FRAUD_A,EMP_FRAUD_A,VEND_SHELL_A,0.0,Historical,88.0,444,Circular Fund Flow
235,batch_235_loop_3,2,EMP_FRAUD_A -> VEND_SHELL_A -> SUB_PAYBACK_A -> EMP_FRAUD_A,VEND_SHELL_A,SUB_PAYBACK_A,0.0,Historical,86.38,444,Circular Fund Flow
235,batch_235_loop_3,3,EMP_FRAUD_A -> VEND_SHELL_A -> SUB_PAYBACK_A -> EMP_FRAUD_A,SUB_PAYBACK_A,EMP_FRAUD_A,0.0,Historical,93.37,444,Circular Fund Flow
236,batch_236_loop_1,1,EMP_FRAUD_C -> VEND_SHELL_C -> SUB_PAYBACK_C -> EMP_FRAUD_C,EMP_FRAUD_C,VEND_SHELL_C,0.0,Historical,86.15,446,Circular Fund Flow
236,batch_236_loop_1,2,EMP_FRAUD_C -> VEND_SHELL_C -> SUB_PAYBACK_C -> EMP_FRAUD_C,VEND_SHELL_C,SUB_PAYBACK_C,0.0,Historical,92.86,446,Circular Fund Flow
236,batch_236_loop_1,3,EMP_FRAUD_C -> VEND_SHELL_C -> SUB_PAYBACK_C -> EMP_FRAUD_C,SUB_PAYBACK_C,EMP_FRAUD_C,0.0,Historical,97.25,446,Circular Fund Flow
236,batch_236_loop_2,1,EMP_FRAUD_B -> VEND_SHELL_B -> SUB_PAYBACK_B -> EMP_FRAUD_B,EMP_FRAUD_B,VEND_SHELL_B,0.0,Historical,97.15,446,Circular Fund Flow
236,batch_236_loop_2,2,EMP_FRAUD_B -> VEND_SHELL_B -> SUB_PAYBACK_B -> EMP_FRAUD_B,VEND_SHELL_B,SUB_PAYBACK_B,0.0,Historical,95.34,446,Circular Fund Flow
236,batch_236_loop_2,3,EMP_FRAUD_B -> VEND_SHELL_B -> SUB_PAYBACK_B -> EMP_FRAUD_B,SUB_PAYBACK_B,EMP_FRAUD_B,0.0,Historical,92.97,446,Circular Fund Flow
236,batch_236_loop_3,1,EMP_FRAUD_A -> VEND_SHELL_A -> SUB_PAYBACK_A -> EMP_FRAUD_A,EMP_FRAUD_A,VEND_SHELL_A,0.0,Historical,90.9,446,Circular Fund Flow
236,batch_236_loop_3,2,EMP_FRAUD_A -> VEND_SHELL_A -> SUB_PAYBACK_A -> EMP_FRAUD_A,VEND_SHELL_A,SUB_PAYBACK_A,0.0,Historical,94.21,446,Circular Fund Flow
236,batch_236_loop_3,3,EMP_FRAUD_A -> VEND_SHELL_A -> SUB_PAYBACK_A -> EMP_FRAUD_A,SUB_PAYBACK_A,EMP_FRAUD_A,0.0,Historical,88.6,446,Circular Fund Flow
237,batch_237_loop_1,1,EMP_FRAUD_C -> VEND_SHELL_C -> SUB_PAYBACK_C -> EMP_FRAUD_C,EMP_FRAUD_C,VEND_SHELL_C,0.0,Historical,85.1,446,Circular Fund Flow
237,batch_237_loop_1,2,EMP_FRAUD_C -> VEND_SHELL_C -> SUB_PAYBACK_C -> EMP_FRAUD_C,VEND_SHELL_C,SUB_PAYBACK_C,0.0,Historical,93.79,446,Circular Fund Flow
237,batch_237_loop_1,3,EMP_FRAUD_C -> VEND_SHELL_C -> SUB_PAYBACK_C -> EMP_FRAUD_C,SUB_PAYBACK_C,EMP_FRAUD_C,0.0,Historical,90.69,446,Circular Fund Flow
237,batch_237_loop_2,1,EMP_FRAUD_B -> VEND_SHELL_B -> SUB_PAYBACK_B -> EMP_FRAUD_B,EMP_FRAUD_B,VEND_SHELL_B,0.0,Historical,90.09,446,Circular Fund Flow
237,batch_237_loop_2,2,EMP_FRAUD_B -> VEND_SHELL_B -> SUB_PAYBACK_B -> EMP_FRAUD_B,VEND_SHELL_B,SUB_PAYBACK_B,0.0,Historical,96.07,446,Circular Fund Flow
237,batch_237_loop_2,3,EMP_FRAUD_B -> VEND_SHELL_B -> SUB_PAYBACK_B -> EMP_FRAUD_B,SUB_PAYBACK_B,EMP_FRAUD_B,0.0,Historical,86.55,446,Circular Fund Flow
237,batch_237_loop_3,1,EMP_FRAUD_A -> VEND_SHELL_A -> SUB_PAYBACK_A -> EMP_FRAUD_A,EMP_FRAUD_A,VEND_SHELL_A,0.0,Historical,98.67,446,Circular Fund Flow
237,batch_237_loop_3,2,EMP_FRAUD_A -> VEND_SHELL_A -> SUB_PAYBACK_A -> EMP_FRAUD_A,VEND_SHELL_A,SUB_PAYBACK_A,0.0,Historical,86.85,446,Circular Fund Flow
237,batch_237_loop_3,3,EMP_FRAUD_A -> VEND_SHELL_A -> SUB_PAYBACK_A -> EMP_FRAUD_A,SUB_PAYBACK_A,EMP_FRAUD_A,0.0,Historical,87.65,446,Circular Fund Flow
238,batch_238_loop_1,1,EMP_FRAUD_C -> VEND_SHELL_C -> SUB_PAYBACK_C -> EMP_FRAUD_C,EMP_FRAUD_C,VEND_SHELL_C,0.0,Historical,86.95,443,Circular Fund Flow
238,batch_238_loop_1,2,EMP_FRAUD_C -> VEND_SHELL_C -> SUB_PAYBACK_C -> EMP_FRAUD_C,VEND_SHELL_C,SUB_PAYBACK_C,0.0,Historical,94.57,443,Circular Fund Flow
238,batch_238_loop_1,3,EMP_FRAUD_C -> VEND_SHELL_C -> SUB_PAYBACK_C -> EMP_FRAUD_C,SUB_PAYBACK_C,EMP_FRAUD_C,0.0,Historical,91.6,443,Circular Fund Flow
238,batch_238_loop_2,1,EMP_FRAUD_B -> VEND_SHELL_B -> SUB_PAYBACK_B -> EMP_FRAUD_B,EMP_FRAUD_B,VEND_SHELL_B,0.0,Historical,85.12,443,Circular Fund Flow
238,batch_238_loop_2,2,EMP_FRAUD_B -> VEND_SHELL_B -> SUB_PAYBACK_B -> EMP_FRAUD_B,VEND_SHELL_B,SUB_PAYBACK_B,0.0,Historical,95.81,443,Circular Fund Flow
238,batch_238_loop_2,3,EMP_FRAUD_B -> VEND_SHELL_B -> SUB_PAYBACK_B -> EMP_FRAUD_B,SUB_PAYBACK_B,EMP_FRAUD_B,0.0,Historical,95.03,443,Circular Fund Flow
238,batch_238_loop_3,1,EMP_FRAUD_A -> VEND_SHELL_A -> SUB_PAYBACK_A -> EMP_FRAUD_A,EMP_FRAUD_A,VEND_SHELL_A,0.0,Historical,88.6,443,Circular Fund Flow
238,batch_238_loop_3,2,EMP_FRAUD_A -> VEND_SHELL_A -> SUB_PAYBACK_A -> EMP_FRAUD_A,VEND_SHELL_A,SUB_PAYBACK_A,0.0,Historical,92.8,443,Circular Fund Flow
238,batch_238_loop_3,3,EMP_FRAUD_A -> VEND_SHELL_A -> SUB_PAYBACK_A -> EMP_FRAUD_A,SUB_PAYBACK_A,EMP_FRAUD_A,0.0,Historical,98.17,443,Circular Fund Flow
239,batch_239_loop_1,1,EMP_FRAUD_C -> VEND_SHELL_C -> SUB_PAYBACK_C -> EMP_FRAUD_C,EMP_FRAUD_C,VEND_SHELL_C,0.0,Historical,86.96,437,Circular Fund Flow
239,batch_239_loop_1,2,EMP_FRAUD_C -> VEND_SHELL_C -> SUB_PAYBACK_C -> EMP_FRAUD_C,VEND_SHELL_C,SUB_PAYBACK_C,0.0,Historical,85.18,437,Circular Fund Flow
239,batch_239_loop_1,3,EMP_FRAUD_C -> VEND_SHELL_C -> SUB_PAYBACK_C -> EMP_FRAUD_C,SUB_PAYBACK_C,EMP_FRAUD_C,0.0,Historical,85.23,437,Circular Fund Flow
239,batch_239_loop_2,1,EMP_FRAUD_B -> VEND_SHELL_B -> SUB_PAYBACK_B -> EMP_FRAUD_B,EMP_FRAUD_B,VEND_SHELL_B,0.0,Historical,98.95,437,Circular Fund Flow
239,batch_239_loop_2,2,EMP_FRAUD_B -> VEND_SHELL_B -> SUB_PAYBACK_B -> EMP_FRAUD_B,VEND_SHELL_B,SUB_PAYBACK_B,0.0,Historical,85.38,437,Circular Fund Flow
239,batch_239_loop_2,3,EMP_FRAUD_B -> VEND_SHELL_B -> SUB_PAYBACK_B -> EMP_FRAUD_B,SUB_PAYBACK_B,EMP_FRAUD_B,0.0,Historical,91.68,437,Circular Fund Flow
239,batch_239_loop_3,1,EMP_FRAUD_A -> VEND_SHELL_A -> SUB_PAYBACK_A -> EMP_FRAUD_A,EMP_FRAUD_A,VEND_SHELL_A,0.0,Historical,91.36,437,Circular Fund Flow
239,batch_239_loop_3,2,EMP_FRAUD_A -> VEND_SHELL_A -> SUB_PAYBACK_A -> EMP_FRAUD_A,VEND_SHELL_A,SUB_PAYBACK_A,0.0,Historical,92.12,437,Circular Fund Flow
239,batch_239_loop_3,3,EMP_FRAUD_A -> VEND_SHELL_A -> SUB_PAYBACK_A -> EMP_FRAUD_A,SUB_PAYBACK_A,EMP_FRAUD_A,0.0,Historical,98.01,437,Circular Fund Flow
240,batch_240_loop_1,1,EMP_FRAUD_C -> VEND_SHELL_C -> SUB_PAYBACK_C -> EMP_FRAUD_C,EMP_FRAUD_C,VEND_SHELL_C,0.0,Historical,90.33,448,Circular Fund Flow
240,batch_240_loop_1,2,EMP_FRAUD_C -> VEND_SHELL_C -> SUB_PAYBACK_C -> EMP_FRAUD_C,VEND_SHELL_C,SUB_PAYBACK_C,0.0,Historical,97.08,448,Circular Fund Flow
240,batch_240_loop_1,3,EMP_FRAUD_C -> VEND_SHELL_C -> SUB_PAYBACK_C -> EMP_FRAUD_C,SUB_PAYBACK_C,EMP_FRAUD_C,0.0,Historical,88.28,448,Circular Fund Flow
240,batch_240_loop_2,1,EMP_FRAUD_B -> VEND_SHELL_B -> SUB_PAYBACK_B -> EMP_FRAUD_B,EMP_FRAUD_B,VEND_SHELL_B,0.0,Historical,89.57,448,Circular Fund Flow
240,batch_240_loop_2,2,EMP_FRAUD_B -> VEND_SHELL_B -> SUB_PAYBACK_B -> EMP_FRAUD_B,VEND_SHELL_B,SUB_PAYBACK_B,0.0,Historical,97.39,448,Circular Fund Flow
240,batch_240_loop_2,3,EMP_FRAUD_B -> VEND_SHELL_B -> SUB_PAYBACK_B -> EMP_FRAUD_B,SUB_PAYBACK_B,EMP_FRAUD_B,0.0,Historical,97.12,448,Circular Fund Flow
240,batch_240_loop_3,1,EMP_FRAUD_A -> VEND_SHELL_A -> SUB_PAYBACK_A -> EMP_FRAUD_A,EMP_FRAUD_A,VEND_SHELL_A,0.0,Historical,90.13,448,Circular Fund Flow
240,batch_240_loop_3,2,EMP_FRAUD_A -> VEND_SHELL_A -> SUB_PAYBACK_A -> EMP_FRAUD_A,VEND_SHELL_A,SUB_PAYBACK_A,0.0,Historical,85.3,448,Circular Fund Flow
240,batch_240_loop_3,3,EMP_FRAUD_A -> VEND_SHELL_A -> SUB_PAYBACK_A -> EMP_FRAUD_A,SUB_PAYBACK_A,EMP_FRAUD_A,0.0,Historical,87.5,448,Circular Fund Flow
241,batch_241_loop_1,1,EMP_FRAUD_C -> VEND_SHELL_C -> SUB_PAYBACK_C -> EMP_FRAUD_C,EMP_FRAUD_C,VEND_SHELL_C,0.0,Historical,87.51,447,Circular Fund Flow
241,batch_241_loop_1,2,EMP_FRAUD_C -> VEND_SHELL_C -> SUB_PAYBACK_C -> EMP_FRAUD_C,VEND_SHELL_C,SUB_PAYBACK_C,0.0,Historical,88.23,447,Circular Fund Flow
241,batch_241_loop_1,3,EMP_FRAUD_C -> VEND_SHELL_C -> SUB_PAYBACK_C -> EMP_FRAUD_C,SUB_PAYBACK_C,EMP_FRAUD_C,0.0,Historical,95.61,447,Circular Fund Flow
241,batch_241_loop_2,1,EMP_FRAUD_B -> VEND_SHELL_B -> SUB_PAYBACK_B -> EMP_FRAUD_B,EMP_FRAUD_B,VEND_SHELL_B,0.0,Historical,86.71,447,Circular Fund Flow
241,batch_241_loop_2,2,EMP_FRAUD_B -> VEND_SHELL_B -> SUB_PAYBACK_B -> EMP_FRAUD_B,VEND_SHELL_B,SUB_PAYBACK_B,0.0,Historical,85.64,447,Circular Fund Flow
241,batch_241_loop_2,3,EMP_FRAUD_B -> VEND_SHELL_B -> SUB_PAYBACK_B -> EMP_FRAUD_B,SUB_PAYBACK_B,EMP_FRAUD_B,0.0,Historical,96.37,447,Circular Fund Flow
241,batch_241_loop_3,1,EMP_FRAUD_A -> VEND_SHELL_A -> SUB_PAYBACK_A -> EMP_FRAUD_A,EMP_FRAUD_A,VEND_SHELL_A,0.0,Historical,96.23,447,Circular Fund Flow
241,batch_241_loop_3,2,EMP_FRAUD_A -> VEND_SHELL_A -> SUB_PAYBACK_A -> EMP_FRAUD_A,VEND_SHELL_A,SUB_PAYBACK_A,0.0,Historical,85.5,447,Circular Fund Flow
241,batch_241_loop_3,3,EMP_FRAUD_A -> VEND_SHELL_A -> SUB_PAYBACK_A -> EMP_FRAUD_A,SUB_PAYBACK_A,EMP_FRAUD_A,0.0,Historical,88.75,447,Circular Fund Flow
242,batch_242_loop_1,1,EMP_FRAUD_C -> VEND_SHELL_C -> SUB_PAYBACK_C -> EMP_FRAUD_C,EMP_FRAUD_C,VEND_SHELL_C,0.0,Historical,85.82,446,Circular Fund Flow
242,batch_242_loop_1,2,EMP_FRAUD_C -> VEND_SHELL_C -> SUB_PAYBACK_C -> EMP_FRAUD_C,VEND_SHELL_C,SUB_PAYBACK_C,0.0,Historical,97.0,446,Circular Fund Flow
242,batch_242_loop_1,3,EMP_FRAUD_C -> VEND_SHELL_C -> SUB_PAYBACK_C -> EMP_FRAUD_C,SUB_PAYBACK_C,EMP_FRAUD_C,0.0,Historical,94.56,446,Circular Fund Flow
242,batch_242_loop_2,1,EMP_FRAUD_B -> VEND_SHELL_B -> SUB_PAYBACK_B -> EMP_FRAUD_B,EMP_FRAUD_B,VEND_SHELL_B,0.0,Historical,96.58,446,Circular Fund Flow
242,batch_242_loop_2,2,EMP_FRAUD_B -> VEND_SHELL_B -> SUB_PAYBACK_B -> EMP_FRAUD_B,VEND_SHELL_B,SUB_PAYBACK_B,0.0,Historical,88.95,446,Circular Fund Flow
242,batch_242_loop_2,3,EMP_FRAUD_B -> VEND_SHELL_B -> SUB_PAYBACK_B -> EMP_FRAUD_B,SUB_PAYBACK_B,EMP_FRAUD_B,0.0,Historical,95.8,446,Circular Fund Flow
242,batch_242_loop_3,1,EMP_FRAUD_A -> VEND_SHELL_A -> SUB_PAYBACK_A -> EMP_FRAUD_A,EMP_FRAUD_A,VEND_SHELL_A,0.0,Historical,85.93,446,Circular Fund Flow
242,batch_242_loop_3,2,EMP_FRAUD_A -> VEND_SHELL_A -> SUB_PAYBACK_A -> EMP_FRAUD_A,VEND_SHELL_A,SUB_PAYBACK_A,0.0,Historical,97.92,446,Circular Fund Flow
242,batch_242_loop_3,3,EMP_FRAUD_A -> VEND_SHELL_A -> SUB_PAYBACK_A -> EMP_FRAUD_A,SUB_PAYBACK_A,EMP_FRAUD_A,0.0,Historical,88.94,446,Circular Fund Flow
243,batch_243_loop_1,1,EMP_FRAUD_C -> VEND_SHELL_C -> SUB_PAYBACK_C -> EMP_FRAUD_C,EMP_FRAUD_C,VEND_SHELL_C,0.0,Historical,89.68,446,Circular Fund Flow
243,batch_243_loop_1,2,EMP_FRAUD_C -> VEND_SHELL_C -> SUB_PAYBACK_C -> EMP_FRAUD_C,VEND_SHELL_C,SUB_PAYBACK_C,0.0,Historical,91.85,446,Circular Fund Flow
243,batch_243_loop_1,3,EMP_FRAUD_C -> VEND_SHELL_C -> SUB_PAYBACK_C -> EMP_FRAUD_C,SUB_PAYBACK_C,EMP_FRAUD_C,0.0,Historical,95.51,446,Circular Fund Flow
243,batch_243_loop_2,1,EMP_FRAUD_B -> VEND_SHELL_B -> SUB_PAYBACK_B -> EMP_FRAUD_B,EMP_FRAUD_B,VEND_SHELL_B,0.0,Historical,96.01,446,Circular Fund Flow
243,batch_243_loop_2,2,EMP_FRAUD_B -> VEND_SHELL_B -> SUB_PAYBACK_B -> EMP_FRAUD_B,VEND_SHELL_B,SUB_PAYBACK_B,0.0,Historical,91.89,446,Circular Fund Flow
243,batch_243_loop_2,3,EMP_FRAUD_B -> VEND_SHELL_B -> SUB_PAYBACK_B -> EMP_FRAUD_B,SUB_PAYBACK_B,EMP_FRAUD_B,0.0,Historical,97.86,446,Circular Fund Flow
243,batch_243_loop_3,1,EMP_FRAUD_A -> VEND_SHELL_A -> SUB_PAYBACK_A -> EMP_FRAUD_A,EMP_FRAUD_A,VEND_SHELL_A,0.0,Historical,92.04,446,Circular Fund Flow
243,batch_243_loop_3,2,EMP_FRAUD_A -> VEND_SHELL_A -> SUB_PAYBACK_A -> EMP_FRAUD_A,VEND_SHELL_A,SUB_PAYBACK_A,0.0,Historical,97.27,446,Circular Fund Flow
243,batch_243_loop_3,3,EMP_FRAUD_A -> VEND_SHELL_A -> SUB_PAYBACK_A -> EMP_FRAUD_A,SUB_PAYBACK_A,EMP_FRAUD_A,0.0,Historical,91.4,446,Circular Fund Flow
244,batch_244_loop_1,1,EMP_FRAUD_C -> VEND_SHELL_C -> SUB_PAYBACK_C -> EMP_FRAUD_C,EMP_FRAUD_C,VEND_SHELL_C,0.0,Historical,91.45,445,Circular Fund Flow
244,batch_244_loop_1,2,EMP_FRAUD_C -> VEND_SHELL_C -> SUB_PAYBACK_C -> EMP_FRAUD_C,VEND_SHELL_C,SUB_PAYBACK_C,0.0,Historical,95.64,445,Circular Fund Flow
244,batch_244_loop_1,3,EMP_FRAUD_C -> VEND_SHELL_C -> SUB_PAYBACK_C -> EMP_FRAUD_C,SUB_PAYBACK_C,EMP_FRAUD_C,0.0,Historical,93.55,445,Circular Fund Flow
244,batch_244_loop_2,1,EMP_FRAUD_B -> VEND_SHELL_B -> SUB_PAYBACK_B -> EMP_FRAUD_B,EMP_FRAUD_B,VEND_SHELL_B,0.0,Historical,95.66,445,Circular Fund Flow
244,batch_244_loop_2,2,EMP_FRAUD_B -> VEND_SHELL_B -> SUB_PAYBACK_B -> EMP_FRAUD_B,VEND_SHELL_B,SUB_PAYBACK_B,0.0,Historical,98.59,445,Circular Fund Flow
244,batch_244_loop_2,3,EMP_FRAUD_B -> VEND_SHELL_B -> SUB_PAYBACK_B -> EMP_FRAUD_B,SUB_PAYBACK_B,EMP_FRAUD_B,0.0,Historical,87.57,445,Circular Fund Flow
244,batch_244_loop_3,1,EMP_FRAUD_A -> VEND_SHELL_A -> SUB_PAYBACK_A -> EMP_FRAUD_A,EMP_FRAUD_A,VEND_SHELL_A,0.0,Historical,90.82,445,Circular Fund Flow
244,batch_244_loop_3,2,EMP_FRAUD_A -> VEND_SHELL_A -> SUB_PAYBACK_A -> EMP_FRAUD_A,VEND_SHELL_A,SUB_PAYBACK_A,0.0,Historical,93.0,445,Circular Fund Flow
244,batch_244_loop_3,3,EMP_FRAUD_A -> VEND_SHELL_A -> SUB_PAYBACK_A -> EMP_FRAUD_A,SUB_PAYBACK_A,EMP_FRAUD_A,0.0,Historical,94.33,445,Circular Fund Flow
245,batch_245_loop_1,1,EMP_FRAUD_C -> VEND_SHELL_C -> SUB_PAYBACK_C -> EMP_FRAUD_C,EMP_FRAUD_C,VEND_SHELL_C,0.0,Historical,94.08,445,Circular Fund Flow
245,batch_245_loop_1,2,EMP_FRAUD_C -> VEND_SHELL_C -> SUB_PAYBACK_C -> EMP_FRAUD_C,VEND_SHELL_C,SUB_PAYBACK_C,0.0,Historical,88.22,445,Circular Fund Flow
245,batch_245_loop_1,3,EMP_FRAUD_C -> VEND_SHELL_C -> SUB_PAYBACK_C -> EMP_FRAUD_C,SUB_PAYBACK_C,EMP_FRAUD_C,0.0,Historical,96.04,445,Circular Fund Flow
245,batch_245_loop_2,1,EMP_FRAUD_B -> VEND_SHELL_B -> SUB_PAYBACK_B -> EMP_FRAUD_B,EMP_FRAUD_B,VEND_SHELL_B,0.0,Historical,89.0,445,Circular Fund Flow
245,batch_245_loop_2,2,EMP_FRAUD_B -> VEND_SHELL_B -> SUB_PAYBACK_B -> EMP_FRAUD_B,VEND_SHELL_B,SUB_PAYBACK_B,0.0,Historical,88.01,445,Circular Fund Flow
245,batch_245_loop_2,3,EMP_FRAUD_B -> VEND_SHELL_B -> SUB_PAYBACK_B -> EMP_FRAUD_B,SUB_PAYBACK_B,EMP_FRAUD_B,0.0,Historical,93.82,445,Circular Fund Flow
245,batch_245_loop_3,1,EMP_FRAUD_A -> VEND_SHELL_A -> SUB_PAYBACK_A -> EMP_FRAUD_A,EMP_FRAUD_A,VEND_SHELL_A,0.0,Historical,92.82,445,Circular Fund Flow
245,batch_245_loop_3,2,EMP_FRAUD_A -> VEND_SHELL_A -> SUB_PAYBACK_A -> EMP_FRAUD_A,VEND_SHELL_A,SUB_PAYBACK_A,0.0,Historical,97.19,445,Circular Fund Flow
245,batch_245_loop_3,3,EMP_FRAUD_A -> VEND_SHELL_A -> SUB_PAYBACK_A -> EMP_FRAUD_A,SUB_PAYBACK_A,EMP_FRAUD_A,0.0,Historical,85.65,445,Circular Fund Flow
246,batch_246_loop_1,1,EMP_FRAUD_C -> VEND_SHELL_C -> SUB_PAYBACK_C -> EMP_FRAUD_C,EMP_FRAUD_C,VEND_SHELL_C,0.0,Historical,97.08,449,Circular Fund Flow
246,batch_246_loop_1,2,EMP_FRAUD_C -> VEND_SHELL_C -> SUB_PAYBACK_C -> EMP_FRAUD_C,VEND_SHELL_C,SUB_PAYBACK_C,0.0,Historical,91.8,449,Circular Fund Flow
246,batch_246_loop_1,3,EMP_FRAUD_C -> VEND_SHELL_C -> SUB_PAYBACK_C -> EMP_FRAUD_C,SUB_PAYBACK_C,EMP_FRAUD_C,0.0,Historical,92.65,449,Circular Fund Flow
246,batch_246_loop_2,1,EMP_FRAUD_B -> VEND_SHELL_B -> SUB_PAYBACK_B -> EMP_FRAUD_B,EMP_FRAUD_B,VEND_SHELL_B,0.0,Historical,88.54,449,Circular Fund Flow
246,batch_246_loop_2,2,EMP_FRAUD_B -> VEND_SHELL_B -> SUB_PAYBACK_B -> EMP_FRAUD_B,VEND_SHELL_B,SUB_PAYBACK_B,0.0,Historical,89.54,449,Circular Fund Flow
246,batch_246_loop_2,3,EMP_FRAUD_B -> VEND_SHELL_B -> SUB_PAYBACK_B -> EMP_FRAUD_B,SUB_PAYBACK_B,EMP_FRAUD_B,0.0,Historical,92.11,449,Circular Fund Flow
246,batch_246_loop_3,1,EMP_FRAUD_A -> VEND_SHELL_A -> SUB_PAYBACK_A -> EMP_FRAUD_A,EMP_FRAUD_A,VEND_SHELL_A,0.0,Historical,92.76,449,Circular Fund Flow
246,batch_246_loop_3,2,EMP_FRAUD_A -> VEND_SHELL_A -> SUB_PAYBACK_A -> EMP_FRAUD_A,VEND_SHELL_A,SUB_PAYBACK_A,0.0,Historical,89.26,449,Circular Fund Flow
246,batch_246_loop_3,3,EMP_FRAUD_A -> VEND_SHELL_A -> SUB_PAYBACK_A -> EMP_FRAUD_A,SUB_PAYBACK_A,EMP_FRAUD_A,0.0,Historical,98.42,449,Circular Fund Flow
247,batch_247_loop_1,1,EMP_FRAUD_C -> VEND_SHELL_C -> SUB_PAYBACK_C -> EMP_FRAUD_C,EMP_FRAUD_C,VEND_SHELL_C,0.0,Historical,93.06,446,Circular Fund Flow
247,batch_247_loop_1,2,EMP_FRAUD_C -> VEND_SHELL_C -> SUB_PAYBACK_C -> EMP_FRAUD_C,VEND_SHELL_C,SUB_PAYBACK_C,0.0,Historical,91.91,446,Circular Fund Flow
247,batch_247_loop_1,3,EMP_FRAUD_C -> VEND_SHELL_C -> SUB_PAYBACK_C -> EMP_FRAUD_C,SUB_PAYBACK_C,EMP_FRAUD_C,0.0,Historical,94.24,446,Circular Fund Flow
247,batch_247_loop_2,1,EMP_FRAUD_B -> VEND_SHELL_B -> SUB_PAYBACK_B -> EMP_FRAUD_B,EMP_FRAUD_B,VEND_SHELL_B,0.0,Historical,85.36,446,Circular Fund Flow
247,batch_247_loop_2,2,EMP_FRAUD_B -> VEND_SHELL_B -> SUB_PAYBACK_B -> EMP_FRAUD_B,VEND_SHELL_B,SUB_PAYBACK_B,0.0,Historical,92.12,446,Circular Fund Flow
247,batch_247_loop_2,3,EMP_FRAUD_B -> VEND_SHELL_B -> SUB_PAYBACK_B -> EMP_FRAUD_B,SUB_PAYBACK_B,EMP_FRAUD_B,0.0,Historical,91.32,446,Circular Fund Flow
247,batch_247_loop_3,1,EMP_FRAUD_A -> VEND_SHELL_A -> SUB_PAYBACK_A -> EMP_FRAUD_A,EMP_FRAUD_A,VEND_SHELL_A,0.0,Historical,92.21,446,Circular Fund Flow
247,batch_247_loop_3,2,EMP_FRAUD_A -> VEND_SHELL_A -> SUB_PAYBACK_A -> EMP_FRAUD_A,VEND_SHELL_A,SUB_PAYBACK_A,0.0,Historical,92.55,446,Circular Fund Flow
247,batch_247_loop_3,3,EMP_FRAUD_A -> VEND_SHELL_A -> SUB_PAYBACK_A -> EMP_FRAUD_A,SUB_PAYBACK_A,EMP_FRAUD_A,0.0,Historical,87.48,446,Circular Fund Flow
248,batch_248_loop_1,1,EMP_FRAUD_C -> VEND_SHELL_C -> SUB_PAYBACK_C -> EMP_FRAUD_C,EMP_FRAUD_C,VEND_SHELL_C,0.0,Historical,90.52,445,Circular Fund Flow
248,batch_248_loop_1,2,EMP_FRAUD_C -> VEND_SHELL_C -> SUB_PAYBACK_C -> EMP_FRAUD_C,VEND_SHELL_C,SUB_PAYBACK_C,0.0,Historical,98.5,445,Circular Fund Flow
248,batch_248_loop_1,3,EMP_FRAUD_C -> VEND_SHELL_C -> SUB_PAYBACK_C -> EMP_FRAUD_C,SUB_PAYBACK_C,EMP_FRAUD_C,0.0,Historical,87.51,445,Circular Fund Flow
248,batch_248_loop_2,1,EMP_FRAUD_B -> VEND_SHELL_B -> SUB_PAYBACK_B -> EMP_FRAUD_B,EMP_FRAUD_B,VEND_SHELL_B,0.0,Historical,94.11,445,Circular Fund Flow
248,batch_248_loop_2,2,EMP_FRAUD_B -> VEND_SHELL_B -> SUB_PAYBACK_B -> EMP_FRAUD_B,VEND_SHELL_B,SUB_PAYBACK_B,0.0,Historical,98.6,445,Circular Fund Flow
248,batch_248_loop_2,3,EMP_FRAUD_B -> VEND_SHELL_B -> SUB_PAYBACK_B -> EMP_FRAUD_B,SUB_PAYBACK_B,EMP_FRAUD_B,0.0,Historical,96.54,445,Circular Fund Flow
248,batch_248_loop_3,1,EMP_FRAUD_A -> VEND_SHELL_A -> SUB_PAYBACK_A -> EMP_FRAUD_A,EMP_FRAUD_A,VEND_SHELL_A,0.0,Historical,85.91,445,Circular Fund Flow
248,batch_248_loop_3,2,EMP_FRAUD_A -> VEND_SHELL_A -> SUB_PAYBACK_A -> EMP_FRAUD_A,VEND_SHELL_A,SUB_PAYBACK_A,0.0,Historical,97.47,445,Circular Fund Flow
248,batch_248_loop_3,3,EMP_FRAUD_A -> VEND_SHELL_A -> SUB_PAYBACK_A -> EMP_FRAUD_A,SUB_PAYBACK_A,EMP_FRAUD_A,0.0,Historical,89.03,445,Circular Fund Flow
249,batch_249_loop_1,1,EMP_FRAUD_C -> VEND_SHELL_C -> SUB_PAYBACK_C -> EMP_FRAUD_C,EMP_FRAUD_C,VEND_SHELL_C,0.0,Historical,85.43,445,Circular Fund Flow
249,batch_249_loop_1,2,EMP_FRAUD_C -> VEND_SHELL_C -> SUB_PAYBACK_C -> EMP_FRAUD_C,VEND_SHELL_C,SUB_PAYBACK_C,0.0,Historical,85.07,445,Circular Fund Flow
249,batch_249_loop_1,3,EMP_FRAUD_C -> VEND_SHELL_C -> SUB_PAYBACK_C -> EMP_FRAUD_C,SUB_PAYBACK_C,EMP_FRAUD_C,0.0,Historical,89.31,445,Circular Fund Flow
249,batch_249_loop_2,1,EMP_FRAUD_B -> VEND_SHELL_B -> SUB_PAYBACK_B -> EMP_FRAUD_B,EMP_FRAUD_B,VEND_SHELL_B,0.0,Historical,95.44,445,Circular Fund Flow
249,batch_249_loop_2,2,EMP_FRAUD_B -> VEND_SHELL_B -> SUB_PAYBACK_B -> EMP_FRAUD_B,VEND_SHELL_B,SUB_PAYBACK_B,0.0,Historical,93.14,445,Circular Fund Flow
249,batch_249_loop_2,3,EMP_FRAUD_B -> VEND_SHELL_B -> SUB_PAYBACK_B -> EMP_FRAUD_B,SUB_PAYBACK_B,EMP_FRAUD_B,0.0,Historical,95.56,445,Circular Fund Flow
249,batch_249_loop_3,1,EMP_FRAUD_A -> VEND_SHELL_A -> SUB_PAYBACK_A -> EMP_FRAUD_A,EMP_FRAUD_A,VEND_SHELL_A,0.0,Historical,95.25,445,Circular Fund Flow
249,batch_249_loop_3,2,EMP_FRAUD_A -> VEND_SHELL_A -> SUB_PAYBACK_A -> EMP_FRAUD_A,VEND_SHELL_A,SUB_PAYBACK_A,0.0,Historical,88.16,445,Circular Fund Flow
249,batch_249_loop_3,3,EMP_FRAUD_A -> VEND_SHELL_A -> SUB_PAYBACK_A -> EMP_FRAUD_A,SUB_PAYBACK_A,EMP_FRAUD_A,0.0,Historical,95.07,445,Circular Fund Flow
250,batch_250_loop_1,1,EMP_FRAUD_C -> VEND_SHELL_C -> SUB_PAYBACK_C -> EMP_FRAUD_C,EMP_FRAUD_C,VEND_SHELL_C,0.0,Historical,90.03,443,Circular Fund Flow
250,batch_250_loop_1,2,EMP_FRAUD_C -> VEND_SHELL_C -> SUB_PAYBACK_C -> EMP_FRAUD_C,VEND_SHELL_C,SUB_PAYBACK_C,0.0,Historical,92.32,443,Circular Fund Flow
250,batch_250_loop_1,3,EMP_FRAUD_C -> VEND_SHELL_C -> SUB_PAYBACK_C -> EMP_FRAUD_C,SUB_PAYBACK_C,EMP_FRAUD_C,0.0,Historical,87.51,443,Circular Fund Flow
250,batch_250_loop_2,1,EMP_FRAUD_B -> VEND_SHELL_B -> SUB_PAYBACK_B -> EMP_FRAUD_B,EMP_FRAUD_B,VEND_SHELL_B,0.0,Historical,89.53,443,Circular Fund Flow
250,batch_250_loop_2,2,EMP_FRAUD_B -> VEND_SHELL_B -> SUB_PAYBACK_B -> EMP_FRAUD_B,VEND_SHELL_B,SUB_PAYBACK_B,0.0,Historical,95.78,443,Circular Fund Flow
250,batch_250_loop_2,3,EMP_FRAUD_B -> VEND_SHELL_B -> SUB_PAYBACK_B -> EMP_FRAUD_B,SUB_PAYBACK_B,EMP_FRAUD_B,0.0,Historical,86.45,443,Circular Fund Flow
250,batch_250_loop_3,1,EMP_FRAUD_A -> VEND_SHELL_A -> SUB_PAYBACK_A -> EMP_FRAUD_A,EMP_FRAUD_A,VEND_SHELL_A,0.0,Historical,98.07,443,Circular Fund Flow
250,batch_250_loop_3,2,EMP_FRAUD_A -> VEND_SHELL_A -> SUB_PAYBACK_A -> EMP_FRAUD_A,VEND_SHELL_A,SUB_PAYBACK_A,0.0,Historical,92.64,443,Circular Fund Flow
250,batch_250_loop_3,3,EMP_FRAUD_A -> VEND_SHELL_A -> SUB_PAYBACK_A -> EMP_FRAUD_A,SUB_PAYBACK_A,EMP_FRAUD_A,0.0,Historical,87.31,443,Circular Fund Flow
251,batch_251_loop_1,1,EMP_FRAUD_C -> VEND_SHELL_C -> SUB_PAYBACK_C -> EMP_FRAUD_C,EMP_FRAUD_C,VEND_SHELL_C,0.0,Historical,87.46,441,Circular Fund Flow
251,batch_251_loop_1,2,EMP_FRAUD_C -> VEND_SHELL_C -> SUB_PAYBACK_C -> EMP_FRAUD_C,VEND_SHELL_C,SUB_PAYBACK_C,0.0,Historical,98.81,441,Circular Fund Flow
251,batch_251_loop_1,3,EMP_FRAUD_C -> VEND_SHELL_C -> SUB_PAYBACK_C -> EMP_FRAUD_C,SUB_PAYBACK_C,EMP_FRAUD_C,0.0,Historical,95.03,441,Circular Fund Flow
251,batch_251_loop_2,1,EMP_FRAUD_B -> VEND_SHELL_B -> SUB_PAYBACK_B -> EMP_FRAUD_B,EMP_FRAUD_B,VEND_SHELL_B,0.0,Historical,94.76,441,Circular Fund Flow
251,batch_251_loop_2,2,EMP_FRAUD_B -> VEND_SHELL_B -> SUB_PAYBACK_B -> EMP_FRAUD_B,VEND_SHELL_B,SUB_PAYBACK_B,0.0,Historical,96.64,441,Circular Fund Flow
251,batch_251_loop_2,3,EMP_FRAUD_B -> VEND_SHELL_B -> SUB_PAYBACK_B -> EMP_FRAUD_B,SUB_PAYBACK_B,EMP_FRAUD_B,0.0,Historical,95.1,441,Circular Fund Flow
251,batch_251_loop_3,1,EMP_FRAUD_A -> VEND_SHELL_A -> SUB_PAYBACK_A -> EMP_FRAUD_A,EMP_FRAUD_A,VEND_SHELL_A,0.0,Historical,92.31,441,Circular Fund Flow
251,batch_251_loop_3,2,EMP_FRAUD_A -> VEND_SHELL_A -> SUB_PAYBACK_A -> EMP_FRAUD_A,VEND_SHELL_A,SUB_PAYBACK_A,0.0,Historical,86.3,441,Circular Fund Flow
251,batch_251_loop_3,3,EMP_FRAUD_A -> VEND_SHELL_A -> SUB_PAYBACK_A -> EMP_FRAUD_A,SUB_PAYBACK_A,EMP_FRAUD_A,0.0,Historical,86.07,441,Circular Fund Flow
252,batch_252_loop_1,1,EMP_FRAUD_C -> VEND_SHELL_C -> SUB_PAYBACK_C -> EMP_FRAUD_C,EMP_FRAUD_C,VEND_SHELL_C,0.0,Historical,97.63,432,Circular Fund Flow
252,batch_252_loop_1,2,EMP_FRAUD_C -> VEND_SHELL_C -> SUB_PAYBACK_C -> EMP_FRAUD_C,VEND_SHELL_C,SUB_PAYBACK_C,0.0,Historical,93.83,432,Circular Fund Flow
252,batch_252_loop_1,3,EMP_FRAUD_C -> VEND_SHELL_C -> SUB_PAYBACK_C -> EMP_FRAUD_C,SUB_PAYBACK_C,EMP_FRAUD_C,0.0,Historical,94.13,432,Circular Fund Flow
252,batch_252_loop_2,1,EMP_FRAUD_B -> VEND_SHELL_B -> SUB_PAYBACK_B -> EMP_FRAUD_B,EMP_FRAUD_B,VEND_SHELL_B,0.0,Historical,94.69,432,Circular Fund Flow
252,batch_252_loop_2,2,EMP_FRAUD_B -> VEND_SHELL_B -> SUB_PAYBACK_B -> EMP_FRAUD_B,VEND_SHELL_B,SUB_PAYBACK_B,0.0,Historical,94.29,432,Circular Fund Flow
252,batch_252_loop_2,3,EMP_FRAUD_B -> VEND_SHELL_B -> SUB_PAYBACK_B -> EMP_FRAUD_B,SUB_PAYBACK_B,EMP_FRAUD_B,0.0,Historical,93.16,432,Circular Fund Flow
252,batch_252_loop_3,1,EMP_FRAUD_A -> VEND_SHELL_A -> SUB_PAYBACK_A -> EMP_FRAUD_A,EMP_FRAUD_A,VEND_SHELL_A,0.0,Historical,86.11,432,Circular Fund Flow
252,batch_252_loop_3,2,EMP_FRAUD_A -> VEND_SHELL_A -> SUB_PAYBACK_A -> EMP_FRAUD_A,VEND_SHELL_A,SUB_PAYBACK_A,0.0,Historical,85.09,432,Circular Fund Flow
252,batch_252_loop_3,3,EMP_FRAUD_A -> VEND_SHELL_A -> SUB_PAYBACK_A -> EMP_FRAUD_A,SUB_PAYBACK_A,EMP_FRAUD_A,0.0,Historical,93.45,432,Circular Fund Flow
253,batch_253_loop_1,1,EMP_FRAUD_C -> VEND_SHELL_C -> SUB_PAYBACK_C -> EMP_FRAUD_C,EMP_FRAUD_C,VEND_SHELL_C,0.0,Historical,95.57,447,Circular Fund Flow
253,batch_253_loop_1,2,EMP_FRAUD_C -> VEND_SHELL_C -> SUB_PAYBACK_C -> EMP_FRAUD_C,VEND_SHELL_C,SUB_PAYBACK_C,0.0,Historical,95.41,447,Circular Fund Flow
253,batch_253_loop_1,3,EMP_FRAUD_C -> VEND_SHELL_C -> SUB_PAYBACK_C -> EMP_FRAUD_C,SUB_PAYBACK_C,EMP_FRAUD_C,0.0,Historical,98.24,447,Circular Fund Flow
253,batch_253_loop_2,1,EMP_FRAUD_B -> VEND_SHELL_B -> SUB_PAYBACK_B -> EMP_FRAUD_B,EMP_FRAUD_B,VEND_SHELL_B,0.0,Historical,89.05,447,Circular Fund Flow
253,batch_253_loop_2,2,EMP_FRAUD_B -> VEND_SHELL_B -> SUB_PAYBACK_B -> EMP_FRAUD_B,VEND_SHELL_B,SUB_PAYBACK_B,0.0,Historical,87.49,447,Circular Fund Flow
253,batch_253_loop_2,3,EMP_FRAUD_B -> VEND_SHELL_B -> SUB_PAYBACK_B -> EMP_FRAUD_B,SUB_PAYBACK_B,EMP_FRAUD_B,0.0,Historical,93.67,447,Circular Fund Flow
253,batch_253_loop_3,1,EMP_FRAUD_A -> VEND_SHELL_A -> SUB_PAYBACK_A -> EMP_FRAUD_A,EMP_FRAUD_A,VEND_SHELL_A,0.0,Historical,88.77,447,Circular Fund Flow
253,batch_253_loop_3,2,EMP_FRAUD_A -> VEND_SHELL_A -> SUB_PAYBACK_A -> EMP_FRAUD_A,VEND_SHELL_A,SUB_PAYBACK_A,0.0,Historical,95.56,447,Circular Fund Flow
253,batch_253_loop_3,3,EMP_FRAUD_A -> VEND_SHELL_A -> SUB_PAYBACK_A -> EMP_FRAUD_A,SUB_PAYBACK_A,EMP_FRAUD_A,0.0,Historical,88.44,447,Circular Fund Flow
254,batch_254_loop_1,1,EMP_FRAUD_C -> VEND_SHELL_C -> SUB_PAYBACK_C -> EMP_FRAUD_C,EMP_FRAUD_C,VEND_SHELL_C,0.0,Historical,92.13,450,Circular Fund Flow
254,batch_254_loop_1,2,EMP_FRAUD_C -> VEND_SHELL_C -> SUB_PAYBACK_C -> EMP_FRAUD_C,VEND_SHELL_C,SUB_PAYBACK_C,0.0,Historical,98.37,450,Circular Fund Flow
254,batch_254_loop_1,3,EMP_FRAUD_C -> VEND_SHELL_C -> SUB_PAYBACK_C -> EMP_FRAUD_C,SUB_PAYBACK_C,EMP_FRAUD_C,0.0,Historical,91.89,450,Circular Fund Flow
254,batch_254_loop_2,1,EMP_FRAUD_B -> VEND_SHELL_B -> SUB_PAYBACK_B -> EMP_FRAUD_B,EMP_FRAUD_B,VEND_SHELL_B,0.0,Historical,89.58,450,Circular Fund Flow
254,batch_254_loop_2,2,EMP_FRAUD_B -> VEND_SHELL_B -> SUB_PAYBACK_B -> EMP_FRAUD_B,VEND_SHELL_B,SUB_PAYBACK_B,0.0,Historical,89.89,450,Circular Fund Flow
254,batch_254_loop_2,3,EMP_FRAUD_B -> VEND_SHELL_B -> SUB_PAYBACK_B -> EMP_FRAUD_B,SUB_PAYBACK_B,EMP_FRAUD_B,0.0,Historical,97.15,450,Circular Fund Flow
254,batch_254_loop_3,1,EMP_FRAUD_A -> VEND_SHELL_A -> SUB_PAYBACK_A -> EMP_FRAUD_A,EMP_FRAUD_A,VEND_SHELL_A,0.0,Historical,86.43,450,Circular Fund Flow
254,batch_254_loop_3,2,EMP_FRAUD_A -> VEND_SHELL_A -> SUB_PAYBACK_A -> EMP_FRAUD_A,VEND_SHELL_A,SUB_PAYBACK_A,0.0,Historical,92.08,450,Circular Fund Flow
254,batch_254_loop_3,3,EMP_FRAUD_A -> VEND_SHELL_A -> SUB_PAYBACK_A -> EMP_FRAUD_A,SUB_PAYBACK_A,EMP_FRAUD_A,0.0,Historical,85.94,450,Circular Fund Flow
255,batch_255_loop_1,1,EMP_FRAUD_C -> VEND_SHELL_C -> SUB_PAYBACK_C -> EMP_FRAUD_C,EMP_FRAUD_C,VEND_SHELL_C,0.0,Historical,92.36,442,Circular Fund Flow
255,batch_255_loop_1,2,EMP_FRAUD_C -> VEND_SHELL_C -> SUB_PAYBACK_C -> EMP_FRAUD_C,VEND_SHELL_C,SUB_PAYBACK_C,0.0,Historical,89.7,442,Circular Fund Flow
255,batch_255_loop_1,3,EMP_FRAUD_C -> VEND_SHELL_C -> SUB_PAYBACK_C -> EMP_FRAUD_C,SUB_PAYBACK_C,EMP_FRAUD_C,0.0,Historical,94.15,442,Circular Fund Flow
255,batch_255_loop_2,1,EMP_FRAUD_B -> VEND_SHELL_B -> SUB_PAYBACK_B -> EMP_FRAUD_B,EMP_FRAUD_B,VEND_SHELL_B,0.0,Historical,98.84,442,Circular Fund Flow
255,batch_255_loop_2,2,EMP_FRAUD_B -> VEND_SHELL_B -> SUB_PAYBACK_B -> EMP_FRAUD_B,VEND_SHELL_B,SUB_PAYBACK_B,0.0,Historical,97.26,442,Circular Fund Flow
255,batch_255_loop_2,3,EMP_FRAUD_B -> VEND_SHELL_B -> SUB_PAYBACK_B -> EMP_FRAUD_B,SUB_PAYBACK_B,EMP_FRAUD_B,0.0,Historical,89.98,442,Circular Fund Flow
255,batch_255_loop_3,1,EMP_FRAUD_A -> VEND_SHELL_A -> SUB_PAYBACK_A -> EMP_FRAUD_A,EMP_FRAUD_A,VEND_SHELL_A,0.0,Historical,97.9,442,Circular Fund Flow
255,batch_255_loop_3,2,EMP_FRAUD_A -> VEND_SHELL_A -> SUB_PAYBACK_A -> EMP_FRAUD_A,VEND_SHELL_A,SUB_PAYBACK_A,0.0,Historical,95.96,442,Circular Fund Flow
255,batch_255_loop_3,3,EMP_FRAUD_A -> VEND_SHELL_A -> SUB_PAYBACK_A -> EMP_FRAUD_A,SUB_PAYBACK_A,EMP_FRAUD_A,0.0,Historical,96.12,442,Circular Fund Flow
256,batch_256_loop_1,1,EMP_FRAUD_C -> VEND_SHELL_C -> SUB_PAYBACK_C -> EMP_FRAUD_C,EMP_FRAUD_C,VEND_SHELL_C,0.0,Historical,98.9,444,Circular Fund Flow
256,batch_256_loop_1,2,EMP_FRAUD_C -> VEND_SHELL_C -> SUB_PAYBACK_C -> EMP_FRAUD_C,VEND_SHELL_C,SUB_PAYBACK_C,0.0,Historical,93.87,444,Circular Fund Flow
256,batch_256_loop_1,3,EMP_FRAUD_C -> VEND_SHELL_C -> SUB_PAYBACK_C -> EMP_FRAUD_C,SUB_PAYBACK_C,EMP_FRAUD_C,0.0,Historical,88.77,444,Circular Fund Flow
256,batch_256_loop_2,1,EMP_FRAUD_B -> VEND_SHELL_B -> SUB_PAYBACK_B -> EMP_FRAUD_B,EMP_FRAUD_B,VEND_SHELL_B,0.0,Historical,95.46,444,Circular Fund Flow
256,batch_256_loop_2,2,EMP_FRAUD_B -> VEND_SHELL_B -> SUB_PAYBACK_B -> EMP_FRAUD_B,VEND_SHELL_B,SUB_PAYBACK_B,0.0,Historical,97.86,444,Circular Fund Flow
256,batch_256_loop_2,3,EMP_FRAUD_B -> VEND_SHELL_B -> SUB_PAYBACK_B -> EMP_FRAUD_B,SUB_PAYBACK_B,EMP_FRAUD_B,0.0,Historical,88.04,444,Circular Fund Flow
256,batch_256_loop_3,1,EMP_FRAUD_A -> VEND_SHELL_A -> SUB_PAYBACK_A -> EMP_FRAUD_A,EMP_FRAUD_A,VEND_SHELL_A,0.0,Historical,93.54,444,Circular Fund Flow
256,batch_256_loop_3,2,EMP_FRAUD_A -> VEND_SHELL_A -> SUB_PAYBACK_A -> EMP_FRAUD_A,VEND_SHELL_A,SUB_PAYBACK_A,0.0,Historical,95.38,444,Circular Fund Flow
256,batch_256_loop_3,3,EMP_FRAUD_A -> VEND_SHELL_A -> SUB_PAYBACK_A -> EMP_FRAUD_A,SUB_PAYBACK_A,EMP_FRAUD_A,0.0,Historical,92.0,444,Circular Fund Flow
257,batch_257_loop_1,1,EMP_FRAUD_C -> VEND_SHELL_C -> SUB_PAYBACK_C -> EMP_FRAUD_C,EMP_FRAUD_C,VEND_SHELL_C,0.0,Historical,94.84,447,Circular Fund Flow
257,batch_257_loop_1,2,EMP_FRAUD_C -> VEND_SHELL_C -> SUB_PAYBACK_C -> EMP_FRAUD_C,VEND_SHELL_C,SUB_PAYBACK_C,0.0,Historical,89.19,447,Circular Fund Flow
257,batch_257_loop_1,3,EMP_FRAUD_C -> VEND_SHELL_C -> SUB_PAYBACK_C -> EMP_FRAUD_C,SUB_PAYBACK_C,EMP_FRAUD_C,0.0,Historical,88.66,447,Circular Fund Flow
257,batch_257_loop_2,1,EMP_FRAUD_B -> VEND_SHELL_B -> SUB_PAYBACK_B -> EMP_FRAUD_B,EMP_FRAUD_B,VEND_SHELL_B,0.0,Historical,88.79,447,Circular Fund Flow
257,batch_257_loop_2,2,EMP_FRAUD_B -> VEND_SHELL_B -> SUB_PAYBACK_B -> EMP_FRAUD_B,VEND_SHELL_B,SUB_PAYBACK_B,0.0,Historical,92.02,447,Circular Fund Flow
257,batch_257_loop_2,3,EMP_FRAUD_B -> VEND_SHELL_B -> SUB_PAYBACK_B -> EMP_FRAUD_B,SUB_PAYBACK_B,EMP_FRAUD_B,0.0,Historical,90.79,447,Circular Fund Flow
257,batch_257_loop_3,1,EMP_FRAUD_A -> VEND_SHELL_A -> SUB_PAYBACK_A -> EMP_FRAUD_A,EMP_FRAUD_A,VEND_SHELL_A,0.0,Historical,95.62,447,Circular Fund Flow
257,batch_257_loop_3,2,EMP_FRAUD_A -> VEND_SHELL_A -> SUB_PAYBACK_A -> EMP_FRAUD_A,VEND_SHELL_A,SUB_PAYBACK_A,0.0,Historical,90.12,447,Circular Fund Flow
257,batch_257_loop_3,3,EMP_FRAUD_A -> VEND_SHELL_A -> SUB_PAYBACK_A -> EMP_FRAUD_A,SUB_PAYBACK_A,EMP_FRAUD_A,0.0,Historical,91.01,447,Circular Fund Flow
258,batch_258_loop_1,1,EMP_FRAUD_C -> VEND_SHELL_C -> SUB_PAYBACK_C -> EMP_FRAUD_C,EMP_FRAUD_C,VEND_SHELL_C,0.0,Historical,91.24,449,Circular Fund Flow
258,batch_258_loop_1,2,EMP_FRAUD_C -> VEND_SHELL_C -> SUB_PAYBACK_C -> EMP_FRAUD_C,VEND_SHELL_C,SUB_PAYBACK_C,0.0,Historical,94.78,449,Circular Fund Flow
258,batch_258_loop_1,3,EMP_FRAUD_C -> VEND_SHELL_C -> SUB_PAYBACK_C -> EMP_FRAUD_C,SUB_PAYBACK_C,EMP_FRAUD_C,0.0,Historical,89.81,449,Circular Fund Flow
258,batch_258_loop_2,1,EMP_FRAUD_B -> VEND_SHELL_B -> SUB_PAYBACK_B -> EMP_FRAUD_B,EMP_FRAUD_B,VEND_SHELL_B,0.0,Historical,85.74,449,Circular Fund Flow
258,batch_258_loop_2,2,EMP_FRAUD_B -> VEND_SHELL_B -> SUB_PAYBACK_B -> EMP_FRAUD_B,VEND_SHELL_B,SUB_PAYBACK_B,0.0,Historical,92.95,449,Circular Fund Flow
258,batch_258_loop_2,3,EMP_FRAUD_B -> VEND_SHELL_B -> SUB_PAYBACK_B -> EMP_FRAUD_B,SUB_PAYBACK_B,EMP_FRAUD_B,0.0,Historical,93.52,449,Circular Fund Flow
258,batch_258_loop_3,1,EMP_FRAUD_A -> VEND_SHELL_A -> SUB_PAYBACK_A -> EMP_FRAUD_A,EMP_FRAUD_A,VEND_SHELL_A,0.0,Historical,88.64,449,Circular Fund Flow
258,batch_258_loop_3,2,EMP_FRAUD_A -> VEND_SHELL_A -> SUB_PAYBACK_A -> EMP_FRAUD_A,VEND_SHELL_A,SUB_PAYBACK_A,0.0,Historical,85.43,449,Circular Fund Flow
258,batch_258_loop_3,3,EMP_FRAUD_A -> VEND_SHELL_A -> SUB_PAYBACK_A -> EMP_FRAUD_A,SUB_PAYBACK_A,EMP_FRAUD_A,0.0,Historical,97.66,449,Circular Fund Flow
259,batch_259_loop_1,1,EMP_FRAUD_C -> VEND_SHELL_C -> SUB_PAYBACK_C -> EMP_FRAUD_C,EMP_FRAUD_C,VEND_SHELL_C,0.0,Historical,97.0,457,Circular Fund Flow
259,batch_259_loop_1,2,EMP_FRAUD_C -> VEND_SHELL_C -> SUB_PAYBACK_C -> EMP_FRAUD_C,VEND_SHELL_C,SUB_PAYBACK_C,0.0,Historical,88.71,457,Circular Fund Flow
259,batch_259_loop_1,3,EMP_FRAUD_C -> VEND_SHELL_C -> SUB_PAYBACK_C -> EMP_FRAUD_C,SUB_PAYBACK_C,EMP_FRAUD_C,0.0,Historical,97.97,457,Circular Fund Flow
259,batch_259_loop_2,1,EMP_FRAUD_B -> VEND_SHELL_B -> SUB_PAYBACK_B -> EMP_FRAUD_B,EMP_FRAUD_B,VEND_SHELL_B,0.0,Historical,86.24,457,Circular Fund Flow
259,batch_259_loop_2,2,EMP_FRAUD_B -> VEND_SHELL_B -> SUB_PAYBACK_B -> EMP_FRAUD_B,VEND_SHELL_B,SUB_PAYBACK_B,0.0,Historical,87.71,457,Circular Fund Flow
259,batch_259_loop_2,3,EMP_FRAUD_B -> VEND_SHELL_B -> SUB_PAYBACK_B -> EMP_FRAUD_B,SUB_PAYBACK_B,EMP_FRAUD_B,0.0,Historical,93.1,457,Circular Fund Flow
259,batch_259_loop_3,1,EMP_FRAUD_A -> VEND_SHELL_A -> SUB_PAYBACK_A -> EMP_FRAUD_A,EMP_FRAUD_A,VEND_SHELL_A,0.0,Historical,85.65,457,Circular Fund Flow
259,batch_259_loop_3,2,EMP_FRAUD_A -> VEND_SHELL_A -> SUB_PAYBACK_A -> EMP_FRAUD_A,VEND_SHELL_A,SUB_PAYBACK_A,0.0,Historical,89.26,457,Circular Fund Flow
259,batch_259_loop_3,3,EMP_FRAUD_A -> VEND_SHELL_A -> SUB_PAYBACK_A -> EMP_FRAUD_A,SUB_PAYBACK_A,EMP_FRAUD_A,0.0,Historical,97.42,457,Circular Fund Flow
260,batch_260_loop_1,1,EMP_FRAUD_C -> VEND_SHELL_C -> SUB_PAYBACK_C -> EMP_FRAUD_C,EMP_FRAUD_C,VEND_SHELL_C,0.0,Historical,96.55,451,Circular Fund Flow
260,batch_260_loop_1,2,EMP_FRAUD_C -> VEND_SHELL_C -> SUB_PAYBACK_C -> EMP_FRAUD_C,VEND_SHELL_C,SUB_PAYBACK_C,0.0,Historical,96.0,451,Circular Fund Flow
260,batch_260_loop_1,3,EMP_FRAUD_C -> VEND_SHELL_C -> SUB_PAYBACK_C -> EMP_FRAUD_C,SUB_PAYBACK_C,EMP_FRAUD_C,0.0,Historical,92.05,451,Circular Fund Flow
260,batch_260_loop_2,1,EMP_FRAUD_B -> VEND_SHELL_B -> SUB_PAYBACK_B -> EMP_FRAUD_B,EMP_FRAUD_B,VEND_SHELL_B,0.0,Historical,86.46,451,Circular Fund Flow
260,batch_260_loop_2,2,EMP_FRAUD_B -> VEND_SHELL_B -> SUB_PAYBACK_B -> EMP_FRAUD_B,VEND_SHELL_B,SUB_PAYBACK_B,0.0,Historical,98.73,451,Circular Fund Flow
260,batch_260_loop_2,3,EMP_FRAUD_B -> VEND_SHELL_B -> SUB_PAYBACK_B -> EMP_FRAUD_B,SUB_PAYBACK_B,EMP_FRAUD_B,0.0,Historical,98.92,451,Circular Fund Flow
260,batch_260_loop_3,1,EMP_FRAUD_A -> VEND_SHELL_A -> SUB_PAYBACK_A -> EMP_FRAUD_A,EMP_FRAUD_A,VEND_SHELL_A,0.0,Historical,92.34,451,Circular Fund Flow
260,batch_260_loop_3,2,EMP_FRAUD_A -> VEND_SHELL_A -> SUB_PAYBACK_A -> EMP_FRAUD_A,VEND_SHELL_A,SUB_PAYBACK_A,0.0,Historical,87.89,451,Circular Fund Flow
260,batch_260_loop_3,3,EMP_FRAUD_A -> VEND_SHELL_A -> SUB_PAYBACK_A -> EMP_FRAUD_A,SUB_PAYBACK_A,EMP_FRAUD_A,0.0,Historical,85.12,451,Circular Fund Flow
261,batch_261_loop_1,1,EMP_FRAUD_C -> VEND_SHELL_C -> SUB_PAYBACK_C -> EMP_FRAUD_C,EMP_FRAUD_C,VEND_SHELL_C,0.0,Historical,90.51,453,Circular Fund Flow
261,batch_261_loop_1,2,EMP_FRAUD_C -> VEND_SHELL_C -> SUB_PAYBACK_C -> EMP_FRAUD_C,VEND_SHELL_C,SUB_PAYBACK_C,0.0,Historical,95.85,453,Circular Fund Flow
261,batch_261_loop_1,3,EMP_FRAUD_C -> VEND_SHELL_C -> SUB_PAYBACK_C -> EMP_FRAUD_C,SUB_PAYBACK_C,EMP_FRAUD_C,0.0,Historical,88.74,453,Circular Fund Flow
261,batch_261_loop_2,1,EMP_FRAUD_B -> VEND_SHELL_B -> SUB_PAYBACK_B -> EMP_FRAUD_B,EMP_FRAUD_B,VEND_SHELL_B,0.0,Historical,97.73,453,Circular Fund Flow
261,batch_261_loop_2,2,EMP_FRAUD_B -> VEND_SHELL_B -> SUB_PAYBACK_B -> EMP_FRAUD_B,VEND_SHELL_B,SUB_PAYBACK_B,0.0,Historical,94.37,453,Circular Fund Flow
261,batch_261_loop_2,3,EMP_FRAUD_B -> VEND_SHELL_B -> SUB_PAYBACK_B -> EMP_FRAUD_B,SUB_PAYBACK_B,EMP_FRAUD_B,0.0,Historical,98.4,453,Circular Fund Flow
261,batch_261_loop_3,1,EMP_FRAUD_A -> VEND_SHELL_A -> SUB_PAYBACK_A -> EMP_FRAUD_A,EMP_FRAUD_A,VEND_SHELL_A,0.0,Historical,87.69,453,Circular Fund Flow
261,batch_261_loop_3,2,EMP_FRAUD_A -> VEND_SHELL_A -> SUB_PAYBACK_A -> EMP_FRAUD_A,VEND_SHELL_A,SUB_PAYBACK_A,0.0,Historical,92.62,453,Circular Fund Flow
261,batch_261_loop_3,3,EMP_FRAUD_A -> VEND_SHELL_A -> SUB_PAYBACK_A -> EMP_FRAUD_A,SUB_PAYBACK_A,EMP_FRAUD_A,0.0,Historical,95.65,453,Circular Fund Flow
262,batch_262_loop_1,1,EMP_FRAUD_C -> VEND_SHELL_C -> SUB_PAYBACK_C -> EMP_FRAUD_C,EMP_FRAUD_C,VEND_SHELL_C,0.0,Historical,88.78,452,Circular Fund Flow
262,batch_262_loop_1,2,EMP_FRAUD_C -> VEND_SHELL_C -> SUB_PAYBACK_C -> EMP_FRAUD_C,VEND_SHELL_C,SUB_PAYBACK_C,0.0,Historical,97.27,452,Circular Fund Flow
262,batch_262_loop_1,3,EMP_FRAUD_C -> VEND_SHELL_C -> SUB_PAYBACK_C -> EMP_FRAUD_C,SUB_PAYBACK_C,EMP_FRAUD_C,0.0,Historical,89.99,452,Circular Fund Flow
262,batch_262_loop_2,1,EMP_FRAUD_B -> VEND_SHELL_B -> SUB_PAYBACK_B -> EMP_FRAUD_B,EMP_FRAUD_B,VEND_SHELL_B,0.0,Historical,88.54,452,Circular Fund Flow
262,batch_262_loop_2,2,EMP_FRAUD_B -> VEND_SHELL_B -> SUB_PAYBACK_B -> EMP_FRAUD_B,VEND_SHELL_B,SUB_PAYBACK_B,0.0,Historical,90.77,452,Circular Fund Flow
262,batch_262_loop_2,3,EMP_FRAUD_B -> VEND_SHELL_B -> SUB_PAYBACK_B -> EMP_FRAUD_B,SUB_PAYBACK_B,EMP_FRAUD_B,0.0,Historical,93.6,452,Circular Fund Flow
262,batch_262_loop_3,1,EMP_FRAUD_A -> VEND_SHELL_A -> SUB_PAYBACK_A -> EMP_FRAUD_A,EMP_FRAUD_A,VEND_SHELL_A,0.0,Historical,98.68,452,Circular Fund Flow
262,batch_262_loop_3,2,EMP_FRAUD_A -> VEND_SHELL_A -> SUB_PAYBACK_A -> EMP_FRAUD_A,VEND_SHELL_A,SUB_PAYBACK_A,0.0,Historical,90.99,452,Circular Fund Flow
262,batch_262_loop_3,3,EMP_FRAUD_A -> VEND_SHELL_A -> SUB_PAYBACK_A -> EMP_FRAUD_A,SUB_PAYBACK_A,EMP_FRAUD_A,0.0,Historical,86.6,452,Circular Fund Flow
263,batch_263_loop_1,1,EMP_FRAUD_C -> VEND_SHELL_C -> SUB_PAYBACK_C -> EMP_FRAUD_C,EMP_FRAUD_C,VEND_SHELL_C,0.0,Historical,94.86,452,Circular Fund Flow
263,batch_263_loop_1,2,EMP_FRAUD_C -> VEND_SHELL_C -> SUB_PAYBACK_C -> EMP_FRAUD_C,VEND_SHELL_C,SUB_PAYBACK_C,0.0,Historical,96.99,452,Circular Fund Flow
263,batch_263_loop_1,3,EMP_FRAUD_C -> VEND_SHELL_C -> SUB_PAYBACK_C -> EMP_FRAUD_C,SUB_PAYBACK_C,EMP_FRAUD_C,0.0,Historical,91.21,452,Circular Fund Flow
263,batch_263_loop_2,1,EMP_FRAUD_B -> VEND_SHELL_B -> SUB_PAYBACK_B -> EMP_FRAUD_B,EMP_FRAUD_B,VEND_SHELL_B,0.0,Historical,88.94,452,Circular Fund Flow
263,batch_263_loop_2,2,EMP_FRAUD_B -> VEND_SHELL_B -> SUB_PAYBACK_B -> EMP_FRAUD_B,VEND_SHELL_B,SUB_PAYBACK_B,0.0,Historical,85.47,452,Circular Fund Flow
263,batch_263_loop_2,3,EMP_FRAUD_B -> VEND_SHELL_B -> SUB_PAYBACK_B -> EMP_FRAUD_B,SUB_PAYBACK_B,EMP_FRAUD_B,0.0,Historical,88.46,452,Circular Fund Flow
263,batch_263_loop_3,1,EMP_FRAUD_A -> VEND_SHELL_A -> SUB_PAYBACK_A -> EMP_FRAUD_A,EMP_FRAUD_A,VEND_SHELL_A,0.0,Historical,96.24,452,Circular Fund Flow
263,batch_263_loop_3,2,EMP_FRAUD_A -> VEND_SHELL_A -> SUB_PAYBACK_A -> EMP_FRAUD_A,VEND_SHELL_A,SUB_PAYBACK_A,0.0,Historical,90.46,452,Circular Fund Flow
263,batch_263_loop_3,3,EMP_FRAUD_A -> VEND_SHELL_A -> SUB_PAYBACK_A -> EMP_FRAUD_A,SUB_PAYBACK_A,EMP_FRAUD_A,0.0,Historical,94.09,452,Circular Fund Flow
264,batch_264_loop_1,1,EMP_FRAUD_C -> VEND_SHELL_C -> SUB_PAYBACK_C -> EMP_FRAUD_C,EMP_FRAUD_C,VEND_SHELL_C,0.0,Historical,96.77,450,Circular Fund Flow
264,batch_264_loop_1,2,EMP_FRAUD_C -> VEND_SHELL_C -> SUB_PAYBACK_C -> EMP_FRAUD_C,VEND_SHELL_C,SUB_PAYBACK_C,0.0,Historical,95.92,450,Circular Fund Flow
264,batch_264_loop_1,3,EMP_FRAUD_C -> VEND_SHELL_C -> SUB_PAYBACK_C -> EMP_FRAUD_C,SUB_PAYBACK_C,EMP_FRAUD_C,0.0,Historical,88.46,450,Circular Fund Flow
264,batch_264_loop_2,1,EMP_FRAUD_B -> VEND_SHELL_B -> SUB_PAYBACK_B -> EMP_FRAUD_B,EMP_FRAUD_B,VEND_SHELL_B,0.0,Historical,86.77,450,Circular Fund Flow
264,batch_264_loop_2,2,EMP_FRAUD_B -> VEND_SHELL_B -> SUB_PAYBACK_B -> EMP_FRAUD_B,VEND_SHELL_B,SUB_PAYBACK_B,0.0,Historical,88.55,450,Circular Fund Flow
264,batch_264_loop_2,3,EMP_FRAUD_B -> VEND_SHELL_B -> SUB_PAYBACK_B -> EMP_FRAUD_B,SUB_PAYBACK_B,EMP_FRAUD_B,0.0,Historical,92.92,450,Circular Fund Flow
264,batch_264_loop_3,1,EMP_FRAUD_A -> VEND_SHELL_A -> SUB_PAYBACK_A -> EMP_FRAUD_A,EMP_FRAUD_A,VEND_SHELL_A,0.0,Historical,93.7,450,Circular Fund Flow
264,batch_264_loop_3,2,EMP_FRAUD_A -> VEND_SHELL_A -> SUB_PAYBACK_A -> EMP_FRAUD_A,VEND_SHELL_A,SUB_PAYBACK_A,0.0,Historical,93.24,450,Circular Fund Flow
264,batch_264_loop_3,3,EMP_FRAUD_A -> VEND_SHELL_A -> SUB_PAYBACK_A -> EMP_FRAUD_A,SUB_PAYBACK_A,EMP_FRAUD_A,0.0,Historical,97.07,450,Circular Fund Flow
265,batch_265_loop_1,1,EMP_FRAUD_C -> VEND_SHELL_C -> SUB_PAYBACK_C -> EMP_FRAUD_C,EMP_FRAUD_C,VEND_SHELL_C,0.0,Historical,93.51,449,Circular Fund Flow
265,batch_265_loop_1,2,EMP_FRAUD_C -> VEND_SHELL_C -> SUB_PAYBACK_C -> EMP_FRAUD_C,VEND_SHELL_C,SUB_PAYBACK_C,0.0,Historical,94.23,449,Circular Fund Flow
265,batch_265_loop_1,3,EMP_FRAUD_C -> VEND_SHELL_C -> SUB_PAYBACK_C -> EMP_FRAUD_C,SUB_PAYBACK_C,EMP_FRAUD_C,0.0,Historical,96.43,449,Circular Fund Flow
265,batch_265_loop_2,1,EMP_FRAUD_B -> VEND_SHELL_B -> SUB_PAYBACK_B -> EMP_FRAUD_B,EMP_FRAUD_B,VEND_SHELL_B,0.0,Historical,95.64,449,Circular Fund Flow
265,batch_265_loop_2,2,EMP_FRAUD_B -> VEND_SHELL_B -> SUB_PAYBACK_B -> EMP_FRAUD_B,VEND_SHELL_B,SUB_PAYBACK_B,0.0,Historical,92.58,449,Circular Fund Flow
265,batch_265_loop_2,3,EMP_FRAUD_B -> VEND_SHELL_B -> SUB_PAYBACK_B -> EMP_FRAUD_B,SUB_PAYBACK_B,EMP_FRAUD_B,0.0,Historical,90.68,449,Circular Fund Flow
265,batch_265_loop_3,1,EMP_FRAUD_A -> VEND_SHELL_A -> SUB_PAYBACK_A -> EMP_FRAUD_A,EMP_FRAUD_A,VEND_SHELL_A,0.0,Historical,87.69,449,Circular Fund Flow
265,batch_265_loop_3,2,EMP_FRAUD_A -> VEND_SHELL_A -> SUB_PAYBACK_A -> EMP_FRAUD_A,VEND_SHELL_A,SUB_PAYBACK_A,0.0,Historical,92.97,449,Circular Fund Flow
265,batch_265_loop_3,3,EMP_FRAUD_A -> VEND_SHELL_A -> SUB_PAYBACK_A -> EMP_FRAUD_A,SUB_PAYBACK_A,EMP_FRAUD_A,0.0,Historical,97.65,449,Circular Fund Flow
266,batch_266_loop_1,1,EMP_FRAUD_C -> VEND_SHELL_C -> SUB_PAYBACK_C -> EMP_FRAUD_C,EMP_FRAUD_C,VEND_SHELL_C,0.0,Historical,91.58,450,Circular Fund Flow
266,batch_266_loop_1,2,EMP_FRAUD_C -> VEND_SHELL_C -> SUB_PAYBACK_C -> EMP_FRAUD_C,VEND_SHELL_C,SUB_PAYBACK_C,0.0,Historical,95.61,450,Circular Fund Flow
266,batch_266_loop_1,3,EMP_FRAUD_C -> VEND_SHELL_C -> SUB_PAYBACK_C -> EMP_FRAUD_C,SUB_PAYBACK_C,EMP_FRAUD_C,0.0,Historical,92.0,450,Circular Fund Flow
266,batch_266_loop_2,1,EMP_FRAUD_B -> VEND_SHELL_B -> SUB_PAYBACK_B -> EMP_FRAUD_B,EMP_FRAUD_B,VEND_SHELL_B,0.0,Historical,96.89,450,Circular Fund Flow
266,batch_266_loop_2,2,EMP_FRAUD_B -> VEND_SHELL_B -> SUB_PAYBACK_B -> EMP_FRAUD_B,VEND_SHELL_B,SUB_PAYBACK_B,0.0,Historical,94.65,450,Circular Fund Flow
266,batch_266_loop_2,3,EMP_FRAUD_B -> VEND_SHELL_B -> SUB_PAYBACK_B -> EMP_FRAUD_B,SUB_PAYBACK_B,EMP_FRAUD_B,0.0,Historical,91.95,450,Circular Fund Flow
266,batch_266_loop_3,1,EMP_FRAUD_A -> VEND_SHELL_A -> SUB_PAYBACK_A -> EMP_FRAUD_A,EMP_FRAUD_A,VEND_SHELL_A,0.0,Historical,95.35,450,Circular Fund Flow
266,batch_266_loop_3,2,EMP_FRAUD_A -> VEND_SHELL_A -> SUB_PAYBACK_A -> EMP_FRAUD_A,VEND_SHELL_A,SUB_PAYBACK_A,0.0,Historical,97.41,450,Circular Fund Flow
266,batch_266_loop_3,3,EMP_FRAUD_A -> VEND_SHELL_A -> SUB_PAYBACK_A -> EMP_FRAUD_A,SUB_PAYBACK_A,EMP_FRAUD_A,0.0,Historical,98.4,450,Circular Fund Flow
267,batch_267_loop_1,1,EMP_FRAUD_C -> VEND_SHELL_C -> SUB_PAYBACK_C -> EMP_FRAUD_C,EMP_FRAUD_C,VEND_SHELL_C,0.0,Historical,90.3,452,Circular Fund Flow
267,batch_267_loop_1,2,EMP_FRAUD_C -> VEND_SHELL_C -> SUB_PAYBACK_C -> EMP_FRAUD_C,VEND_SHELL_C,SUB_PAYBACK_C,0.0,Historical,94.83,452,Circular Fund Flow
267,batch_267_loop_1,3,EMP_FRAUD_C -> VEND_SHELL_C -> SUB_PAYBACK_C -> EMP_FRAUD_C,SUB_PAYBACK_C,EMP_FRAUD_C,0.0,Historical,95.51,452,Circular Fund Flow
267,batch_267_loop_2,1,EMP_FRAUD_B -> VEND_SHELL_B -> SUB_PAYBACK_B -> EMP_FRAUD_B,EMP_FRAUD_B,VEND_SHELL_B,0.0,Historical,96.91,452,Circular Fund Flow
267,batch_267_loop_2,2,EMP_FRAUD_B -> VEND_SHELL_B -> SUB_PAYBACK_B -> EMP_FRAUD_B,VEND_SHELL_B,SUB_PAYBACK_B,0.0,Historical,92.94,452,Circular Fund Flow
267,batch_267_loop_2,3,EMP_FRAUD_B -> VEND_SHELL_B -> SUB_PAYBACK_B -> EMP_FRAUD_B,SUB_PAYBACK_B,EMP_FRAUD_B,0.0,Historical,87.36,452,Circular Fund Flow
267,batch_267_loop_3,1,EMP_FRAUD_A -> VEND_SHELL_A -> SUB_PAYBACK_A -> EMP_FRAUD_A,EMP_FRAUD_A,VEND_SHELL_A,0.0,Historical,92.78,452,Circular Fund Flow
267,batch_267_loop_3,2,EMP_FRAUD_A -> VEND_SHELL_A -> SUB_PAYBACK_A -> EMP_FRAUD_A,VEND_SHELL_A,SUB_PAYBACK_A,0.0,Historical,95.29,452,Circular Fund Flow
267,batch_267_loop_3,3,EMP_FRAUD_A -> VEND_SHELL_A -> SUB_PAYBACK_A -> EMP_FRAUD_A,SUB_PAYBACK_A,EMP_FRAUD_A,0.0,Historical,93.93,452,Circular Fund Flow
268,batch_268_loop_1,1,EMP_FRAUD_C -> VEND_SHELL_C -> SUB_PAYBACK_C -> EMP_FRAUD_C,EMP_FRAUD_C,VEND_SHELL_C,11968.02,2026-04-18T06:27:42Z,100.0,454,Circular Fund Flow
268,batch_268_loop_1,2,EMP_FRAUD_C -> VEND_SHELL_C -> SUB_PAYBACK_C -> EMP_FRAUD_C,VEND_SHELL_C,SUB_PAYBACK_C,9157.75,2026-04-18T06:27:42Z,100.0,454,Circular Fund Flow
268,batch_268_loop_1,3,EMP_FRAUD_C -> VEND_SHELL_C -> SUB_PAYBACK_C -> EMP_FRAUD_C,SUB_PAYBACK_C,EMP_FRAUD_C,9590.06,2026-04-18T06:27:42Z,100.0,454,Circular Fund Flow
268,batch_268_loop_2,1,EMP_FRAUD_B -> VEND_SHELL_B -> SUB_PAYBACK_B -> EMP_FRAUD_B,EMP_FRAUD_B,VEND_SHELL_B,14163.69,2026-04-18T06:27:42Z,100.0,454,Circular Fund Flow
268,batch_268_loop_2,2,EMP_FRAUD_B -> VEND_SHELL_B -> SUB_PAYBACK_B -> EMP_FRAUD_B,VEND_SHELL_B,SUB_PAYBACK_B,13123.31,2026-04-18T06:27:42Z,100.0,454,Circular Fund Flow
268,batch_268_loop_2,3,EMP_FRAUD_B -> VEND_SHELL_B -> SUB_PAYBACK_B -> EMP_FRAUD_B,SUB_PAYBACK_B,EMP_FRAUD_B,8731.25,2026-04-18T06:27:42Z,100.0,454,Circular Fund Flow
268,batch_268_loop_3,1,EMP_FRAUD_A -> VEND_SHELL_A -> SUB_PAYBACK_A -> EMP_FRAUD_A,EMP_FRAUD_A,VEND_SHELL_A,13237.47,2026-04-18T06:27:42Z,100.0,454,Circular Fund Flow
268,batch_268_loop_3,2,EMP_FRAUD_A -> VEND_SHELL_A -> SUB_PAYBACK_A -> EMP_FRAUD_A,VEND_SHELL_A,SUB_PAYBACK_A,9604.63,2026-04-18T06:27:42Z,100.0,454,Circular Fund Flow
268,batch_268_loop_3,3,EMP_FRAUD_A -> VEND_SHELL_A -> SUB_PAYBACK_A -> EMP_FRAUD_A,SUB_PAYBACK_A,EMP_FRAUD_A,12834.28,2026-04-18T06:27:42Z,100.0,454,Circular Fund Flow
269,batch_269_loop_1,1,EMP_FRAUD_C -> VEND_SHELL_C -> SUB_PAYBACK_C -> EMP_FRAUD_C,EMP_FRAUD_C,VEND_SHELL_C,0.0,Historical,98.63,461,Circular Fund Flow
269,batch_269_loop_1,2,EMP_FRAUD_C -> VEND_SHELL_C -> SUB_PAYBACK_C -> EMP_FRAUD_C,VEND_SHELL_C,SUB_PAYBACK_C,0.0,Historical,94.72,461,Circular Fund Flow
269,batch_269_loop_1,3,EMP_FRAUD_C -> VEND_SHELL_C -> SUB_PAYBACK_C -> EMP_FRAUD_C,SUB_PAYBACK_C,EMP_FRAUD_C,0.0,Historical,88.99,461,Circular Fund Flow
269,batch_269_loop_2,1,EMP_FRAUD_B -> VEND_SHELL_B -> SUB_PAYBACK_B -> EMP_FRAUD_B,EMP_FRAUD_B,VEND_SHELL_B,0.0,Historical,85.88,461,Circular Fund Flow
269,batch_269_loop_2,2,EMP_FRAUD_B -> VEND_SHELL_B -> SUB_PAYBACK_B -> EMP_FRAUD_B,VEND_SHELL_B,SUB_PAYBACK_B,0.0,Historical,89.71,461,Circular Fund Flow
269,batch_269_loop_2,3,EMP_FRAUD_B -> VEND_SHELL_B -> SUB_PAYBACK_B -> EMP_FRAUD_B,SUB_PAYBACK_B,EMP_FRAUD_B,0.0,Historical,86.56,461,Circular Fund Flow
269,batch_269_loop_3,1,EMP_FRAUD_A -> VEND_SHELL_A -> SUB_PAYBACK_A -> EMP_FRAUD_A,EMP_FRAUD_A,VEND_SHELL_A,0.0,Historical,90.85,461,Circular Fund Flow
269,batch_269_loop_3,2,EMP_FRAUD_A -> VEND_SHELL_A -> SUB_PAYBACK_A -> EMP_FRAUD_A,VEND_SHELL_A,SUB_PAYBACK_A,0.0,Historical,87.82,461,Circular Fund Flow
269,batch_269_loop_3,3,EMP_FRAUD_A -> VEND_SHELL_A -> SUB_PAYBACK_A -> EMP_FRAUD_A,SUB_PAYBACK_A,EMP_FRAUD_A,0.0,Historical,91.03,461,Circular Fund Flow
270,batch_270_loop_1,1,EMP_FRAUD_C -> VEND_SHELL_C -> SUB_PAYBACK_C -> EMP_FRAUD_C,EMP_FRAUD_C,VEND_SHELL_C,0.0,Historical,90.92,459,Circular Fund Flow
270,batch_270_loop_1,2,EMP_FRAUD_C -> VEND_SHELL_C -> SUB_PAYBACK_C -> EMP_FRAUD_C,VEND_SHELL_C,SUB_PAYBACK_C,0.0,Historical,91.7,459,Circular Fund Flow
270,batch_270_loop_1,3,EMP_FRAUD_C -> VEND_SHELL_C -> SUB_PAYBACK_C -> EMP_FRAUD_C,SUB_PAYBACK_C,EMP_FRAUD_C,0.0,Historical,96.88,459,Circular Fund Flow
270,batch_270_loop_2,1,EMP_FRAUD_B -> VEND_SHELL_B -> SUB_PAYBACK_B -> EMP_FRAUD_B,EMP_FRAUD_B,VEND_SHELL_B,0.0,Historical,94.4,459,Circular Fund Flow
270,batch_270_loop_2,2,EMP_FRAUD_B -> VEND_SHELL_B -> SUB_PAYBACK_B -> EMP_FRAUD_B,VEND_SHELL_B,SUB_PAYBACK_B,0.0,Historical,89.17,459,Circular Fund Flow
270,batch_270_loop_2,3,EMP_FRAUD_B -> VEND_SHELL_B -> SUB_PAYBACK_B -> EMP_FRAUD_B,SUB_PAYBACK_B,EMP_FRAUD_B,0.0,Historical,89.0,459,Circular Fund Flow
270,batch_270_loop_3,1,EMP_FRAUD_A -> VEND_SHELL_A -> SUB_PAYBACK_A -> EMP_FRAUD_A,EMP_FRAUD_A,VEND_SHELL_A,0.0,Historical,86.0,459,Circular Fund Flow
270,batch_270_loop_3,2,EMP_FRAUD_A -> VEND_SHELL_A -> SUB_PAYBACK_A -> EMP_FRAUD_A,VEND_SHELL_A,SUB_PAYBACK_A,0.0,Historical,93.61,459,Circular Fund Flow
270,batch_270_loop_3,3,EMP_FRAUD_A -> VEND_SHELL_A -> SUB_PAYBACK_A -> EMP_FRAUD_A,SUB_PAYBACK_A,EMP_FRAUD_A,0.0,Historical,92.61,459,Circular Fund Flow
271,batch_271_loop_1,1,EMP_FRAUD_C -> VEND_SHELL_C -> SUB_PAYBACK_C -> EMP_FRAUD_C,EMP_FRAUD_C,VEND_SHELL_C,0.0,Historical,95.4,462,Circular Fund Flow
271,batch_271_loop_1,2,EMP_FRAUD_C -> VEND_SHELL_C -> SUB_PAYBACK_C -> EMP_FRAUD_C,VEND_SHELL_C,SUB_PAYBACK_C,0.0,Historical,91.17,462,Circular Fund Flow
271,batch_271_loop_1,3,EMP_FRAUD_C -> VEND_SHELL_C -> SUB_PAYBACK_C -> EMP_FRAUD_C,SUB_PAYBACK_C,EMP_FRAUD_C,0.0,Historical,95.34,462,Circular Fund Flow
271,batch_271_loop_2,1,EMP_FRAUD_B -> VEND_SHELL_B -> SUB_PAYBACK_B -> EMP_FRAUD_B,EMP_FRAUD_B,VEND_SHELL_B,0.0,Historical,93.51,462,Circular Fund Flow
271,batch_271_loop_2,2,EMP_FRAUD_B -> VEND_SHELL_B -> SUB_PAYBACK_B -> EMP_FRAUD_B,VEND_SHELL_B,SUB_PAYBACK_B,0.0,Historical,91.03,462,Circular Fund Flow
271,batch_271_loop_2,3,EMP_FRAUD_B -> VEND_SHELL_B -> SUB_PAYBACK_B -> EMP_FRAUD_B,SUB_PAYBACK_B,EMP_FRAUD_B,0.0,Historical,94.36,462,Circular Fund Flow
271,batch_271_loop_3,1,EMP_FRAUD_A -> VEND_SHELL_A -> SUB_PAYBACK_A -> EMP_FRAUD_A,EMP_FRAUD_A,VEND_SHELL_A,0.0,Historical,93.95,462,Circular Fund Flow
271,batch_271_loop_3,2,EMP_FRAUD_A -> VEND_SHELL_A -> SUB_PAYBACK_A -> EMP_FRAUD_A,VEND_SHELL_A,SUB_PAYBACK_A,0.0,Historical,90.88,462,Circular Fund Flow
271,batch_271_loop_3,3,EMP_FRAUD_A -> VEND_SHELL_A -> SUB_PAYBACK_A -> EMP_FRAUD_A,SUB_PAYBACK_A,EMP_FRAUD_A,0.0,Historical,86.24,462,Circular Fund Flow
272,batch_272_loop_1,1,EMP_FRAUD_C -> VEND_SHELL_C -> SUB_PAYBACK_C -> EMP_FRAUD_C,EMP_FRAUD_C,VEND_SHELL_C,0.0,Historical,87.94,459,Circular Fund Flow
272,batch_272_loop_1,2,EMP_FRAUD_C -> VEND_SHELL_C -> SUB_PAYBACK_C -> EMP_FRAUD_C,VEND_SHELL_C,SUB_PAYBACK_C,0.0,Historical,97.53,459,Circular Fund Flow
272,batch_272_loop_1,3,EMP_FRAUD_C -> VEND_SHELL_C -> SUB_PAYBACK_C -> EMP_FRAUD_C,SUB_PAYBACK_C,EMP_FRAUD_C,0.0,Historical,97.01,459,Circular Fund Flow
272,batch_272_loop_2,1,EMP_FRAUD_B -> VEND_SHELL_B -> SUB_PAYBACK_B -> EMP_FRAUD_B,EMP_FRAUD_B,VEND_SHELL_B,0.0,Historical,94.91,459,Circular Fund Flow
272,batch_272_loop_2,2,EMP_FRAUD_B -> VEND_SHELL_B -> SUB_PAYBACK_B -> EMP_FRAUD_B,VEND_SHELL_B,SUB_PAYBACK_B,0.0,Historical,92.06,459,Circular Fund Flow
272,batch_272_loop_2,3,EMP_FRAUD_B -> VEND_SHELL_B -> SUB_PAYBACK_B -> EMP_FRAUD_B,SUB_PAYBACK_B,EMP_FRAUD_B,0.0,Historical,97.07,459,Circular Fund Flow
272,batch_272_loop_3,1,EMP_FRAUD_A -> VEND_SHELL_A -> SUB_PAYBACK_A -> EMP_FRAUD_A,EMP_FRAUD_A,VEND_SHELL_A,0.0,Historical,90.92,459,Circular Fund Flow
272,batch_272_loop_3,2,EMP_FRAUD_A -> VEND_SHELL_A -> SUB_PAYBACK_A -> EMP_FRAUD_A,VEND_SHELL_A,SUB_PAYBACK_A,0.0,Historical,96.12,459,Circular Fund Flow
272,batch_272_loop_3,3,EMP_FRAUD_A -> VEND_SHELL_A -> SUB_PAYBACK_A -> EMP_FRAUD_A,SUB_PAYBACK_A,EMP_FRAUD_A,0.0,Historical,87.76,459,Circular Fund Flow
273,batch_273_loop_1,1,EMP_FRAUD_C -> VEND_SHELL_C -> SUB_PAYBACK_C -> EMP_FRAUD_C,EMP_FRAUD_C,VEND_SHELL_C,0.0,Historical,90.17,460,Circular Fund Flow
273,batch_273_loop_1,2,EMP_FRAUD_C -> VEND_SHELL_C -> SUB_PAYBACK_C -> EMP_FRAUD_C,VEND_SHELL_C,SUB_PAYBACK_C,0.0,Historical,86.94,460,Circular Fund Flow
273,batch_273_loop_1,3,EMP_FRAUD_C -> VEND_SHELL_C -> SUB_PAYBACK_C -> EMP_FRAUD_C,SUB_PAYBACK_C,EMP_FRAUD_C,0.0,Historical,85.42,460,Circular Fund Flow
273,batch_273_loop_2,1,EMP_FRAUD_B -> VEND_SHELL_B -> SUB_PAYBACK_B -> EMP_FRAUD_B,EMP_FRAUD_B,VEND_SHELL_B,0.0,Historical,92.03,460,Circular Fund Flow
273,batch_273_loop_2,2,EMP_FRAUD_B -> VEND_SHELL_B -> SUB_PAYBACK_B -> EMP_FRAUD_B,VEND_SHELL_B,SUB_PAYBACK_B,0.0,Historical,89.7,460,Circular Fund Flow
273,batch_273_loop_2,3,EMP_FRAUD_B -> VEND_SHELL_B -> SUB_PAYBACK_B -> EMP_FRAUD_B,SUB_PAYBACK_B,EMP_FRAUD_B,0.0,Historical,96.87,460,Circular Fund Flow
273,batch_273_loop_3,1,EMP_FRAUD_A -> VEND_SHELL_A -> SUB_PAYBACK_A -> EMP_FRAUD_A,EMP_FRAUD_A,VEND_SHELL_A,0.0,Historical,88.47,460,Circular Fund Flow
273,batch_273_loop_3,2,EMP_FRAUD_A -> VEND_SHELL_A -> SUB_PAYBACK_A -> EMP_FRAUD_A,VEND_SHELL_A,SUB_PAYBACK_A,0.0,Historical,90.91,460,Circular Fund Flow
273,batch_273_loop_3,3,EMP_FRAUD_A -> VEND_SHELL_A -> SUB_PAYBACK_A -> EMP_FRAUD_A,SUB_PAYBACK_A,EMP_FRAUD_A,0.0,Historical,85.35,460,Circular Fund Flow
274,batch_274_loop_1,1,EMP_FRAUD_C -> VEND_SHELL_C -> SUB_PAYBACK_C -> EMP_FRAUD_C,EMP_FRAUD_C,VEND_SHELL_C,0.0,Historical,97.44,462,Circular Fund Flow
274,batch_274_loop_1,2,EMP_FRAUD_C -> VEND_SHELL_C -> SUB_PAYBACK_C -> EMP_FRAUD_C,VEND_SHELL_C,SUB_PAYBACK_C,0.0,Historical,85.43,462,Circular Fund Flow
274,batch_274_loop_1,3,EMP_FRAUD_C -> VEND_SHELL_C -> SUB_PAYBACK_C -> EMP_FRAUD_C,SUB_PAYBACK_C,EMP_FRAUD_C,0.0,Historical,98.85,462,Circular Fund Flow
274,batch_274_loop_2,1,EMP_FRAUD_B -> VEND_SHELL_B -> SUB_PAYBACK_B -> EMP_FRAUD_B,EMP_FRAUD_B,VEND_SHELL_B,0.0,Historical,85.47,462,Circular Fund Flow
274,batch_274_loop_2,2,EMP_FRAUD_B -> VEND_SHELL_B -> SUB_PAYBACK_B -> EMP_FRAUD_B,VEND_SHELL_B,SUB_PAYBACK_B,0.0,Historical,97.03,462,Circular Fund Flow
274,batch_274_loop_2,3,EMP_FRAUD_B -> VEND_SHELL_B -> SUB_PAYBACK_B -> EMP_FRAUD_B,SUB_PAYBACK_B,EMP_FRAUD_B,0.0,Historical,90.15,462,Circular Fund Flow
274,batch_274_loop_3,1,EMP_FRAUD_A -> VEND_SHELL_A -> SUB_PAYBACK_A -> EMP_FRAUD_A,EMP_FRAUD_A,VEND_SHELL_A,0.0,Historical,88.04,462,Circular Fund Flow
274,batch_274_loop_3,2,EMP_FRAUD_A -> VEND_SHELL_A -> SUB_PAYBACK_A -> EMP_FRAUD_A,VEND_SHELL_A,SUB_PAYBACK_A,0.0,Historical,90.17,462,Circular Fund Flow
274,batch_274_loop_3,3,EMP_FRAUD_A -> VEND_SHELL_A -> SUB_PAYBACK_A -> EMP_FRAUD_A,SUB_PAYBACK_A,EMP_FRAUD_A,0.0,Historical,95.0,462,Circular Fund Flow
275,batch_275_loop_1,1,EMP_FRAUD_C -> VEND_SHELL_C -> SUB_PAYBACK_C -> EMP_FRAUD_C,EMP_FRAUD_C,VEND_SHELL_C,0.0,Historical,88.05,463,Circular Fund Flow
275,batch_275_loop_1,2,EMP_FRAUD_C -> VEND_SHELL_C -> SUB_PAYBACK_C -> EMP_FRAUD_C,VEND_SHELL_C,SUB_PAYBACK_C,0.0,Historical,90.99,463,Circular Fund Flow
275,batch_275_loop_1,3,EMP_FRAUD_C -> VEND_SHELL_C -> SUB_PAYBACK_C -> EMP_FRAUD_C,SUB_PAYBACK_C,EMP_FRAUD_C,0.0,Historical,91.79,463,Circular Fund Flow
275,batch_275_loop_2,1,EMP_FRAUD_B -> VEND_SHELL_B -> SUB_PAYBACK_B -> EMP_FRAUD_B,EMP_FRAUD_B,VEND_SHELL_B,0.0,Historical,90.95,463,Circular Fund Flow
275,batch_275_loop_2,2,EMP_FRAUD_B -> VEND_SHELL_B -> SUB_PAYBACK_B -> EMP_FRAUD_B,VEND_SHELL_B,SUB_PAYBACK_B,0.0,Historical,90.32,463,Circular Fund Flow
275,batch_275_loop_2,3,EMP_FRAUD_B -> VEND_SHELL_B -> SUB_PAYBACK_B -> EMP_FRAUD_B,SUB_PAYBACK_B,EMP_FRAUD_B,0.0,Historical,90.11,463,Circular Fund Flow
275,batch_275_loop_3,1,EMP_FRAUD_A -> VEND_SHELL_A -> SUB_PAYBACK_A -> EMP_FRAUD_A,EMP_FRAUD_A,VEND_SHELL_A,0.0,Historical,96.33,463,Circular Fund Flow
275,batch_275_loop_3,2,EMP_FRAUD_A -> VEND_SHELL_A -> SUB_PAYBACK_A -> EMP_FRAUD_A,VEND_SHELL_A,SUB_PAYBACK_A,0.0,Historical,97.79,463,Circular Fund Flow
275,batch_275_loop_3,3,EMP_FRAUD_A -> VEND_SHELL_A -> SUB_PAYBACK_A -> EMP_FRAUD_A,SUB_PAYBACK_A,EMP_FRAUD_A,0.0,Historical,90.66,463,Circular Fund Flow
276,batch_276_loop_1,1,EMP_FRAUD_C -> VEND_SHELL_C -> SUB_PAYBACK_C -> EMP_FRAUD_C,EMP_FRAUD_C,VEND_SHELL_C,0.0,Historical,97.57,460,Circular Fund Flow
276,batch_276_loop_1,2,EMP_FRAUD_C -> VEND_SHELL_C -> SUB_PAYBACK_C -> EMP_FRAUD_C,VEND_SHELL_C,SUB_PAYBACK_C,0.0,Historical,97.37,460,Circular Fund Flow
276,batch_276_loop_1,3,EMP_FRAUD_C -> VEND_SHELL_C -> SUB_PAYBACK_C -> EMP_FRAUD_C,SUB_PAYBACK_C,EMP_FRAUD_C,0.0,Historical,93.46,460,Circular Fund Flow
276,batch_276_loop_2,1,EMP_FRAUD_B -> VEND_SHELL_B -> SUB_PAYBACK_B -> EMP_FRAUD_B,EMP_FRAUD_B,VEND_SHELL_B,0.0,Historical,93.81,460,Circular Fund Flow
276,batch_276_loop_2,2,EMP_FRAUD_B -> VEND_SHELL_B -> SUB_PAYBACK_B -> EMP_FRAUD_B,VEND_SHELL_B,SUB_PAYBACK_B,0.0,Historical,85.88,460,Circular Fund Flow
276,batch_276_loop_2,3,EMP_FRAUD_B -> VEND_SHELL_B -> SUB_PAYBACK_B -> EMP_FRAUD_B,SUB_PAYBACK_B,EMP_FRAUD_B,0.0,Historical,93.63,460,Circular Fund Flow
276,batch_276_loop_3,1,EMP_FRAUD_A -> VEND_SHELL_A -> SUB_PAYBACK_A -> EMP_FRAUD_A,EMP_FRAUD_A,VEND_SHELL_A,0.0,Historical,95.99,460,Circular Fund Flow
276,batch_276_loop_3,2,EMP_FRAUD_A -> VEND_SHELL_A -> SUB_PAYBACK_A -> EMP_FRAUD_A,VEND_SHELL_A,SUB_PAYBACK_A,0.0,Historical,93.56,460,Circular Fund Flow
276,batch_276_loop_3,3,EMP_FRAUD_A -> VEND_SHELL_A -> SUB_PAYBACK_A -> EMP_FRAUD_A,SUB_PAYBACK_A,EMP_FRAUD_A,0.0,Historical,89.63,460,Circular Fund Flow
277,batch_277_loop_1,1,EMP_FRAUD_C -> VEND_SHELL_C -> SUB_PAYBACK_C -> EMP_FRAUD_C,EMP_FRAUD_C,VEND_SHELL_C,0.0,Historical,97.15,460,Circular Fund Flow
277,batch_277_loop_1,2,EMP_FRAUD_C -> VEND_SHELL_C -> SUB_PAYBACK_C -> EMP_FRAUD_C,VEND_SHELL_C,SUB_PAYBACK_C,0.0,Historical,91.42,460,Circular Fund Flow
277,batch_277_loop_1,3,EMP_FRAUD_C -> VEND_SHELL_C -> SUB_PAYBACK_C -> EMP_FRAUD_C,SUB_PAYBACK_C,EMP_FRAUD_C,0.0,Historical,96.03,460,Circular Fund Flow
277,batch_277_loop_2,1,EMP_FRAUD_B -> VEND_SHELL_B -> SUB_PAYBACK_B -> EMP_FRAUD_B,EMP_FRAUD_B,VEND_SHELL_B,0.0,Historical,91.53,460,Circular Fund Flow
277,batch_277_loop_2,2,EMP_FRAUD_B -> VEND_SHELL_B -> SUB_PAYBACK_B -> EMP_FRAUD_B,VEND_SHELL_B,SUB_PAYBACK_B,0.0,Historical,87.62,460,Circular Fund Flow
277,batch_277_loop_2,3,EMP_FRAUD_B -> VEND_SHELL_B -> SUB_PAYBACK_B -> EMP_FRAUD_B,SUB_PAYBACK_B,EMP_FRAUD_B,0.0,Historical,86.52,460,Circular Fund Flow
277,batch_277_loop_3,1,EMP_FRAUD_A -> VEND_SHELL_A -> SUB_PAYBACK_A -> EMP_FRAUD_A,EMP_FRAUD_A,VEND_SHELL_A,0.0,Historical,93.13,460,Circular Fund Flow
277,batch_277_loop_3,2,EMP_FRAUD_A -> VEND_SHELL_A -> SUB_PAYBACK_A -> EMP_FRAUD_A,VEND_SHELL_A,SUB_PAYBACK_A,0.0,Historical,95.15,460,Circular Fund Flow
277,batch_277_loop_3,3,EMP_FRAUD_A -> VEND_SHELL_A -> SUB_PAYBACK_A -> EMP_FRAUD_A,SUB_PAYBACK_A,EMP_FRAUD_A,0.0,Historical,90.72,460,Circular Fund Flow
278,batch_278_loop_1,1,EMP_FRAUD_C -> VEND_SHELL_C -> SUB_PAYBACK_C -> EMP_FRAUD_C,EMP_FRAUD_C,VEND_SHELL_C,0.0,Historical,96.38,447,Circular Fund Flow
278,batch_278_loop_1,2,EMP_FRAUD_C -> VEND_SHELL_C -> SUB_PAYBACK_C -> EMP_FRAUD_C,VEND_SHELL_C,SUB_PAYBACK_C,0.0,Historical,90.08,447,Circular Fund Flow
278,batch_278_loop_1,3,EMP_FRAUD_C -> VEND_SHELL_C -> SUB_PAYBACK_C -> EMP_FRAUD_C,SUB_PAYBACK_C,EMP_FRAUD_C,0.0,Historical,93.43,447,Circular Fund Flow
278,batch_278_loop_2,1,EMP_FRAUD_B -> VEND_SHELL_B -> SUB_PAYBACK_B -> EMP_FRAUD_B,EMP_FRAUD_B,VEND_SHELL_B,0.0,Historical,91.16,447,Circular Fund Flow
278,batch_278_loop_2,2,EMP_FRAUD_B -> VEND_SHELL_B -> SUB_PAYBACK_B -> EMP_FRAUD_B,VEND_SHELL_B,SUB_PAYBACK_B,0.0,Historical,89.91,447,Circular Fund Flow
278,batch_278_loop_2,3,EMP_FRAUD_B -> VEND_SHELL_B -> SUB_PAYBACK_B -> EMP_FRAUD_B,SUB_PAYBACK_B,EMP_FRAUD_B,0.0,Historical,91.62,447,Circular Fund Flow
278,batch_278_loop_3,1,EMP_FRAUD_A -> VEND_SHELL_A -> SUB_PAYBACK_A -> EMP_FRAUD_A,EMP_FRAUD_A,VEND_SHELL_A,0.0,Historical,88.09,447,Circular Fund Flow
278,batch_278_loop_3,2,EMP_FRAUD_A -> VEND_SHELL_A -> SUB_PAYBACK_A -> EMP_FRAUD_A,VEND_SHELL_A,SUB_PAYBACK_A,0.0,Historical,96.45,447,Circular Fund Flow
278,batch_278_loop_3,3,EMP_FRAUD_A -> VEND_SHELL_A -> SUB_PAYBACK_A -> EMP_FRAUD_A,SUB_PAYBACK_A,EMP_FRAUD_A,0.0,Historical,97.05,447,Circular Fund Flow
279,batch_279_loop_1,1,EMP_FRAUD_C -> VEND_SHELL_C -> SUB_PAYBACK_C -> EMP_FRAUD_C,EMP_FRAUD_C,VEND_SHELL_C,0.0,Historical,95.66,449,Circular Fund Flow
279,batch_279_loop_1,2,EMP_FRAUD_C -> VEND_SHELL_C -> SUB_PAYBACK_C -> EMP_FRAUD_C,VEND_SHELL_C,SUB_PAYBACK_C,0.0,Historical,97.61,449,Circular Fund Flow
279,batch_279_loop_1,3,EMP_FRAUD_C -> VEND_SHELL_C -> SUB_PAYBACK_C -> EMP_FRAUD_C,SUB_PAYBACK_C,EMP_FRAUD_C,0.0,Historical,93.22,449,Circular Fund Flow
279,batch_279_loop_2,1,EMP_FRAUD_B -> VEND_SHELL_B -> SUB_PAYBACK_B -> EMP_FRAUD_B,EMP_FRAUD_B,VEND_SHELL_B,0.0,Historical,88.4,449,Circular Fund Flow
279,batch_279_loop_2,2,EMP_FRAUD_B -> VEND_SHELL_B -> SUB_PAYBACK_B -> EMP_FRAUD_B,VEND_SHELL_B,SUB_PAYBACK_B,0.0,Historical,91.0,449,Circular Fund Flow
279,batch_279_loop_2,3,EMP_FRAUD_B -> VEND_SHELL_B -> SUB_PAYBACK_B -> EMP_FRAUD_B,SUB_PAYBACK_B,EMP_FRAUD_B,0.0,Historical,98.97,449,Circular Fund Flow
279,batch_279_loop_3,1,EMP_FRAUD_A -> VEND_SHELL_A -> SUB_PAYBACK_A -> EMP_FRAUD_A,EMP_FRAUD_A,VEND_SHELL_A,0.0,Historical,89.87,449,Circular Fund Flow
279,batch_279_loop_3,2,EMP_FRAUD_A -> VEND_SHELL_A -> SUB_PAYBACK_A -> EMP_FRAUD_A,VEND_SHELL_A,SUB_PAYBACK_A,0.0,Historical,89.5,449,Circular Fund Flow
279,batch_279_loop_3,3,EMP_FRAUD_A -> VEND_SHELL_A -> SUB_PAYBACK_A -> EMP_FRAUD_A,SUB_PAYBACK_A,EMP_FRAUD_A,0.0,Historical,96.64,449,Circular Fund Flow
280,batch_280_loop_1,1,EMP_FRAUD_C -> VEND_SHELL_C -> SUB_PAYBACK_C -> EMP_FRAUD_C,EMP_FRAUD_C,VEND_SHELL_C,0.0,Historical,98.44,454,Circular Fund Flow
280,batch_280_loop_1,2,EMP_FRAUD_C -> VEND_SHELL_C -> SUB_PAYBACK_C -> EMP_FRAUD_C,VEND_SHELL_C,SUB_PAYBACK_C,0.0,Historical,96.54,454,Circular Fund Flow
280,batch_280_loop_1,3,EMP_FRAUD_C -> VEND_SHELL_C -> SUB_PAYBACK_C -> EMP_FRAUD_C,SUB_PAYBACK_C,EMP_FRAUD_C,0.0,Historical,86.66,454,Circular Fund Flow
280,batch_280_loop_2,1,EMP_FRAUD_B -> VEND_SHELL_B -> SUB_PAYBACK_B -> EMP_FRAUD_B,EMP_FRAUD_B,VEND_SHELL_B,0.0,Historical,91.16,454,Circular Fund Flow
280,batch_280_loop_2,2,EMP_FRAUD_B -> VEND_SHELL_B -> SUB_PAYBACK_B -> EMP_FRAUD_B,VEND_SHELL_B,SUB_PAYBACK_B,0.0,Historical,86.43,454,Circular Fund Flow
280,batch_280_loop_2,3,EMP_FRAUD_B -> VEND_SHELL_B -> SUB_PAYBACK_B -> EMP_FRAUD_B,SUB_PAYBACK_B,EMP_FRAUD_B,0.0,Historical,85.81,454,Circular Fund Flow
280,batch_280_loop_3,1,EMP_FRAUD_A -> VEND_SHELL_A -> SUB_PAYBACK_A -> EMP_FRAUD_A,EMP_FRAUD_A,VEND_SHELL_A,0.0,Historical,89.45,454,Circular Fund Flow
280,batch_280_loop_3,2,EMP_FRAUD_A -> VEND_SHELL_A -> SUB_PAYBACK_A -> EMP_FRAUD_A,VEND_SHELL_A,SUB_PAYBACK_A,0.0,Historical,92.49,454,Circular Fund Flow
280,batch_280_loop_3,3,EMP_FRAUD_A -> VEND_SHELL_A -> SUB_PAYBACK_A -> EMP_FRAUD_A,SUB_PAYBACK_A,EMP_FRAUD_A,0.0,Historical,96.89,454,Circular Fund Flow
281,batch_281_loop_1,1,EMP_FRAUD_C -> VEND_SHELL_C -> SUB_PAYBACK_C -> EMP_FRAUD_C,EMP_FRAUD_C,VEND_SHELL_C,0.0,Historical,98.79,459,Circular Fund Flow
281,batch_281_loop_1,2,EMP_FRAUD_C -> VEND_SHELL_C -> SUB_PAYBACK_C -> EMP_FRAUD_C,VEND_SHELL_C,SUB_PAYBACK_C,0.0,Historical,94.26,459,Circular Fund Flow
281,batch_281_loop_1,3,EMP_FRAUD_C -> VEND_SHELL_C -> SUB_PAYBACK_C -> EMP_FRAUD_C,SUB_PAYBACK_C,EMP_FRAUD_C,0.0,Historical,88.43,459,Circular Fund Flow
281,batch_281_loop_2,1,EMP_FRAUD_B -> VEND_SHELL_B -> SUB_PAYBACK_B -> EMP_FRAUD_B,EMP_FRAUD_B,VEND_SHELL_B,0.0,Historical,96.28,459,Circular Fund Flow
281,batch_281_loop_2,2,EMP_FRAUD_B -> VEND_SHELL_B -> SUB_PAYBACK_B -> EMP_FRAUD_B,VEND_SHELL_B,SUB_PAYBACK_B,0.0,Historical,98.4,459,Circular Fund Flow
281,batch_281_loop_2,3,EMP_FRAUD_B -> VEND_SHELL_B -> SUB_PAYBACK_B -> EMP_FRAUD_B,SUB_PAYBACK_B,EMP_FRAUD_B,0.0,Historical,96.85,459,Circular Fund Flow
281,batch_281_loop_3,1,EMP_FRAUD_A -> VEND_SHELL_A -> SUB_PAYBACK_A -> EMP_FRAUD_A,EMP_FRAUD_A,VEND_SHELL_A,0.0,Historical,88.6,459,Circular Fund Flow
281,batch_281_loop_3,2,EMP_FRAUD_A -> VEND_SHELL_A -> SUB_PAYBACK_A -> EMP_FRAUD_A,VEND_SHELL_A,SUB_PAYBACK_A,0.0,Historical,98.7,459,Circular Fund Flow
281,batch_281_loop_3,3,EMP_FRAUD_A -> VEND_SHELL_A -> SUB_PAYBACK_A -> EMP_FRAUD_A,SUB_PAYBACK_A,EMP_FRAUD_A,0.0,Historical,90.16,459,Circular Fund Flow
282,batch_282_loop_1,1,EMP_FRAUD_C -> VEND_SHELL_C -> SUB_PAYBACK_C -> EMP_FRAUD_C,EMP_FRAUD_C,VEND_SHELL_C,0.0,Historical,96.01,450,Circular Fund Flow
282,batch_282_loop_1,2,EMP_FRAUD_C -> VEND_SHELL_C -> SUB_PAYBACK_C -> EMP_FRAUD_C,VEND_SHELL_C,SUB_PAYBACK_C,0.0,Historical,93.51,450,Circular Fund Flow
282,batch_282_loop_1,3,EMP_FRAUD_C -> VEND_SHELL_C -> SUB_PAYBACK_C -> EMP_FRAUD_C,SUB_PAYBACK_C,EMP_FRAUD_C,0.0,Historical,90.82,450,Circular Fund Flow
282,batch_282_loop_2,1,EMP_FRAUD_B -> VEND_SHELL_B -> SUB_PAYBACK_B -> EMP_FRAUD_B,EMP_FRAUD_B,VEND_SHELL_B,0.0,Historical,98.87,450,Circular Fund Flow
282,batch_282_loop_2,2,EMP_FRAUD_B -> VEND_SHELL_B -> SUB_PAYBACK_B -> EMP_FRAUD_B,VEND_SHELL_B,SUB_PAYBACK_B,0.0,Historical,89.21,450,Circular Fund Flow
282,batch_282_loop_2,3,EMP_FRAUD_B -> VEND_SHELL_B -> SUB_PAYBACK_B -> EMP_FRAUD_B,SUB_PAYBACK_B,EMP_FRAUD_B,0.0,Historical,89.14,450,Circular Fund Flow
282,batch_282_loop_3,1,EMP_FRAUD_A -> VEND_SHELL_A -> SUB_PAYBACK_A -> EMP_FRAUD_A,EMP_FRAUD_A,VEND_SHELL_A,0.0,Historical,95.38,450,Circular Fund Flow
282,batch_282_loop_3,2,EMP_FRAUD_A -> VEND_SHELL_A -> SUB_PAYBACK_A -> EMP_FRAUD_A,VEND_SHELL_A,SUB_PAYBACK_A,0.0,Historical,93.93,450,Circular Fund Flow
282,batch_282_loop_3,3,EMP_FRAUD_A -> VEND_SHELL_A -> SUB_PAYBACK_A -> EMP_FRAUD_A,SUB_PAYBACK_A,EMP_FRAUD_A,0.0,Historical,86.05,450,Circular Fund Flow
283,batch_283_loop_1,1,EMP_FRAUD_C -> VEND_SHELL_C -> SUB_PAYBACK_C -> EMP_FRAUD_C,EMP_FRAUD_C,VEND_SHELL_C,0.0,Historical,90.04,450,Circular Fund Flow
283,batch_283_loop_1,2,EMP_FRAUD_C -> VEND_SHELL_C -> SUB_PAYBACK_C -> EMP_FRAUD_C,VEND_SHELL_C,SUB_PAYBACK_C,0.0,Historical,90.55,450,Circular Fund Flow
283,batch_283_loop_1,3,EMP_FRAUD_C -> VEND_SHELL_C -> SUB_PAYBACK_C -> EMP_FRAUD_C,SUB_PAYBACK_C,EMP_FRAUD_C,0.0,Historical,91.71,450,Circular Fund Flow
283,batch_283_loop_2,1,EMP_FRAUD_B -> VEND_SHELL_B -> SUB_PAYBACK_B -> EMP_FRAUD_B,EMP_FRAUD_B,VEND_SHELL_B,0.0,Historical,88.6,450,Circular Fund Flow
283,batch_283_loop_2,2,EMP_FRAUD_B -> VEND_SHELL_B -> SUB_PAYBACK_B -> EMP_FRAUD_B,VEND_SHELL_B,SUB_PAYBACK_B,0.0,Historical,90.98,450,Circular Fund Flow
283,batch_283_loop_2,3,EMP_FRAUD_B -> VEND_SHELL_B -> SUB_PAYBACK_B -> EMP_FRAUD_B,SUB_PAYBACK_B,EMP_FRAUD_B,0.0,Historical,87.0,450,Circular Fund Flow
283,batch_283_loop_3,1,EMP_FRAUD_A -> VEND_SHELL_A -> SUB_PAYBACK_A -> EMP_FRAUD_A,EMP_FRAUD_A,VEND_SHELL_A,0.0,Historical,95.6,450,Circular Fund Flow
283,batch_283_loop_3,2,EMP_FRAUD_A -> VEND_SHELL_A -> SUB_PAYBACK_A -> EMP_FRAUD_A,VEND_SHELL_A,SUB_PAYBACK_A,0.0,Historical,96.89,450,Circular Fund Flow
283,batch_283_loop_3,3,EMP_FRAUD_A -> VEND_SHELL_A -> SUB_PAYBACK_A -> EMP_FRAUD_A,SUB_PAYBACK_A,EMP_FRAUD_A,0.0,Historical,89.28,450,Circular Fund Flow
284,batch_284_loop_1,1,EMP_FRAUD_C -> VEND_SHELL_C -> SUB_PAYBACK_C -> EMP_FRAUD_C,EMP_FRAUD_C,VEND_SHELL_C,0.0,Historical,87.42,451,Circular Fund Flow
284,batch_284_loop_1,2,EMP_FRAUD_C -> VEND_SHELL_C -> SUB_PAYBACK_C -> EMP_FRAUD_C,VEND_SHELL_C,SUB_PAYBACK_C,0.0,Historical,96.56,451,Circular Fund Flow
284,batch_284_loop_1,3,EMP_FRAUD_C -> VEND_SHELL_C -> SUB_PAYBACK_C -> EMP_FRAUD_C,SUB_PAYBACK_C,EMP_FRAUD_C,0.0,Historical,93.2,451,Circular Fund Flow
284,batch_284_loop_2,1,EMP_FRAUD_B -> VEND_SHELL_B -> SUB_PAYBACK_B -> EMP_FRAUD_B,EMP_FRAUD_B,VEND_SHELL_B,0.0,Historical,85.2,451,Circular Fund Flow
284,batch_284_loop_2,2,EMP_FRAUD_B -> VEND_SHELL_B -> SUB_PAYBACK_B -> EMP_FRAUD_B,VEND_SHELL_B,SUB_PAYBACK_B,0.0,Historical,90.95,451,Circular Fund Flow
284,batch_284_loop_2,3,EMP_FRAUD_B -> VEND_SHELL_B -> SUB_PAYBACK_B -> EMP_FRAUD_B,SUB_PAYBACK_B,EMP_FRAUD_B,0.0,Historical,87.75,451,Circular Fund Flow
284,batch_284_loop_3,1,EMP_FRAUD_A -> VEND_SHELL_A -> SUB_PAYBACK_A -> EMP_FRAUD_A,EMP_FRAUD_A,VEND_SHELL_A,0.0,Historical,94.37,451,Circular Fund Flow
284,batch_284_loop_3,2,EMP_FRAUD_A -> VEND_SHELL_A -> SUB_PAYBACK_A -> EMP_FRAUD_A,VEND_SHELL_A,SUB_PAYBACK_A,0.0,Historical,92.62,451,Circular Fund Flow
284,batch_284_loop_3,3,EMP_FRAUD_A -> VEND_SHELL_A -> SUB_PAYBACK_A -> EMP_FRAUD_A,SUB_PAYBACK_A,EMP_FRAUD_A,0.0,Historical,97.74,451,Circular Fund Flow
285,batch_285_loop_1,1,EMP_FRAUD_C -> VEND_SHELL_C -> SUB_PAYBACK_C -> EMP_FRAUD_C,EMP_FRAUD_C,VEND_SHELL_C,0.0,Historical,97.74,451,Circular Fund Flow
285,batch_285_loop_1,2,EMP_FRAUD_C -> VEND_SHELL_C -> SUB_PAYBACK_C -> EMP_FRAUD_C,VEND_SHELL_C,SUB_PAYBACK_C,0.0,Historical,95.73,451,Circular Fund Flow
285,batch_285_loop_1,3,EMP_FRAUD_C -> VEND_SHELL_C -> SUB_PAYBACK_C -> EMP_FRAUD_C,SUB_PAYBACK_C,EMP_FRAUD_C,0.0,Historical,89.25,451,Circular Fund Flow
285,batch_285_loop_2,1,EMP_FRAUD_B -> VEND_SHELL_B -> SUB_PAYBACK_B -> EMP_FRAUD_B,EMP_FRAUD_B,VEND_SHELL_B,0.0,Historical,86.41,451,Circular Fund Flow
285,batch_285_loop_2,2,EMP_FRAUD_B -> VEND_SHELL_B -> SUB_PAYBACK_B -> EMP_FRAUD_B,VEND_SHELL_B,SUB_PAYBACK_B,0.0,Historical,85.34,451,Circular Fund Flow
285,batch_285_loop_2,3,EMP_FRAUD_B -> VEND_SHELL_B -> SUB_PAYBACK_B -> EMP_FRAUD_B,SUB_PAYBACK_B,EMP_FRAUD_B,0.0,Historical,88.75,451,Circular Fund Flow
285,batch_285_loop_3,1,EMP_FRAUD_A -> VEND_SHELL_A -> SUB_PAYBACK_A -> EMP_FRAUD_A,EMP_FRAUD_A,VEND_SHELL_A,0.0,Historical,94.05,451,Circular Fund Flow
285,batch_285_loop_3,2,EMP_FRAUD_A -> VEND_SHELL_A -> SUB_PAYBACK_A -> EMP_FRAUD_A,VEND_SHELL_A,SUB_PAYBACK_A,0.0,Historical,97.14,451,Circular Fund Flow
285,batch_285_loop_3,3,EMP_FRAUD_A -> VEND_SHELL_A -> SUB_PAYBACK_A -> EMP_FRAUD_A,SUB_PAYBACK_A,EMP_FRAUD_A,0.0,Historical,98.75,451,Circular Fund Flow
286,batch_286_loop_1,1,EMP_FRAUD_C -> VEND_SHELL_C -> SUB_PAYBACK_C -> EMP_FRAUD_C,EMP_FRAUD_C,VEND_SHELL_C,0.0,Historical,93.26,451,Circular Fund Flow
286,batch_286_loop_1,2,EMP_FRAUD_C -> VEND_SHELL_C -> SUB_PAYBACK_C -> EMP_FRAUD_C,VEND_SHELL_C,SUB_PAYBACK_C,0.0,Historical,90.99,451,Circular Fund Flow
286,batch_286_loop_1,3,EMP_FRAUD_C -> VEND_SHELL_C -> SUB_PAYBACK_C -> EMP_FRAUD_C,SUB_PAYBACK_C,EMP_FRAUD_C,0.0,Historical,97.99,451,Circular Fund Flow
286,batch_286_loop_2,1,EMP_FRAUD_B -> VEND_SHELL_B -> SUB_PAYBACK_B -> EMP_FRAUD_B,EMP_FRAUD_B,VEND_SHELL_B,0.0,Historical,95.48,451,Circular Fund Flow
286,batch_286_loop_2,2,EMP_FRAUD_B -> VEND_SHELL_B -> SUB_PAYBACK_B -> EMP_FRAUD_B,VEND_SHELL_B,SUB_PAYBACK_B,0.0,Historical,88.65,451,Circular Fund Flow
286,batch_286_loop_2,3,EMP_FRAUD_B -> VEND_SHELL_B -> SUB_PAYBACK_B -> EMP_FRAUD_B,SUB_PAYBACK_B,EMP_FRAUD_B,0.0,Historical,85.86,451,Circular Fund Flow
286,batch_286_loop_3,1,EMP_FRAUD_A -> VEND_SHELL_A -> SUB_PAYBACK_A -> EMP_FRAUD_A,EMP_FRAUD_A,VEND_SHELL_A,0.0,Historical,87.67,451,Circular Fund Flow
286,batch_286_loop_3,2,EMP_FRAUD_A -> VEND_SHELL_A -> SUB_PAYBACK_A -> EMP_FRAUD_A,VEND_SHELL_A,SUB_PAYBACK_A,0.0,Historical,86.01,451,Circular Fund Flow
286,batch_286_loop_3,3,EMP_FRAUD_A -> VEND_SHELL_A -> SUB_PAYBACK_A -> EMP_FRAUD_A,SUB_PAYBACK_A,EMP_FRAUD_A,0.0,Historical,97.75,451,Circular Fund Flow
287,batch_287_loop_1,1,EMP_FRAUD_C -> VEND_SHELL_C -> SUB_PAYBACK_C -> EMP_FRAUD_C,EMP_FRAUD_C,VEND_SHELL_C,0.0,Historical,85.61,450,Circular Fund Flow
287,batch_287_loop_1,2,EMP_FRAUD_C -> VEND_SHELL_C -> SUB_PAYBACK_C -> EMP_FRAUD_C,VEND_SHELL_C,SUB_PAYBACK_C,0.0,Historical,85.25,450,Circular Fund Flow
287,batch_287_loop_1,3,EMP_FRAUD_C -> VEND_SHELL_C -> SUB_PAYBACK_C -> EMP_FRAUD_C,SUB_PAYBACK_C,EMP_FRAUD_C,0.0,Historical,90.58,450,Circular Fund Flow
287,batch_287_loop_2,1,EMP_FRAUD_B -> VEND_SHELL_B -> SUB_PAYBACK_B -> EMP_FRAUD_B,EMP_FRAUD_B,VEND_SHELL_B,0.0,Historical,95.87,450,Circular Fund Flow
287,batch_287_loop_2,2,EMP_FRAUD_B -> VEND_SHELL_B -> SUB_PAYBACK_B -> EMP_FRAUD_B,VEND_SHELL_B,SUB_PAYBACK_B,0.0,Historical,90.25,450,Circular Fund Flow
287,batch_287_loop_2,3,EMP_FRAUD_B -> VEND_SHELL_B -> SUB_PAYBACK_B -> EMP_FRAUD_B,SUB_PAYBACK_B,EMP_FRAUD_B,0.0,Historical,85.7,450,Circular Fund Flow
287,batch_287_loop_3,1,EMP_FRAUD_A -> VEND_SHELL_A -> SUB_PAYBACK_A -> EMP_FRAUD_A,EMP_FRAUD_A,VEND_SHELL_A,0.0,Historical,85.71,450,Circular Fund Flow
287,batch_287_loop_3,2,EMP_FRAUD_A -> VEND_SHELL_A -> SUB_PAYBACK_A -> EMP_FRAUD_A,VEND_SHELL_A,SUB_PAYBACK_A,0.0,Historical,86.64,450,Circular Fund Flow
287,batch_287_loop_3,3,EMP_FRAUD_A -> VEND_SHELL_A -> SUB_PAYBACK_A -> EMP_FRAUD_A,SUB_PAYBACK_A,EMP_FRAUD_A,0.0,Historical,86.51,450,Circular Fund Flow
288,batch_288_loop_1,1,EMP_FRAUD_C -> VEND_SHELL_C -> SUB_PAYBACK_C -> EMP_FRAUD_C,EMP_FRAUD_C,VEND_SHELL_C,0.0,Historical,89.78,454,Circular Fund Flow
288,batch_288_loop_1,2,EMP_FRAUD_C -> VEND_SHELL_C -> SUB_PAYBACK_C -> EMP_FRAUD_C,VEND_SHELL_C,SUB_PAYBACK_C,0.0,Historical,98.84,454,Circular Fund Flow
288,batch_288_loop_1,3,EMP_FRAUD_C -> VEND_SHELL_C -> SUB_PAYBACK_C -> EMP_FRAUD_C,SUB_PAYBACK_C,EMP_FRAUD_C,0.0,Historical,90.49,454,Circular Fund Flow
288,batch_288_loop_2,1,EMP_FRAUD_B -> VEND_SHELL_B -> SUB_PAYBACK_B -> EMP_FRAUD_B,EMP_FRAUD_B,VEND_SHELL_B,0.0,Historical,91.05,454,Circular Fund Flow
288,batch_288_loop_2,2,EMP_FRAUD_B -> VEND_SHELL_B -> SUB_PAYBACK_B -> EMP_FRAUD_B,VEND_SHELL_B,SUB_PAYBACK_B,0.0,Historical,98.43,454,Circular Fund Flow
288,batch_288_loop_2,3,EMP_FRAUD_B -> VEND_SHELL_B -> SUB_PAYBACK_B -> EMP_FRAUD_B,SUB_PAYBACK_B,EMP_FRAUD_B,0.0,Historical,87.47,454,Circular Fund Flow
288,batch_288_loop_3,1,EMP_FRAUD_A -> VEND_SHELL_A -> SUB_PAYBACK_A -> EMP_FRAUD_A,EMP_FRAUD_A,VEND_SHELL_A,0.0,Historical,86.98,454,Circular Fund Flow
288,batch_288_loop_3,2,EMP_FRAUD_A -> VEND_SHELL_A -> SUB_PAYBACK_A -> EMP_FRAUD_A,VEND_SHELL_A,SUB_PAYBACK_A,0.0,Historical,96.84,454,Circular Fund Flow
288,batch_288_loop_3,3,EMP_FRAUD_A -> VEND_SHELL_A -> SUB_PAYBACK_A -> EMP_FRAUD_A,SUB_PAYBACK_A,EMP_FRAUD_A,0.0,Historical,98.15,454,Circular Fund Flow
289,batch_289_loop_1,1,EMP_FRAUD_C -> VEND_SHELL_C -> SUB_PAYBACK_C -> EMP_FRAUD_C,EMP_FRAUD_C,VEND_SHELL_C,0.0,Historical,89.81,450,Circular Fund Flow
289,batch_289_loop_1,2,EMP_FRAUD_C -> VEND_SHELL_C -> SUB_PAYBACK_C -> EMP_FRAUD_C,VEND_SHELL_C,SUB_PAYBACK_C,0.0,Historical,86.0,450,Circular Fund Flow
289,batch_289_loop_1,3,EMP_FRAUD_C -> VEND_SHELL_C -> SUB_PAYBACK_C -> EMP_FRAUD_C,SUB_PAYBACK_C,EMP_FRAUD_C,0.0,Historical,93.69,450,Circular Fund Flow
289,batch_289_loop_2,1,EMP_FRAUD_B -> VEND_SHELL_B -> SUB_PAYBACK_B -> EMP_FRAUD_B,EMP_FRAUD_B,VEND_SHELL_B,0.0,Historical,96.54,450,Circular Fund Flow
289,batch_289_loop_2,2,EMP_FRAUD_B -> VEND_SHELL_B -> SUB_PAYBACK_B -> EMP_FRAUD_B,VEND_SHELL_B,SUB_PAYBACK_B,0.0,Historical,88.05,450,Circular Fund Flow
289,batch_289_loop_2,3,EMP_FRAUD_B -> VEND_SHELL_B -> SUB_PAYBACK_B -> EMP_FRAUD_B,SUB_PAYBACK_B,EMP_FRAUD_B,0.0,Historical,89.99,450,Circular Fund Flow
289,batch_289_loop_3,1,EMP_FRAUD_A -> VEND_SHELL_A -> SUB_PAYBACK_A -> EMP_FRAUD_A,EMP_FRAUD_A,VEND_SHELL_A,0.0,Historical,98.47,450,Circular Fund Flow
289,batch_289_loop_3,2,EMP_FRAUD_A -> VEND_SHELL_A -> SUB_PAYBACK_A -> EMP_FRAUD_A,VEND_SHELL_A,SUB_PAYBACK_A,0.0,Historical,88.63,450,Circular Fund Flow
289,batch_289_loop_3,3,EMP_FRAUD_A -> VEND_SHELL_A -> SUB_PAYBACK_A -> EMP_FRAUD_A,SUB_PAYBACK_A,EMP_FRAUD_A,0.0,Historical,98.14,450,Circular Fund Flow
290,batch_290_loop_1,1,EMP_FRAUD_C -> VEND_SHELL_C -> SUB_PAYBACK_C -> EMP_FRAUD_C,EMP_FRAUD_C,VEND_SHELL_C,0.0,Historical,86.8,449,Circular Fund Flow
290,batch_290_loop_1,2,EMP_FRAUD_C -> VEND_SHELL_C -> SUB_PAYBACK_C -> EMP_FRAUD_C,VEND_SHELL_C,SUB_PAYBACK_C,0.0,Historical,89.34,449,Circular Fund Flow
290,batch_290_loop_1,3,EMP_FRAUD_C -> VEND_SHELL_C -> SUB_PAYBACK_C -> EMP_FRAUD_C,SUB_PAYBACK_C,EMP_FRAUD_C,0.0,Historical,91.86,449,Circular Fund Flow
290,batch_290_loop_2,1,EMP_FRAUD_B -> VEND_SHELL_B -> SUB_PAYBACK_B -> EMP_FRAUD_B,EMP_FRAUD_B,VEND_SHELL_B,0.0,Historical,95.97,449,Circular Fund Flow
290,batch_290_loop_2,2,EMP_FRAUD_B -> VEND_SHELL_B -> SUB_PAYBACK_B -> EMP_FRAUD_B,VEND_SHELL_B,SUB_PAYBACK_B,0.0,Historical,98.69,449,Circular Fund Flow
290,batch_290_loop_2,3,EMP_FRAUD_B -> VEND_SHELL_B -> SUB_PAYBACK_B -> EMP_FRAUD_B,SUB_PAYBACK_B,EMP_FRAUD_B,0.0,Historical,89.8,449,Circular Fund Flow
290,batch_290_loop_3,1,EMP_FRAUD_A -> VEND_SHELL_A -> SUB_PAYBACK_A -> EMP_FRAUD_A,EMP_FRAUD_A,VEND_SHELL_A,0.0,Historical,90.58,449,Circular Fund Flow
290,batch_290_loop_3,2,EMP_FRAUD_A -> VEND_SHELL_A -> SUB_PAYBACK_A -> EMP_FRAUD_A,VEND_SHELL_A,SUB_PAYBACK_A,0.0,Historical,89.01,449,Circular Fund Flow
290,batch_290_loop_3,3,EMP_FRAUD_A -> VEND_SHELL_A -> SUB_PAYBACK_A -> EMP_FRAUD_A,SUB_PAYBACK_A,EMP_FRAUD_A,0.0,Historical,93.69,449,Circular Fund Flow
291,batch_291_loop_1,1,EMP_FRAUD_C -> VEND_SHELL_C -> SUB_PAYBACK_C -> EMP_FRAUD_C,EMP_FRAUD_C,VEND_SHELL_C,0.0,Historical,85.38,448,Circular Fund Flow
291,batch_291_loop_1,2,EMP_FRAUD_C -> VEND_SHELL_C -> SUB_PAYBACK_C -> EMP_FRAUD_C,VEND_SHELL_C,SUB_PAYBACK_C,0.0,Historical,91.66,448,Circular Fund Flow
291,batch_291_loop_1,3,EMP_FRAUD_C -> VEND_SHELL_C -> SUB_PAYBACK_C -> EMP_FRAUD_C,SUB_PAYBACK_C,EMP_FRAUD_C,0.0,Historical,94.93,448,Circular Fund Flow
291,batch_291_loop_2,1,EMP_FRAUD_B -> VEND_SHELL_B -> SUB_PAYBACK_B -> EMP_FRAUD_B,EMP_FRAUD_B,VEND_SHELL_B,0.0,Historical,88.02,448,Circular Fund Flow
291,batch_291_loop_2,2,EMP_FRAUD_B -> VEND_SHELL_B -> SUB_PAYBACK_B -> EMP_FRAUD_B,VEND_SHELL_B,SUB_PAYBACK_B,0.0,Historical,95.16,448,Circular Fund Flow
291,batch_291_loop_2,3,EMP_FRAUD_B -> VEND_SHELL_B -> SUB_PAYBACK_B -> EMP_FRAUD_B,SUB_PAYBACK_B,EMP_FRAUD_B,0.0,Historical,87.76,448,Circular Fund Flow
291,batch_291_loop_3,1,EMP_FRAUD_A -> VEND_SHELL_A -> SUB_PAYBACK_A -> EMP_FRAUD_A,EMP_FRAUD_A,VEND_SHELL_A,0.0,Historical,88.81,448,Circular Fund Flow
291,batch_291_loop_3,2,EMP_FRAUD_A -> VEND_SHELL_A -> SUB_PAYBACK_A -> EMP_FRAUD_A,VEND_SHELL_A,SUB_PAYBACK_A,0.0,Historical,97.19,448,Circular Fund Flow
291,batch_291_loop_3,3,EMP_FRAUD_A -> VEND_SHELL_A -> SUB_PAYBACK_A -> EMP_FRAUD_A,SUB_PAYBACK_A,EMP_FRAUD_A,0.0,Historical,88.41,448,Circular Fund Flow
292,batch_292_loop_1,1,EMP_FRAUD_C -> VEND_SHELL_C -> SUB_PAYBACK_C -> EMP_FRAUD_C,EMP_FRAUD_C,VEND_SHELL_C,0.0,Historical,89.93,453,Circular Fund Flow
292,batch_292_loop_1,2,EMP_FRAUD_C -> VEND_SHELL_C -> SUB_PAYBACK_C -> EMP_FRAUD_C,VEND_SHELL_C,SUB_PAYBACK_C,0.0,Historical,89.8,453,Circular Fund Flow
292,batch_292_loop_1,3,EMP_FRAUD_C -> VEND_SHELL_C -> SUB_PAYBACK_C -> EMP_FRAUD_C,SUB_PAYBACK_C,EMP_FRAUD_C,0.0,Historical,96.81,453,Circular Fund Flow
292,batch_292_loop_2,1,EMP_FRAUD_B -> VEND_SHELL_B -> SUB_PAYBACK_B -> EMP_FRAUD_B,EMP_FRAUD_B,VEND_SHELL_B,0.0,Historical,95.92,453,Circular Fund Flow
292,batch_292_loop_2,2,EMP_FRAUD_B -> VEND_SHELL_B -> SUB_PAYBACK_B -> EMP_FRAUD_B,VEND_SHELL_B,SUB_PAYBACK_B,0.0,Historical,90.52,453,Circular Fund Flow
292,batch_292_loop_2,3,EMP_FRAUD_B -> VEND_SHELL_B -> SUB_PAYBACK_B -> EMP_FRAUD_B,SUB_PAYBACK_B,EMP_FRAUD_B,0.0,Historical,94.33,453,Circular Fund Flow
292,batch_292_loop_3,1,EMP_FRAUD_A -> VEND_SHELL_A -> SUB_PAYBACK_A -> EMP_FRAUD_A,EMP_FRAUD_A,VEND_SHELL_A,0.0,Historical,97.24,453,Circular Fund Flow
292,batch_292_loop_3,2,EMP_FRAUD_A -> VEND_SHELL_A -> SUB_PAYBACK_A -> EMP_FRAUD_A,VEND_SHELL_A,SUB_PAYBACK_A,0.0,Historical,90.84,453,Circular Fund Flow
292,batch_292_loop_3,3,EMP_FRAUD_A -> VEND_SHELL_A -> SUB_PAYBACK_A -> EMP_FRAUD_A,SUB_PAYBACK_A,EMP_FRAUD_A,0.0,Historical,87.49,453,Circular Fund Flow
293,batch_293_loop_1,1,EMP_FRAUD_C -> VEND_SHELL_C -> SUB_PAYBACK_C -> EMP_FRAUD_C,EMP_FRAUD_C,VEND_SHELL_C,0.0,Historical,93.63,448,Circular Fund Flow
293,batch_293_loop_1,2,EMP_FRAUD_C -> VEND_SHELL_C -> SUB_PAYBACK_C -> EMP_FRAUD_C,VEND_SHELL_C,SUB_PAYBACK_C,0.0,Historical,91.26,448,Circular Fund Flow
293,batch_293_loop_1,3,EMP_FRAUD_C -> VEND_SHELL_C -> SUB_PAYBACK_C -> EMP_FRAUD_C,SUB_PAYBACK_C,EMP_FRAUD_C,0.0,Historical,85.23,448,Circular Fund Flow
293,batch_293_loop_2,1,EMP_FRAUD_B -> VEND_SHELL_B -> SUB_PAYBACK_B -> EMP_FRAUD_B,EMP_FRAUD_B,VEND_SHELL_B,0.0,Historical,89.11,448,Circular Fund Flow
293,batch_293_loop_2,2,EMP_FRAUD_B -> VEND_SHELL_B -> SUB_PAYBACK_B -> EMP_FRAUD_B,VEND_SHELL_B,SUB_PAYBACK_B,0.0,Historical,88.64,448,Circular Fund Flow
293,batch_293_loop_2,3,EMP_FRAUD_B -> VEND_SHELL_B -> SUB_PAYBACK_B -> EMP_FRAUD_B,SUB_PAYBACK_B,EMP_FRAUD_B,0.0,Historical,96.75,448,Circular Fund Flow
293,batch_293_loop_3,1,EMP_FRAUD_A -> VEND_SHELL_A -> SUB_PAYBACK_A -> EMP_FRAUD_A,EMP_FRAUD_A,VEND_SHELL_A,0.0,Historical,98.67,448,Circular Fund Flow
293,batch_293_loop_3,2,EMP_FRAUD_A -> VEND_SHELL_A -> SUB_PAYBACK_A -> EMP_FRAUD_A,VEND_SHELL_A,SUB_PAYBACK_A,0.0,Historical,88.78,448,Circular Fund Flow
293,batch_293_loop_3,3,EMP_FRAUD_A -> VEND_SHELL_A -> SUB_PAYBACK_A -> EMP_FRAUD_A,SUB_PAYBACK_A,EMP_FRAUD_A,0.0,Historical,85.98,448,Circular Fund Flow
294,batch_294_loop_1,1,EMP_FRAUD_C -> VEND_SHELL_C -> SUB_PAYBACK_C -> EMP_FRAUD_C,EMP_FRAUD_C,VEND_SHELL_C,0.0,Historical,94.96,456,Circular Fund Flow
294,batch_294_loop_1,2,EMP_FRAUD_C -> VEND_SHELL_C -> SUB_PAYBACK_C -> EMP_FRAUD_C,VEND_SHELL_C,SUB_PAYBACK_C,0.0,Historical,91.13,456,Circular Fund Flow
294,batch_294_loop_1,3,EMP_FRAUD_C -> VEND_SHELL_C -> SUB_PAYBACK_C -> EMP_FRAUD_C,SUB_PAYBACK_C,EMP_FRAUD_C,0.0,Historical,92.09,456,Circular Fund Flow
294,batch_294_loop_2,1,EMP_FRAUD_B -> VEND_SHELL_B -> SUB_PAYBACK_B -> EMP_FRAUD_B,EMP_FRAUD_B,VEND_SHELL_B,0.0,Historical,90.24,456,Circular Fund Flow
294,batch_294_loop_2,2,EMP_FRAUD_B -> VEND_SHELL_B -> SUB_PAYBACK_B -> EMP_FRAUD_B,VEND_SHELL_B,SUB_PAYBACK_B,0.0,Historical,90.94,456,Circular Fund Flow
294,batch_294_loop_2,3,EMP_FRAUD_B -> VEND_SHELL_B -> SUB_PAYBACK_B -> EMP_FRAUD_B,SUB_PAYBACK_B,EMP_FRAUD_B,0.0,Historical,97.16,456,Circular Fund Flow
294,batch_294_loop_3,1,EMP_FRAUD_A -> VEND_SHELL_A -> SUB_PAYBACK_A -> EMP_FRAUD_A,EMP_FRAUD_A,VEND_SHELL_A,0.0,Historical,92.4,456,Circular Fund Flow
294,batch_294_loop_3,2,EMP_FRAUD_A -> VEND_SHELL_A -> SUB_PAYBACK_A -> EMP_FRAUD_A,VEND_SHELL_A,SUB_PAYBACK_A,0.0,Historical,87.02,456,Circular Fund Flow
294,batch_294_loop_3,3,EMP_FRAUD_A -> VEND_SHELL_A -> SUB_PAYBACK_A -> EMP_FRAUD_A,SUB_PAYBACK_A,EMP_FRAUD_A,0.0,Historical,92.54,456,Circular Fund Flow
295,batch_295_loop_1,1,EMP_FRAUD_C -> VEND_SHELL_C -> SUB_PAYBACK_C -> EMP_FRAUD_C,EMP_FRAUD_C,VEND_SHELL_C,0.0,Historical,89.64,461,Circular Fund Flow
295,batch_295_loop_1,2,EMP_FRAUD_C -> VEND_SHELL_C -> SUB_PAYBACK_C -> EMP_FRAUD_C,VEND_SHELL_C,SUB_PAYBACK_C,0.0,Historical,88.73,461,Circular Fund Flow
295,batch_295_loop_1,3,EMP_FRAUD_C -> VEND_SHELL_C -> SUB_PAYBACK_C -> EMP_FRAUD_C,SUB_PAYBACK_C,EMP_FRAUD_C,0.0,Historical,86.33,461,Circular Fund Flow
295,batch_295_loop_2,1,EMP_FRAUD_B -> VEND_SHELL_B -> SUB_PAYBACK_B -> EMP_FRAUD_B,EMP_FRAUD_B,VEND_SHELL_B,0.0,Historical,94.46,461,Circular Fund Flow
295,batch_295_loop_2,2,EMP_FRAUD_B -> VEND_SHELL_B -> SUB_PAYBACK_B -> EMP_FRAUD_B,VEND_SHELL_B,SUB_PAYBACK_B,0.0,Historical,86.74,461,Circular Fund Flow
295,batch_295_loop_2,3,EMP_FRAUD_B -> VEND_SHELL_B -> SUB_PAYBACK_B -> EMP_FRAUD_B,SUB_PAYBACK_B,EMP_FRAUD_B,0.0,Historical,92.32,461,Circular Fund Flow
295,batch_295_loop_3,1,EMP_FRAUD_A -> VEND_SHELL_A -> SUB_PAYBACK_A -> EMP_FRAUD_A,EMP_FRAUD_A,VEND_SHELL_A,0.0,Historical,90.82,461,Circular Fund Flow
295,batch_295_loop_3,2,EMP_FRAUD_A -> VEND_SHELL_A -> SUB_PAYBACK_A -> EMP_FRAUD_A,VEND_SHELL_A,SUB_PAYBACK_A,0.0,Historical,85.03,461,Circular Fund Flow
295,batch_295_loop_3,3,EMP_FRAUD_A -> VEND_SHELL_A -> SUB_PAYBACK_A -> EMP_FRAUD_A,SUB_PAYBACK_A,EMP_FRAUD_A,0.0,Historical,88.98,461,Circular Fund Flow
296,batch_296_loop_1,1,EMP_FRAUD_C -> VEND_SHELL_C -> SUB_PAYBACK_C -> EMP_FRAUD_C,EMP_FRAUD_C,VEND_SHELL_C,0.0,Historical,89.09,456,Circular Fund Flow
296,batch_296_loop_1,2,EMP_FRAUD_C -> VEND_SHELL_C -> SUB_PAYBACK_C -> EMP_FRAUD_C,VEND_SHELL_C,SUB_PAYBACK_C,0.0,Historical,95.15,456,Circular Fund Flow
296,batch_296_loop_1,3,EMP_FRAUD_C -> VEND_SHELL_C -> SUB_PAYBACK_C -> EMP_FRAUD_C,SUB_PAYBACK_C,EMP_FRAUD_C,0.0,Historical,95.62,456,Circular Fund Flow
296,batch_296_loop_2,1,EMP_FRAUD_B -> VEND_SHELL_B -> SUB_PAYBACK_B -> EMP_FRAUD_B,EMP_FRAUD_B,VEND_SHELL_B,0.0,Historical,94.61,456,Circular Fund Flow
296,batch_296_loop_2,2,EMP_FRAUD_B -> VEND_SHELL_B -> SUB_PAYBACK_B -> EMP_FRAUD_B,VEND_SHELL_B,SUB_PAYBACK_B,0.0,Historical,95.58,456,Circular Fund Flow
296,batch_296_loop_2,3,EMP_FRAUD_B -> VEND_SHELL_B -> SUB_PAYBACK_B -> EMP_FRAUD_B,SUB_PAYBACK_B,EMP_FRAUD_B,0.0,Historical,92.46,456,Circular Fund Flow
296,batch_296_loop_3,1,EMP_FRAUD_A -> VEND_SHELL_A -> SUB_PAYBACK_A -> EMP_FRAUD_A,EMP_FRAUD_A,VEND_SHELL_A,0.0,Historical,98.2,456,Circular Fund Flow
296,batch_296_loop_3,2,EMP_FRAUD_A -> VEND_SHELL_A -> SUB_PAYBACK_A -> EMP_FRAUD_A,VEND_SHELL_A,SUB_PAYBACK_A,0.0,Historical,85.9,456,Circular Fund Flow
296,batch_296_loop_3,3,EMP_FRAUD_A -> VEND_SHELL_A -> SUB_PAYBACK_A -> EMP_FRAUD_A,SUB_PAYBACK_A,EMP_FRAUD_A,0.0,Historical,87.46,456,Circular Fund Flow
297,batch_297_loop_1,1,EMP_FRAUD_C -> VEND_SHELL_C -> SUB_PAYBACK_C -> EMP_FRAUD_C,EMP_FRAUD_C,VEND_SHELL_C,0.0,Historical,89.4,458,Circular Fund Flow
297,batch_297_loop_1,2,EMP_FRAUD_C -> VEND_SHELL_C -> SUB_PAYBACK_C -> EMP_FRAUD_C,VEND_SHELL_C,SUB_PAYBACK_C,0.0,Historical,89.49,458,Circular Fund Flow
297,batch_297_loop_1,3,EMP_FRAUD_C -> VEND_SHELL_C -> SUB_PAYBACK_C -> EMP_FRAUD_C,SUB_PAYBACK_C,EMP_FRAUD_C,0.0,Historical,85.27,458,Circular Fund Flow
297,batch_297_loop_2,1,EMP_FRAUD_B -> VEND_SHELL_B -> SUB_PAYBACK_B -> EMP_FRAUD_B,EMP_FRAUD_B,VEND_SHELL_B,0.0,Historical,88.62,458,Circular Fund Flow
297,batch_297_loop_2,2,EMP_FRAUD_B -> VEND_SHELL_B -> SUB_PAYBACK_B -> EMP_FRAUD_B,VEND_SHELL_B,SUB_PAYBACK_B,0.0,Historical,97.48,458,Circular Fund Flow
297,batch_297_loop_2,3,EMP_FRAUD_B -> VEND_SHELL_B -> SUB_PAYBACK_B -> EMP_FRAUD_B,SUB_PAYBACK_B,EMP_FRAUD_B,0.0,Historical,85.93,458,Circular Fund Flow
297,batch_297_loop_3,1,EMP_FRAUD_A -> VEND_SHELL_A -> SUB_PAYBACK_A -> EMP_FRAUD_A,EMP_FRAUD_A,VEND_SHELL_A,0.0,Historical,90.69,458,Circular Fund Flow
297,batch_297_loop_3,2,EMP_FRAUD_A -> VEND_SHELL_A -> SUB_PAYBACK_A -> EMP_FRAUD_A,VEND_SHELL_A,SUB_PAYBACK_A,0.0,Historical,93.71,458,Circular Fund Flow
297,batch_297_loop_3,3,EMP_FRAUD_A -> VEND_SHELL_A -> SUB_PAYBACK_A -> EMP_FRAUD_A,SUB_PAYBACK_A,EMP_FRAUD_A,0.0,Historical,85.42,458,Circular Fund Flow
298,batch_298_loop_1,1,EMP_FRAUD_C -> VEND_SHELL_C -> SUB_PAYBACK_C -> EMP_FRAUD_C,EMP_FRAUD_C,VEND_SHELL_C,0.0,Historical,86.88,441,Circular Fund Flow
298,batch_298_loop_1,2,EMP_FRAUD_C -> VEND_SHELL_C -> SUB_PAYBACK_C -> EMP_FRAUD_C,VEND_SHELL_C,SUB_PAYBACK_C,0.0,Historical,88.13,441,Circular Fund Flow
298,batch_298_loop_1,3,EMP_FRAUD_C -> VEND_SHELL_C -> SUB_PAYBACK_C -> EMP_FRAUD_C,SUB_PAYBACK_C,EMP_FRAUD_C,0.0,Historical,90.7,441,Circular Fund Flow
298,batch_298_loop_2,1,EMP_FRAUD_B -> VEND_SHELL_B -> SUB_PAYBACK_B -> EMP_FRAUD_B,EMP_FRAUD_B,VEND_SHELL_B,0.0,Historical,86.35,441,Circular Fund Flow
298,batch_298_loop_2,2,EMP_FRAUD_B -> VEND_SHELL_B -> SUB_PAYBACK_B -> EMP_FRAUD_B,VEND_SHELL_B,SUB_PAYBACK_B,0.0,Historical,86.0,441,Circular Fund Flow
298,batch_298_loop_2,3,EMP_FRAUD_B -> VEND_SHELL_B -> SUB_PAYBACK_B -> EMP_FRAUD_B,SUB_PAYBACK_B,EMP_FRAUD_B,0.0,Historical,97.2,441,Circular Fund Flow
298,batch_298_loop_3,1,EMP_FRAUD_A -> VEND_SHELL_A -> SUB_PAYBACK_A -> EMP_FRAUD_A,EMP_FRAUD_A,VEND_SHELL_A,0.0,Historical,88.29,441,Circular Fund Flow
298,batch_298_loop_3,2,EMP_FRAUD_A -> VEND_SHELL_A -> SUB_PAYBACK_A -> EMP_FRAUD_A,VEND_SHELL_A,SUB_PAYBACK_A,0.0,Historical,92.91,441,Circular Fund Flow
298,batch_298_loop_3,3,EMP_FRAUD_A -> VEND_SHELL_A -> SUB_PAYBACK_A -> EMP_FRAUD_A,SUB_PAYBACK_A,EMP_FRAUD_A,0.0,Historical,91.78,441,Circular Fund Flow
299,batch_299_loop_1,1,EMP_FRAUD_C -> VEND_SHELL_C -> SUB_PAYBACK_C -> EMP_FRAUD_C,EMP_FRAUD_C,VEND_SHELL_C,0.0,Historical,93.71,451,Circular Fund Flow
299,batch_299_loop_1,2,EMP_FRAUD_C -> VEND_SHELL_C -> SUB_PAYBACK_C -> EMP_FRAUD_C,VEND_SHELL_C,SUB_PAYBACK_C,0.0,Historical,92.98,451,Circular Fund Flow
299,batch_299_loop_1,3,EMP_FRAUD_C -> VEND_SHELL_C -> SUB_PAYBACK_C -> EMP_FRAUD_C,SUB_PAYBACK_C,EMP_FRAUD_C,0.0,Historical,92.27,451,Circular Fund Flow
299,batch_299_loop_2,1,EMP_FRAUD_B -> VEND_SHELL_B -> SUB_PAYBACK_B -> EMP_FRAUD_B,EMP_FRAUD_B,VEND_SHELL_B,0.0,Historical,89.06,451,Circular Fund Flow
299,batch_299_loop_2,2,EMP_FRAUD_B -> VEND_SHELL_B -> SUB_PAYBACK_B -> EMP_FRAUD_B,VEND_SHELL_B,SUB_PAYBACK_B,0.0,Historical,87.08,451,Circular Fund Flow
299,batch_299_loop_2,3,EMP_FRAUD_B -> VEND_SHELL_B -> SUB_PAYBACK_B -> EMP_FRAUD_B,SUB_PAYBACK_B,EMP_FRAUD_B,0.0,Historical,88.63,451,Circular Fund Flow
299,batch_299_loop_3,1,EMP_FRAUD_A -> VEND_SHELL_A -> SUB_PAYBACK_A -> EMP_FRAUD_A,EMP_FRAUD_A,VEND_SHELL_A,0.0,Historical,91.74,451,Circular Fund Flow
299,batch_299_loop_3,2,EMP_FRAUD_A -> VEND_SHELL_A -> SUB_PAYBACK_A -> EMP_FRAUD_A,VEND_SHELL_A,SUB_PAYBACK_A,0.0,Historical,92.14,451,Circular Fund Flow
299,batch_299_loop_3,3,EMP_FRAUD_A -> VEND_SHELL_A -> SUB_PAYBACK_A -> EMP_FRAUD_A,SUB_PAYBACK_A,EMP_FRAUD_A,0.0,Historical,96.55,451,Circular Fund Flow
300,batch_300_loop_1,1,EMP_FRAUD_C -> VEND_SHELL_C -> SUB_PAYBACK_C -> EMP_FRAUD_C,EMP_FRAUD_C,VEND_SHELL_C,0.0,Historical,92.08,456,Circular Fund Flow
300,batch_300_loop_1,2,EMP_FRAUD_C -> VEND_SHELL_C -> SUB_PAYBACK_C -> EMP_FRAUD_C,VEND_SHELL_C,SUB_PAYBACK_C,0.0,Historical,97.89,456,Circular Fund Flow
300,batch_300_loop_1,3,EMP_FRAUD_C -> VEND_SHELL_C -> SUB_PAYBACK_C -> EMP_FRAUD_C,SUB_PAYBACK_C,EMP_FRAUD_C,0.0,Historical,92.01,456,Circular Fund Flow
300,batch_300_loop_2,1,EMP_FRAUD_B -> VEND_SHELL_B -> SUB_PAYBACK_B -> EMP_FRAUD_B,EMP_FRAUD_B,VEND_SHELL_B,0.0,Historical,97.3,456,Circular Fund Flow
300,batch_300_loop_2,2,EMP_FRAUD_B -> VEND_SHELL_B -> SUB_PAYBACK_B -> EMP_FRAUD_B,VEND_SHELL_B,SUB_PAYBACK_B,0.0,Historical,91.64,456,Circular Fund Flow
300,batch_300_loop_2,3,EMP_FRAUD_B -> VEND_SHELL_B -> SUB_PAYBACK_B -> EMP_FRAUD_B,SUB_PAYBACK_B,EMP_FRAUD_B,0.0,Historical,90.95,456,Circular Fund Flow
300,batch_300_loop_3,1,EMP_FRAUD_A -> VEND_SHELL_A -> SUB_PAYBACK_A -> EMP_FRAUD_A,EMP_FRAUD_A,VEND_SHELL_A,0.0,Historical,96.03,456,Circular Fund Flow
300,batch_300_loop_3,2,EMP_FRAUD_A -> VEND_SHELL_A -> SUB_PAYBACK_A -> EMP_FRAUD_A,VEND_SHELL_A,SUB_PAYBACK_A,0.0,Historical,95.39,456,Circular Fund Flow
300,batch_300_loop_3,3,EMP_FRAUD_A -> VEND_SHELL_A -> SUB_PAYBACK_A -> EMP_FRAUD_A,SUB_PAYBACK_A,EMP_FRAUD_A,0.0,Historical,87.23,456,Circular Fund Flow
301,batch_301_loop_1,1,EMP_FRAUD_C -> VEND_SHELL_C -> SUB_PAYBACK_C -> EMP_FRAUD_C,EMP_FRAUD_C,VEND_SHELL_C,0.0,Historical,87.2,453,Circular Fund Flow
301,batch_301_loop_1,2,EMP_FRAUD_C -> VEND_SHELL_C -> SUB_PAYBACK_C -> EMP_FRAUD_C,VEND_SHELL_C,SUB_PAYBACK_C,0.0,Historical,94.27,453,Circular Fund Flow
301,batch_301_loop_1,3,EMP_FRAUD_C -> VEND_SHELL_C -> SUB_PAYBACK_C -> EMP_FRAUD_C,SUB_PAYBACK_C,EMP_FRAUD_C,0.0,Historical,88.93,453,Circular Fund Flow
301,batch_301_loop_2,1,EMP_FRAUD_B -> VEND_SHELL_B -> SUB_PAYBACK_B -> EMP_FRAUD_B,EMP_FRAUD_B,VEND_SHELL_B,0.0,Historical,91.5,453,Circular Fund Flow
301,batch_301_loop_2,2,EMP_FRAUD_B -> VEND_SHELL_B -> SUB_PAYBACK_B -> EMP_FRAUD_B,VEND_SHELL_B,SUB_PAYBACK_B,0.0,Historical,92.15,453,Circular Fund Flow
301,batch_301_loop_2,3,EMP_FRAUD_B -> VEND_SHELL_B -> SUB_PAYBACK_B -> EMP_FRAUD_B,SUB_PAYBACK_B,EMP_FRAUD_B,0.0,Historical,93.22,453,Circular Fund Flow
301,batch_301_loop_3,1,EMP_FRAUD_A -> VEND_SHELL_A -> SUB_PAYBACK_A -> EMP_FRAUD_A,EMP_FRAUD_A,VEND_SHELL_A,0.0,Historical,98.65,453,Circular Fund Flow
301,batch_301_loop_3,2,EMP_FRAUD_A -> VEND_SHELL_A -> SUB_PAYBACK_A -> EMP_FRAUD_A,VEND_SHELL_A,SUB_PAYBACK_A,0.0,Historical,92.27,453,Circular Fund Flow
301,batch_301_loop_3,3,EMP_FRAUD_A -> VEND_SHELL_A -> SUB_PAYBACK_A -> EMP_FRAUD_A,SUB_PAYBACK_A,EMP_FRAUD_A,0.0,Historical,93.95,453,Circular Fund Flow
302,batch_302_loop_1,1,EMP_FRAUD_C -> VEND_SHELL_C -> SUB_PAYBACK_C -> EMP_FRAUD_C,EMP_FRAUD_C,VEND_SHELL_C,0.0,Historical,86.77,453,Circular Fund Flow
302,batch_302_loop_1,2,EMP_FRAUD_C -> VEND_SHELL_C -> SUB_PAYBACK_C -> EMP_FRAUD_C,VEND_SHELL_C,SUB_PAYBACK_C,0.0,Historical,85.42,453,Circular Fund Flow
302,batch_302_loop_1,3,EMP_FRAUD_C -> VEND_SHELL_C -> SUB_PAYBACK_C -> EMP_FRAUD_C,SUB_PAYBACK_C,EMP_FRAUD_C,0.0,Historical,90.16,453,Circular Fund Flow
302,batch_302_loop_2,1,EMP_FRAUD_B -> VEND_SHELL_B -> SUB_PAYBACK_B -> EMP_FRAUD_B,EMP_FRAUD_B,VEND_SHELL_B,0.0,Historical,89.7,453,Circular Fund Flow
302,batch_302_loop_2,2,EMP_FRAUD_B -> VEND_SHELL_B -> SUB_PAYBACK_B -> EMP_FRAUD_B,VEND_SHELL_B,SUB_PAYBACK_B,0.0,Historical,86.35,453,Circular Fund Flow
302,batch_302_loop_2,3,EMP_FRAUD_B -> VEND_SHELL_B -> SUB_PAYBACK_B -> EMP_FRAUD_B,SUB_PAYBACK_B,EMP_FRAUD_B,0.0,Historical,98.0,453,Circular Fund Flow
302,batch_302_loop_3,1,EMP_FRAUD_A -> VEND_SHELL_A -> SUB_PAYBACK_A -> EMP_FRAUD_A,EMP_FRAUD_A,VEND_SHELL_A,0.0,Historical,95.93,453,Circular Fund Flow
302,batch_302_loop_3,2,EMP_FRAUD_A -> VEND_SHELL_A -> SUB_PAYBACK_A -> EMP_FRAUD_A,VEND_SHELL_A,SUB_PAYBACK_A,0.0,Historical,87.03,453,Circular Fund Flow
302,batch_302_loop_3,3,EMP_FRAUD_A -> VEND_SHELL_A -> SUB_PAYBACK_A -> EMP_FRAUD_A,SUB_PAYBACK_A,EMP_FRAUD_A,0.0,Historical,93.72,453,Circular Fund Flow
303,batch_303_loop_1,1,EMP_FRAUD_C -> VEND_SHELL_C -> SUB_PAYBACK_C -> EMP_FRAUD_C,EMP_FRAUD_C,VEND_SHELL_C,0.0,Historical,92.34,450,Circular Fund Flow
303,batch_303_loop_1,2,EMP_FRAUD_C -> VEND_SHELL_C -> SUB_PAYBACK_C -> EMP_FRAUD_C,VEND_SHELL_C,SUB_PAYBACK_C,0.0,Historical,94.19,450,Circular Fund Flow
303,batch_303_loop_1,3,EMP_FRAUD_C -> VEND_SHELL_C -> SUB_PAYBACK_C -> EMP_FRAUD_C,SUB_PAYBACK_C,EMP_FRAUD_C,0.0,Historical,89.81,450,Circular Fund Flow
303,batch_303_loop_2,1,EMP_FRAUD_B -> VEND_SHELL_B -> SUB_PAYBACK_B -> EMP_FRAUD_B,EMP_FRAUD_B,VEND_SHELL_B,0.0,Historical,87.27,450,Circular Fund Flow
303,batch_303_loop_2,2,EMP_FRAUD_B -> VEND_SHELL_B -> SUB_PAYBACK_B -> EMP_FRAUD_B,VEND_SHELL_B,SUB_PAYBACK_B,0.0,Historical,86.9,450,Circular Fund Flow
303,batch_303_loop_2,3,EMP_FRAUD_B -> VEND_SHELL_B -> SUB_PAYBACK_B -> EMP_FRAUD_B,SUB_PAYBACK_B,EMP_FRAUD_B,0.0,Historical,85.75,450,Circular Fund Flow
303,batch_303_loop_3,1,EMP_FRAUD_A -> VEND_SHELL_A -> SUB_PAYBACK_A -> EMP_FRAUD_A,EMP_FRAUD_A,VEND_SHELL_A,0.0,Historical,89.78,450,Circular Fund Flow
303,batch_303_loop_3,2,EMP_FRAUD_A -> VEND_SHELL_A -> SUB_PAYBACK_A -> EMP_FRAUD_A,VEND_SHELL_A,SUB_PAYBACK_A,0.0,Historical,85.95,450,Circular Fund Flow
303,batch_303_loop_3,3,EMP_FRAUD_A -> VEND_SHELL_A -> SUB_PAYBACK_A -> EMP_FRAUD_A,SUB_PAYBACK_A,EMP_FRAUD_A,0.0,Historical,94.92,450,Circular Fund Flow
304,batch_304_loop_1,1,EMP_FRAUD_C -> VEND_SHELL_C -> SUB_PAYBACK_C -> EMP_FRAUD_C,EMP_FRAUD_C,VEND_SHELL_C,0.0,Historical,86.85,455,Circular Fund Flow
304,batch_304_loop_1,2,EMP_FRAUD_C -> VEND_SHELL_C -> SUB_PAYBACK_C -> EMP_FRAUD_C,VEND_SHELL_C,SUB_PAYBACK_C,0.0,Historical,98.97,455,Circular Fund Flow
304,batch_304_loop_1,3,EMP_FRAUD_C -> VEND_SHELL_C -> SUB_PAYBACK_C -> EMP_FRAUD_C,SUB_PAYBACK_C,EMP_FRAUD_C,0.0,Historical,98.61,455,Circular Fund Flow
304,batch_304_loop_2,1,EMP_FRAUD_B -> VEND_SHELL_B -> SUB_PAYBACK_B -> EMP_FRAUD_B,EMP_FRAUD_B,VEND_SHELL_B,0.0,Historical,98.25,455,Circular Fund Flow
304,batch_304_loop_2,2,EMP_FRAUD_B -> VEND_SHELL_B -> SUB_PAYBACK_B -> EMP_FRAUD_B,VEND_SHELL_B,SUB_PAYBACK_B,0.0,Historical,94.47,455,Circular Fund Flow
304,batch_304_loop_2,3,EMP_FRAUD_B -> VEND_SHELL_B -> SUB_PAYBACK_B -> EMP_FRAUD_B,SUB_PAYBACK_B,EMP_FRAUD_B,0.0,Historical,86.87,455,Circular Fund Flow
304,batch_304_loop_3,1,EMP_FRAUD_A -> VEND_SHELL_A -> SUB_PAYBACK_A -> EMP_FRAUD_A,EMP_FRAUD_A,VEND_SHELL_A,0.0,Historical,90.46,455,Circular Fund Flow
304,batch_304_loop_3,2,EMP_FRAUD_A -> VEND_SHELL_A -> SUB_PAYBACK_A -> EMP_FRAUD_A,VEND_SHELL_A,SUB_PAYBACK_A,0.0,Historical,88.61,455,Circular Fund Flow
304,batch_304_loop_3,3,EMP_FRAUD_A -> VEND_SHELL_A -> SUB_PAYBACK_A -> EMP_FRAUD_A,SUB_PAYBACK_A,EMP_FRAUD_A,0.0,Historical,98.37,455,Circular Fund Flow
305,batch_305_loop_1,1,EMP_FRAUD_C -> VEND_SHELL_C -> SUB_PAYBACK_C -> EMP_FRAUD_C,EMP_FRAUD_C,VEND_SHELL_C,0.0,Historical,95.93,442,Circular Fund Flow
305,batch_305_loop_1,2,EMP_FRAUD_C -> VEND_SHELL_C -> SUB_PAYBACK_C -> EMP_FRAUD_C,VEND_SHELL_C,SUB_PAYBACK_C,0.0,Historical,89.71,442,Circular Fund Flow
305,batch_305_loop_1,3,EMP_FRAUD_C -> VEND_SHELL_C -> SUB_PAYBACK_C -> EMP_FRAUD_C,SUB_PAYBACK_C,EMP_FRAUD_C,0.0,Historical,98.97,442,Circular Fund Flow
305,batch_305_loop_2,1,EMP_FRAUD_B -> VEND_SHELL_B -> SUB_PAYBACK_B -> EMP_FRAUD_B,EMP_FRAUD_B,VEND_SHELL_B,0.0,Historical,91.97,442,Circular Fund Flow
305,batch_305_loop_2,2,EMP_FRAUD_B -> VEND_SHELL_B -> SUB_PAYBACK_B -> EMP_FRAUD_B,VEND_SHELL_B,SUB_PAYBACK_B,0.0,Historical,85.66,442,Circular Fund Flow
305,batch_305_loop_2,3,EMP_FRAUD_B -> VEND_SHELL_B -> SUB_PAYBACK_B -> EMP_FRAUD_B,SUB_PAYBACK_B,EMP_FRAUD_B,0.0,Historical,89.73,442,Circular Fund Flow
305,batch_305_loop_3,1,EMP_FRAUD_A -> VEND_SHELL_A -> SUB_PAYBACK_A -> EMP_FRAUD_A,EMP_FRAUD_A,VEND_SHELL_A,0.0,Historical,87.88,442,Circular Fund Flow
305,batch_305_loop_3,2,EMP_FRAUD_A -> VEND_SHELL_A -> SUB_PAYBACK_A -> EMP_FRAUD_A,VEND_SHELL_A,SUB_PAYBACK_A,0.0,Historical,94.0,442,Circular Fund Flow
305,batch_305_loop_3,3,EMP_FRAUD_A -> VEND_SHELL_A -> SUB_PAYBACK_A -> EMP_FRAUD_A,SUB_PAYBACK_A,EMP_FRAUD_A,0.0,Historical,97.26,442,Circular Fund Flow
306,batch_306_loop_1,1,EMP_FRAUD_C -> VEND_SHELL_C -> SUB_PAYBACK_C -> EMP_FRAUD_C,EMP_FRAUD_C,VEND_SHELL_C,0.0,Historical,87.99,451,Circular Fund Flow
306,batch_306_loop_1,2,EMP_FRAUD_C -> VEND_SHELL_C -> SUB_PAYBACK_C -> EMP_FRAUD_C,VEND_SHELL_C,SUB_PAYBACK_C,0.0,Historical,85.05,451,Circular Fund Flow
306,batch_306_loop_1,3,EMP_FRAUD_C -> VEND_SHELL_C -> SUB_PAYBACK_C -> EMP_FRAUD_C,SUB_PAYBACK_C,EMP_FRAUD_C,0.0,Historical,95.23,451,Circular Fund Flow
306,batch_306_loop_2,1,EMP_FRAUD_B -> VEND_SHELL_B -> SUB_PAYBACK_B -> EMP_FRAUD_B,EMP_FRAUD_B,VEND_SHELL_B,0.0,Historical,98.01,451,Circular Fund Flow
306,batch_306_loop_2,2,EMP_FRAUD_B -> VEND_SHELL_B -> SUB_PAYBACK_B -> EMP_FRAUD_B,VEND_SHELL_B,SUB_PAYBACK_B,0.0,Historical,87.69,451,Circular Fund Flow
306,batch_306_loop_2,3,EMP_FRAUD_B -> VEND_SHELL_B -> SUB_PAYBACK_B -> EMP_FRAUD_B,SUB_PAYBACK_B,EMP_FRAUD_B,0.0,Historical,86.57,451,Circular Fund Flow
306,batch_306_loop_3,1,EMP_FRAUD_A -> VEND_SHELL_A -> SUB_PAYBACK_A -> EMP_FRAUD_A,EMP_FRAUD_A,VEND_SHELL_A,0.0,Historical,87.84,451,Circular Fund Flow
306,batch_306_loop_3,2,EMP_FRAUD_A -> VEND_SHELL_A -> SUB_PAYBACK_A -> EMP_FRAUD_A,VEND_SHELL_A,SUB_PAYBACK_A,0.0,Historical,92.11,451,Circular Fund Flow
306,batch_306_loop_3,3,EMP_FRAUD_A -> VEND_SHELL_A -> SUB_PAYBACK_A -> EMP_FRAUD_A,SUB_PAYBACK_A,EMP_FRAUD_A,0.0,Historical,96.2,451,Circular Fund Flow
307,batch_307_loop_1,1,EMP_FRAUD_C -> VEND_SHELL_C -> SUB_PAYBACK_C -> EMP_FRAUD_C,EMP_FRAUD_C,VEND_SHELL_C,0.0,Historical,94.35,451,Circular Fund Flow
307,batch_307_loop_1,2,EMP_FRAUD_C -> VEND_SHELL_C -> SUB_PAYBACK_C -> EMP_FRAUD_C,VEND_SHELL_C,SUB_PAYBACK_C,0.0,Historical,95.93,451,Circular Fund Flow
307,batch_307_loop_1,3,EMP_FRAUD_C -> VEND_SHELL_C -> SUB_PAYBACK_C -> EMP_FRAUD_C,SUB_PAYBACK_C,EMP_FRAUD_C,0.0,Historical,91.8,451,Circular Fund Flow
307,batch_307_loop_2,1,EMP_FRAUD_B -> VEND_SHELL_B -> SUB_PAYBACK_B -> EMP_FRAUD_B,EMP_FRAUD_B,VEND_SHELL_B,0.0,Historical,94.62,451,Circular Fund Flow
307,batch_307_loop_2,2,EMP_FRAUD_B -> VEND_SHELL_B -> SUB_PAYBACK_B -> EMP_FRAUD_B,VEND_SHELL_B,SUB_PAYBACK_B,0.0,Historical,97.31,451,Circular Fund Flow
307,batch_307_loop_2,3,EMP_FRAUD_B -> VEND_SHELL_B -> SUB_PAYBACK_B -> EMP_FRAUD_B,SUB_PAYBACK_B,EMP_FRAUD_B,0.0,Historical,86.09,451,Circular Fund Flow
307,batch_307_loop_3,1,EMP_FRAUD_A -> VEND_SHELL_A -> SUB_PAYBACK_A -> EMP_FRAUD_A,EMP_FRAUD_A,VEND_SHELL_A,0.0,Historical,93.6,451,Circular Fund Flow
307,batch_307_loop_3,2,EMP_FRAUD_A -> VEND_SHELL_A -> SUB_PAYBACK_A -> EMP_FRAUD_A,VEND_SHELL_A,SUB_PAYBACK_A,0.0,Historical,87.09,451,Circular Fund Flow
307,batch_307_loop_3,3,EMP_FRAUD_A -> VEND_SHELL_A -> SUB_PAYBACK_A -> EMP_FRAUD_A,SUB_PAYBACK_A,EMP_FRAUD_A,0.0,Historical,98.78,451,Circular Fund Flow
308,batch_308_loop_1,1,EMP_FRAUD_C -> VEND_SHELL_C -> SUB_PAYBACK_C -> EMP_FRAUD_C,EMP_FRAUD_C,VEND_SHELL_C,0.0,Historical,91.43,457,Circular Fund Flow
308,batch_308_loop_1,2,EMP_FRAUD_C -> VEND_SHELL_C -> SUB_PAYBACK_C -> EMP_FRAUD_C,VEND_SHELL_C,SUB_PAYBACK_C,0.0,Historical,95.27,457,Circular Fund Flow
308,batch_308_loop_1,3,EMP_FRAUD_C -> VEND_SHELL_C -> SUB_PAYBACK_C -> EMP_FRAUD_C,SUB_PAYBACK_C,EMP_FRAUD_C,0.0,Historical,91.41,457,Circular Fund Flow
308,batch_308_loop_2,1,EMP_FRAUD_B -> VEND_SHELL_B -> SUB_PAYBACK_B -> EMP_FRAUD_B,EMP_FRAUD_B,VEND_SHELL_B,0.0,Historical,92.77,457,Circular Fund Flow
308,batch_308_loop_2,2,EMP_FRAUD_B -> VEND_SHELL_B -> SUB_PAYBACK_B -> EMP_FRAUD_B,VEND_SHELL_B,SUB_PAYBACK_B,0.0,Historical,87.89,457,Circular Fund Flow
308,batch_308_loop_2,3,EMP_FRAUD_B -> VEND_SHELL_B -> SUB_PAYBACK_B -> EMP_FRAUD_B,SUB_PAYBACK_B,EMP_FRAUD_B,0.0,Historical,96.76,457,Circular Fund Flow
308,batch_308_loop_3,1,EMP_FRAUD_A -> VEND_SHELL_A -> SUB_PAYBACK_A -> EMP_FRAUD_A,EMP_FRAUD_A,VEND_SHELL_A,0.0,Historical,93.53,457,Circular Fund Flow
308,batch_308_loop_3,2,EMP_FRAUD_A -> VEND_SHELL_A -> SUB_PAYBACK_A -> EMP_FRAUD_A,VEND_SHELL_A,SUB_PAYBACK_A,0.0,Historical,85.15,457,Circular Fund Flow
308,batch_308_loop_3,3,EMP_FRAUD_A -> VEND_SHELL_A -> SUB_PAYBACK_A -> EMP_FRAUD_A,SUB_PAYBACK_A,EMP_FRAUD_A,0.0,Historical,95.46,457,Circular Fund Flow
309,batch_309_loop_1,1,EMP_FRAUD_C -> VEND_SHELL_C -> SUB_PAYBACK_C -> EMP_FRAUD_C,EMP_FRAUD_C,VEND_SHELL_C,0.0,Historical,90.96,452,Circular Fund Flow
309,batch_309_loop_1,2,EMP_FRAUD_C -> VEND_SHELL_C -> SUB_PAYBACK_C -> EMP_FRAUD_C,VEND_SHELL_C,SUB_PAYBACK_C,0.0,Historical,90.62,452,Circular Fund Flow
309,batch_309_loop_1,3,EMP_FRAUD_C -> VEND_SHELL_C -> SUB_PAYBACK_C -> EMP_FRAUD_C,SUB_PAYBACK_C,EMP_FRAUD_C,0.0,Historical,98.9,452,Circular Fund Flow
309,batch_309_loop_2,1,EMP_FRAUD_B -> VEND_SHELL_B -> SUB_PAYBACK_B -> EMP_FRAUD_B,EMP_FRAUD_B,VEND_SHELL_B,0.0,Historical,97.31,452,Circular Fund Flow
309,batch_309_loop_2,2,EMP_FRAUD_B -> VEND_SHELL_B -> SUB_PAYBACK_B -> EMP_FRAUD_B,VEND_SHELL_B,SUB_PAYBACK_B,0.0,Historical,92.41,452,Circular Fund Flow
309,batch_309_loop_2,3,EMP_FRAUD_B -> VEND_SHELL_B -> SUB_PAYBACK_B -> EMP_FRAUD_B,SUB_PAYBACK_B,EMP_FRAUD_B,0.0,Historical,85.74,452,Circular Fund Flow
309,batch_309_loop_3,1,EMP_FRAUD_A -> VEND_SHELL_A -> SUB_PAYBACK_A -> EMP_FRAUD_A,EMP_FRAUD_A,VEND_SHELL_A,0.0,Historical,87.05,452,Circular Fund Flow
309,batch_309_loop_3,2,EMP_FRAUD_A -> VEND_SHELL_A -> SUB_PAYBACK_A -> EMP_FRAUD_A,VEND_SHELL_A,SUB_PAYBACK_A,0.0,Historical,95.96,452,Circular Fund Flow
309,batch_309_loop_3,3,EMP_FRAUD_A -> VEND_SHELL_A -> SUB_PAYBACK_A -> EMP_FRAUD_A,SUB_PAYBACK_A,EMP_FRAUD_A,0.0,Historical,98.89,452,Circular Fund Flow
310,batch_310_loop_1,1,EMP_FRAUD_C -> VEND_SHELL_C -> SUB_PAYBACK_C -> EMP_FRAUD_C,EMP_FRAUD_C,VEND_SHELL_C,0.0,Historical,93.69,456,Circular Fund Flow
310,batch_310_loop_1,2,EMP_FRAUD_C -> VEND_SHELL_C -> SUB_PAYBACK_C -> EMP_FRAUD_C,VEND_SHELL_C,SUB_PAYBACK_C,0.0,Historical,91.15,456,Circular Fund Flow
310,batch_310_loop_1,3,EMP_FRAUD_C -> VEND_SHELL_C -> SUB_PAYBACK_C -> EMP_FRAUD_C,SUB_PAYBACK_C,EMP_FRAUD_C,0.0,Historical,94.03,456,Circular Fund Flow
310,batch_310_loop_2,1,EMP_FRAUD_B -> VEND_SHELL_B -> SUB_PAYBACK_B -> EMP_FRAUD_B,EMP_FRAUD_B,VEND_SHELL_B,0.0,Historical,86.81,456,Circular Fund Flow
310,batch_310_loop_2,2,EMP_FRAUD_B -> VEND_SHELL_B -> SUB_PAYBACK_B -> EMP_FRAUD_B,VEND_SHELL_B,SUB_PAYBACK_B,0.0,Historical,85.93,456,Circular Fund Flow
310,batch_310_loop_2,3,EMP_FRAUD_B -> VEND_SHELL_B -> SUB_PAYBACK_B -> EMP_FRAUD_B,SUB_PAYBACK_B,EMP_FRAUD_B,0.0,Historical,87.4,456,Circular Fund Flow
310,batch_310_loop_3,1,EMP_FRAUD_A -> VEND_SHELL_A -> SUB_PAYBACK_A -> EMP_FRAUD_A,EMP_FRAUD_A,VEND_SHELL_A,0.0,Historical,94.73,456,Circular Fund Flow
310,batch_310_loop_3,2,EMP_FRAUD_A -> VEND_SHELL_A -> SUB_PAYBACK_A -> EMP_FRAUD_A,VEND_SHELL_A,SUB_PAYBACK_A,0.0,Historical,85.74,456,Circular Fund Flow
310,batch_310_loop_3,3,EMP_FRAUD_A -> VEND_SHELL_A -> SUB_PAYBACK_A -> EMP_FRAUD_A,SUB_PAYBACK_A,EMP_FRAUD_A,0.0,Historical,87.52,456,Circular Fund Flow
311,batch_311_loop_1,1,EMP_FRAUD_C -> VEND_SHELL_C -> SUB_PAYBACK_C -> EMP_FRAUD_C,EMP_FRAUD_C,VEND_SHELL_C,0.0,Historical,90.62,458,Circular Fund Flow
311,batch_311_loop_1,2,EMP_FRAUD_C -> VEND_SHELL_C -> SUB_PAYBACK_C -> EMP_FRAUD_C,VEND_SHELL_C,SUB_PAYBACK_C,0.0,Historical,95.28,458,Circular Fund Flow
311,batch_311_loop_1,3,EMP_FRAUD_C -> VEND_SHELL_C -> SUB_PAYBACK_C -> EMP_FRAUD_C,SUB_PAYBACK_C,EMP_FRAUD_C,0.0,Historical,87.36,458,Circular Fund Flow
311,batch_311_loop_2,1,EMP_FRAUD_B -> VEND_SHELL_B -> SUB_PAYBACK_B -> EMP_FRAUD_B,EMP_FRAUD_B,VEND_SHELL_B,0.0,Historical,93.21,458,Circular Fund Flow
311,batch_311_loop_2,2,EMP_FRAUD_B -> VEND_SHELL_B -> SUB_PAYBACK_B -> EMP_FRAUD_B,VEND_SHELL_B,SUB_PAYBACK_B,0.0,Historical,86.77,458,Circular Fund Flow
311,batch_311_loop_2,3,EMP_FRAUD_B -> VEND_SHELL_B -> SUB_PAYBACK_B -> EMP_FRAUD_B,SUB_PAYBACK_B,EMP_FRAUD_B,0.0,Historical,85.53,458,Circular Fund Flow
311,batch_311_loop_3,1,EMP_FRAUD_A -> VEND_SHELL_A -> SUB_PAYBACK_A -> EMP_FRAUD_A,EMP_FRAUD_A,VEND_SHELL_A,0.0,Historical,86.49,458,Circular Fund Flow
311,batch_311_loop_3,2,EMP_FRAUD_A -> VEND_SHELL_A -> SUB_PAYBACK_A -> EMP_FRAUD_A,VEND_SHELL_A,SUB_PAYBACK_A,0.0,Historical,87.15,458,Circular Fund Flow
311,batch_311_loop_3,3,EMP_FRAUD_A -> VEND_SHELL_A -> SUB_PAYBACK_A -> EMP_FRAUD_A,SUB_PAYBACK_A,EMP_FRAUD_A,0.0,Historical,96.75,458,Circular Fund Flow
312,batch_312_loop_1,1,EMP_FRAUD_C -> VEND_SHELL_C -> SUB_PAYBACK_C -> EMP_FRAUD_C,EMP_FRAUD_C,VEND_SHELL_C,0.0,Historical,91.24,457,Circular Fund Flow
312,batch_312_loop_1,2,EMP_FRAUD_C -> VEND_SHELL_C -> SUB_PAYBACK_C -> EMP_FRAUD_C,VEND_SHELL_C,SUB_PAYBACK_C,0.0,Historical,86.09,457,Circular Fund Flow
312,batch_312_loop_1,3,EMP_FRAUD_C -> VEND_SHELL_C -> SUB_PAYBACK_C -> EMP_FRAUD_C,SUB_PAYBACK_C,EMP_FRAUD_C,0.0,Historical,90.46,457,Circular Fund Flow
312,batch_312_loop_2,1,EMP_FRAUD_B -> VEND_SHELL_B -> SUB_PAYBACK_B -> EMP_FRAUD_B,EMP_FRAUD_B,VEND_SHELL_B,0.0,Historical,86.52,457,Circular Fund Flow
312,batch_312_loop_2,2,EMP_FRAUD_B -> VEND_SHELL_B -> SUB_PAYBACK_B -> EMP_FRAUD_B,VEND_SHELL_B,SUB_PAYBACK_B,0.0,Historical,91.17,457,Circular Fund Flow
312,batch_312_loop_2,3,EMP_FRAUD_B -> VEND_SHELL_B -> SUB_PAYBACK_B -> EMP_FRAUD_B,SUB_PAYBACK_B,EMP_FRAUD_B,0.0,Historical,87.32,457,Circular Fund Flow
312,batch_312_loop_3,1,EMP_FRAUD_A -> VEND_SHELL_A -> SUB_PAYBACK_A -> EMP_FRAUD_A,EMP_FRAUD_A,VEND_SHELL_A,0.0,Historical,93.01,457,Circular Fund Flow
312,batch_312_loop_3,2,EMP_FRAUD_A -> VEND_SHELL_A -> SUB_PAYBACK_A -> EMP_FRAUD_A,VEND_SHELL_A,SUB_PAYBACK_A,0.0,Historical,91.04,457,Circular Fund Flow
312,batch_312_loop_3,3,EMP_FRAUD_A -> VEND_SHELL_A -> SUB_PAYBACK_A -> EMP_FRAUD_A,SUB_PAYBACK_A,EMP_FRAUD_A,0.0,Historical,89.97,457,Circular Fund Flow
313,batch_313_loop_1,1,EMP_FRAUD_C -> VEND_SHELL_C -> SUB_PAYBACK_C -> EMP_FRAUD_C,EMP_FRAUD_C,VEND_SHELL_C,0.0,Historical,92.97,453,Circular Fund Flow
313,batch_313_loop_1,2,EMP_FRAUD_C -> VEND_SHELL_C -> SUB_PAYBACK_C -> EMP_FRAUD_C,VEND_SHELL_C,SUB_PAYBACK_C,0.0,Historical,91.61,453,Circular Fund Flow
313,batch_313_loop_1,3,EMP_FRAUD_C -> VEND_SHELL_C -> SUB_PAYBACK_C -> EMP_FRAUD_C,SUB_PAYBACK_C,EMP_FRAUD_C,0.0,Historical,86.21,453,Circular Fund Flow
313,batch_313_loop_2,1,EMP_FRAUD_B -> VEND_SHELL_B -> SUB_PAYBACK_B -> EMP_FRAUD_B,EMP_FRAUD_B,VEND_SHELL_B,0.0,Historical,93.81,453,Circular Fund Flow
313,batch_313_loop_2,2,EMP_FRAUD_B -> VEND_SHELL_B -> SUB_PAYBACK_B -> EMP_FRAUD_B,VEND_SHELL_B,SUB_PAYBACK_B,0.0,Historical,87.94,453,Circular Fund Flow
313,batch_313_loop_2,3,EMP_FRAUD_B -> VEND_SHELL_B -> SUB_PAYBACK_B -> EMP_FRAUD_B,SUB_PAYBACK_B,EMP_FRAUD_B,0.0,Historical,89.37,453,Circular Fund Flow
313,batch_313_loop_3,1,EMP_FRAUD_A -> VEND_SHELL_A -> SUB_PAYBACK_A -> EMP_FRAUD_A,EMP_FRAUD_A,VEND_SHELL_A,0.0,Historical,97.69,453,Circular Fund Flow
313,batch_313_loop_3,2,EMP_FRAUD_A -> VEND_SHELL_A -> SUB_PAYBACK_A -> EMP_FRAUD_A,VEND_SHELL_A,SUB_PAYBACK_A,0.0,Historical,87.14,453,Circular Fund Flow
313,batch_313_loop_3,3,EMP_FRAUD_A -> VEND_SHELL_A -> SUB_PAYBACK_A -> EMP_FRAUD_A,SUB_PAYBACK_A,EMP_FRAUD_A,0.0,Historical,95.6,453,Circular Fund Flow
314,batch_314_loop_1,1,EMP_FRAUD_C -> VEND_SHELL_C -> SUB_PAYBACK_C -> EMP_FRAUD_C,EMP_FRAUD_C,VEND_SHELL_C,0.0,Historical,93.36,457,Circular Fund Flow
314,batch_314_loop_1,2,EMP_FRAUD_C -> VEND_SHELL_C -> SUB_PAYBACK_C -> EMP_FRAUD_C,VEND_SHELL_C,SUB_PAYBACK_C,0.0,Historical,92.04,457,Circular Fund Flow
314,batch_314_loop_1,3,EMP_FRAUD_C -> VEND_SHELL_C -> SUB_PAYBACK_C -> EMP_FRAUD_C,SUB_PAYBACK_C,EMP_FRAUD_C,0.0,Historical,95.27,457,Circular Fund Flow
314,batch_314_loop_2,1,EMP_FRAUD_B -> VEND_SHELL_B -> SUB_PAYBACK_B -> EMP_FRAUD_B,EMP_FRAUD_B,VEND_SHELL_B,0.0,Historical,93.99,457,Circular Fund Flow
314,batch_314_loop_2,2,EMP_FRAUD_B -> VEND_SHELL_B -> SUB_PAYBACK_B -> EMP_FRAUD_B,VEND_SHELL_B,SUB_PAYBACK_B,0.0,Historical,90.26,457,Circular Fund Flow
314,batch_314_loop_2,3,EMP_FRAUD_B -> VEND_SHELL_B -> SUB_PAYBACK_B -> EMP_FRAUD_B,SUB_PAYBACK_B,EMP_FRAUD_B,0.0,Historical,88.04,457,Circular Fund Flow
314,batch_314_loop_3,1,EMP_FRAUD_A -> VEND_SHELL_A -> SUB_PAYBACK_A -> EMP_FRAUD_A,EMP_FRAUD_A,VEND_SHELL_A,0.0,Historical,88.86,457,Circular Fund Flow
314,batch_314_loop_3,2,EMP_FRAUD_A -> VEND_SHELL_A -> SUB_PAYBACK_A -> EMP_FRAUD_A,VEND_SHELL_A,SUB_PAYBACK_A,0.0,Historical,92.7,457,Circular Fund Flow
314,batch_314_loop_3,3,EMP_FRAUD_A -> VEND_SHELL_A -> SUB_PAYBACK_A -> EMP_FRAUD_A,SUB_PAYBACK_A,EMP_FRAUD_A,0.0,Historical,96.05,457,Circular Fund Flow
315,batch_315_loop_1,1,EMP_FRAUD_C -> VEND_SHELL_C -> SUB_PAYBACK_C -> EMP_FRAUD_C,EMP_FRAUD_C,VEND_SHELL_C,0.0,Historical,95.74,454,Circular Fund Flow
315,batch_315_loop_1,2,EMP_FRAUD_C -> VEND_SHELL_C -> SUB_PAYBACK_C -> EMP_FRAUD_C,VEND_SHELL_C,SUB_PAYBACK_C,0.0,Historical,87.22,454,Circular Fund Flow
315,batch_315_loop_1,3,EMP_FRAUD_C -> VEND_SHELL_C -> SUB_PAYBACK_C -> EMP_FRAUD_C,SUB_PAYBACK_C,EMP_FRAUD_C,0.0,Historical,94.82,454,Circular Fund Flow
315,batch_315_loop_2,1,EMP_FRAUD_B -> VEND_SHELL_B -> SUB_PAYBACK_B -> EMP_FRAUD_B,EMP_FRAUD_B,VEND_SHELL_B,0.0,Historical,86.61,454,Circular Fund Flow
315,batch_315_loop_2,2,EMP_FRAUD_B -> VEND_SHELL_B -> SUB_PAYBACK_B -> EMP_FRAUD_B,VEND_SHELL_B,SUB_PAYBACK_B,0.0,Historical,91.06,454,Circular Fund Flow
315,batch_315_loop_2,3,EMP_FRAUD_B -> VEND_SHELL_B -> SUB_PAYBACK_B -> EMP_FRAUD_B,SUB_PAYBACK_B,EMP_FRAUD_B,0.0,Historical,85.05,454,Circular Fund Flow
315,batch_315_loop_3,1,EMP_FRAUD_A -> VEND_SHELL_A -> SUB_PAYBACK_A -> EMP_FRAUD_A,EMP_FRAUD_A,VEND_SHELL_A,0.0,Historical,89.37,454,Circular Fund Flow
315,batch_315_loop_3,2,EMP_FRAUD_A -> VEND_SHELL_A -> SUB_PAYBACK_A -> EMP_FRAUD_A,VEND_SHELL_A,SUB_PAYBACK_A,0.0,Historical,89.1,454,Circular Fund Flow
315,batch_315_loop_3,3,EMP_FRAUD_A -> VEND_SHELL_A -> SUB_PAYBACK_A -> EMP_FRAUD_A,SUB_PAYBACK_A,EMP_FRAUD_A,0.0,Historical,90.01,454,Circular Fund Flow
316,batch_316_loop_1,1,EMP_FRAUD_C -> VEND_SHELL_C -> SUB_PAYBACK_C -> EMP_FRAUD_C,EMP_FRAUD_C,VEND_SHELL_C,0.0,Historical,87.25,453,Circular Fund Flow
316,batch_316_loop_1,2,EMP_FRAUD_C -> VEND_SHELL_C -> SUB_PAYBACK_C -> EMP_FRAUD_C,VEND_SHELL_C,SUB_PAYBACK_C,0.0,Historical,91.76,453,Circular Fund Flow
316,batch_316_loop_1,3,EMP_FRAUD_C -> VEND_SHELL_C -> SUB_PAYBACK_C -> EMP_FRAUD_C,SUB_PAYBACK_C,EMP_FRAUD_C,0.0,Historical,97.3,453,Circular Fund Flow
316,batch_316_loop_2,1,EMP_FRAUD_B -> VEND_SHELL_B -> SUB_PAYBACK_B -> EMP_FRAUD_B,EMP_FRAUD_B,VEND_SHELL_B,0.0,Historical,94.76,453,Circular Fund Flow
316,batch_316_loop_2,2,EMP_FRAUD_B -> VEND_SHELL_B -> SUB_PAYBACK_B -> EMP_FRAUD_B,VEND_SHELL_B,SUB_PAYBACK_B,0.0,Historical,98.67,453,Circular Fund Flow
316,batch_316_loop_2,3,EMP_FRAUD_B -> VEND_SHELL_B -> SUB_PAYBACK_B -> EMP_FRAUD_B,SUB_PAYBACK_B,EMP_FRAUD_B,0.0,Historical,97.95,453,Circular Fund Flow
316,batch_316_loop_3,1,EMP_FRAUD_A -> VEND_SHELL_A -> SUB_PAYBACK_A -> EMP_FRAUD_A,EMP_FRAUD_A,VEND_SHELL_A,0.0,Historical,90.35,453,Circular Fund Flow
316,batch_316_loop_3,2,EMP_FRAUD_A -> VEND_SHELL_A -> SUB_PAYBACK_A -> EMP_FRAUD_A,VEND_SHELL_A,SUB_PAYBACK_A,0.0,Historical,86.09,453,Circular Fund Flow
316,batch_316_loop_3,3,EMP_FRAUD_A -> VEND_SHELL_A -> SUB_PAYBACK_A -> EMP_FRAUD_A,SUB_PAYBACK_A,EMP_FRAUD_A,0.0,Historical,89.6,453,Circular Fund Flow
317,batch_317_loop_1,1,EMP_FRAUD_C -> VEND_SHELL_C -> SUB_PAYBACK_C -> EMP_FRAUD_C,EMP_FRAUD_C,VEND_SHELL_C,0.0,Historical,89.18,450,Circular Fund Flow
317,batch_317_loop_1,2,EMP_FRAUD_C -> VEND_SHELL_C -> SUB_PAYBACK_C -> EMP_FRAUD_C,VEND_SHELL_C,SUB_PAYBACK_C,0.0,Historical,97.76,450,Circular Fund Flow
317,batch_317_loop_1,3,EMP_FRAUD_C -> VEND_SHELL_C -> SUB_PAYBACK_C -> EMP_FRAUD_C,SUB_PAYBACK_C,EMP_FRAUD_C,0.0,Historical,93.81,450,Circular Fund Flow
317,batch_317_loop_2,1,EMP_FRAUD_B -> VEND_SHELL_B -> SUB_PAYBACK_B -> EMP_FRAUD_B,EMP_FRAUD_B,VEND_SHELL_B,0.0,Historical,85.47,450,Circular Fund Flow
317,batch_317_loop_2,2,EMP_FRAUD_B -> VEND_SHELL_B -> SUB_PAYBACK_B -> EMP_FRAUD_B,VEND_SHELL_B,SUB_PAYBACK_B,0.0,Historical,97.59,450,Circular Fund Flow
317,batch_317_loop_2,3,EMP_FRAUD_B -> VEND_SHELL_B -> SUB_PAYBACK_B -> EMP_FRAUD_B,SUB_PAYBACK_B,EMP_FRAUD_B,0.0,Historical,96.28,450,Circular Fund Flow
317,batch_317_loop_3,1,EMP_FRAUD_A -> VEND_SHELL_A -> SUB_PAYBACK_A -> EMP_FRAUD_A,EMP_FRAUD_A,VEND_SHELL_A,0.0,Historical,90.67,450,Circular Fund Flow
317,batch_317_loop_3,2,EMP_FRAUD_A -> VEND_SHELL_A -> SUB_PAYBACK_A -> EMP_FRAUD_A,VEND_SHELL_A,SUB_PAYBACK_A,0.0,Historical,94.17,450,Circular Fund Flow
317,batch_317_loop_3,3,EMP_FRAUD_A -> VEND_SHELL_A -> SUB_PAYBACK_A -> EMP_FRAUD_A,SUB_PAYBACK_A,EMP_FRAUD_A,0.0,Historical,96.23,450,Circular Fund Flow
318,batch_318_loop_1,1,EMP_FRAUD_C -> VEND_SHELL_C -> SUB_PAYBACK_C -> EMP_FRAUD_C,EMP_FRAUD_C,VEND_SHELL_C,0.0,Historical,98.67,450,Circular Fund Flow
318,batch_318_loop_1,2,EMP_FRAUD_C -> VEND_SHELL_C -> SUB_PAYBACK_C -> EMP_FRAUD_C,VEND_SHELL_C,SUB_PAYBACK_C,0.0,Historical,97.92,450,Circular Fund Flow
318,batch_318_loop_1,3,EMP_FRAUD_C -> VEND_SHELL_C -> SUB_PAYBACK_C -> EMP_FRAUD_C,SUB_PAYBACK_C,EMP_FRAUD_C,0.0,Historical,92.93,450,Circular Fund Flow
318,batch_318_loop_2,1,EMP_FRAUD_B -> VEND_SHELL_B -> SUB_PAYBACK_B -> EMP_FRAUD_B,EMP_FRAUD_B,VEND_SHELL_B,0.0,Historical,96.52,450,Circular Fund Flow
318,batch_318_loop_2,2,EMP_FRAUD_B -> VEND_SHELL_B -> SUB_PAYBACK_B -> EMP_FRAUD_B,VEND_SHELL_B,SUB_PAYBACK_B,0.0,Historical,86.33,450,Circular Fund Flow
318,batch_318_loop_2,3,EMP_FRAUD_B -> VEND_SHELL_B -> SUB_PAYBACK_B -> EMP_FRAUD_B,SUB_PAYBACK_B,EMP_FRAUD_B,0.0,Historical,95.95,450,Circular Fund Flow
318,batch_318_loop_3,1,EMP_FRAUD_A -> VEND_SHELL_A -> SUB_PAYBACK_A -> EMP_FRAUD_A,EMP_FRAUD_A,VEND_SHELL_A,0.0,Historical,85.42,450,Circular Fund Flow
318,batch_318_loop_3,2,EMP_FRAUD_A -> VEND_SHELL_A -> SUB_PAYBACK_A -> EMP_FRAUD_A,VEND_SHELL_A,SUB_PAYBACK_A,0.0,Historical,97.93,450,Circular Fund Flow
318,batch_318_loop_3,3,EMP_FRAUD_A -> VEND_SHELL_A -> SUB_PAYBACK_A -> EMP_FRAUD_A,SUB_PAYBACK_A,EMP_FRAUD_A,0.0,Historical,95.26,450,Circular Fund Flow
319,batch_319_loop_1,1,EMP_FRAUD_C -> VEND_SHELL_C -> SUB_PAYBACK_C -> EMP_FRAUD_C,EMP_FRAUD_C,VEND_SHELL_C,0.0,Historical,85.83,449,Circular Fund Flow
319,batch_319_loop_1,2,EMP_FRAUD_C -> VEND_SHELL_C -> SUB_PAYBACK_C -> EMP_FRAUD_C,VEND_SHELL_C,SUB_PAYBACK_C,0.0,Historical,97.19,449,Circular Fund Flow
319,batch_319_loop_1,3,EMP_FRAUD_C -> VEND_SHELL_C -> SUB_PAYBACK_C -> EMP_FRAUD_C,SUB_PAYBACK_C,EMP_FRAUD_C,0.0,Historical,96.88,449,Circular Fund Flow
319,batch_319_loop_2,1,EMP_FRAUD_B -> VEND_SHELL_B -> SUB_PAYBACK_B -> EMP_FRAUD_B,EMP_FRAUD_B,VEND_SHELL_B,0.0,Historical,85.54,449,Circular Fund Flow
319,batch_319_loop_2,2,EMP_FRAUD_B -> VEND_SHELL_B -> SUB_PAYBACK_B -> EMP_FRAUD_B,VEND_SHELL_B,SUB_PAYBACK_B,0.0,Historical,98.73,449,Circular Fund Flow
319,batch_319_loop_2,3,EMP_FRAUD_B -> VEND_SHELL_B -> SUB_PAYBACK_B -> EMP_FRAUD_B,SUB_PAYBACK_B,EMP_FRAUD_B,0.0,Historical,95.11,449,Circular Fund Flow
319,batch_319_loop_3,1,EMP_FRAUD_A -> VEND_SHELL_A -> SUB_PAYBACK_A -> EMP_FRAUD_A,EMP_FRAUD_A,VEND_SHELL_A,0.0,Historical,93.9,449,Circular Fund Flow
319,batch_319_loop_3,2,EMP_FRAUD_A -> VEND_SHELL_A -> SUB_PAYBACK_A -> EMP_FRAUD_A,VEND_SHELL_A,SUB_PAYBACK_A,0.0,Historical,96.38,449,Circular Fund Flow
319,batch_319_loop_3,3,EMP_FRAUD_A -> VEND_SHELL_A -> SUB_PAYBACK_A -> EMP_FRAUD_A,SUB_PAYBACK_A,EMP_FRAUD_A,0.0,Historical,97.09,449,Circular Fund Flow
320,batch_320_loop_1,1,EMP_FRAUD_C -> VEND_SHELL_C -> SUB_PAYBACK_C -> EMP_FRAUD_C,EMP_FRAUD_C,VEND_SHELL_C,0.0,Historical,88.42,450,Circular Fund Flow
320,batch_320_loop_1,2,EMP_FRAUD_C -> VEND_SHELL_C -> SUB_PAYBACK_C -> EMP_FRAUD_C,VEND_SHELL_C,SUB_PAYBACK_C,0.0,Historical,87.03,450,Circular Fund Flow
320,batch_320_loop_1,3,EMP_FRAUD_C -> VEND_SHELL_C -> SUB_PAYBACK_C -> EMP_FRAUD_C,SUB_PAYBACK_C,EMP_FRAUD_C,0.0,Historical,90.67,450,Circular Fund Flow
320,batch_320_loop_2,1,EMP_FRAUD_B -> VEND_SHELL_B -> SUB_PAYBACK_B -> EMP_FRAUD_B,EMP_FRAUD_B,VEND_SHELL_B,0.0,Historical,93.13,450,Circular Fund Flow
320,batch_320_loop_2,2,EMP_FRAUD_B -> VEND_SHELL_B -> SUB_PAYBACK_B -> EMP_FRAUD_B,VEND_SHELL_B,SUB_PAYBACK_B,0.0,Historical,94.64,450,Circular Fund Flow
320,batch_320_loop_2,3,EMP_FRAUD_B -> VEND_SHELL_B -> SUB_PAYBACK_B -> EMP_FRAUD_B,SUB_PAYBACK_B,EMP_FRAUD_B,0.0,Historical,91.44,450,Circular Fund Flow
320,batch_320_loop_3,1,EMP_FRAUD_A -> VEND_SHELL_A -> SUB_PAYBACK_A -> EMP_FRAUD_A,EMP_FRAUD_A,VEND_SHELL_A,0.0,Historical,98.25,450,Circular Fund Flow
320,batch_320_loop_3,2,EMP_FRAUD_A -> VEND_SHELL_A -> SUB_PAYBACK_A -> EMP_FRAUD_A,VEND_SHELL_A,SUB_PAYBACK_A,0.0,Historical,98.22,450,Circular Fund Flow
320,batch_320_loop_3,3,EMP_FRAUD_A -> VEND_SHELL_A -> SUB_PAYBACK_A -> EMP_FRAUD_A,SUB_PAYBACK_A,EMP_FRAUD_A,0.0,Historical,89.48,450,Circular Fund Flow
321,batch_321_loop_1,1,EMP_FRAUD_C -> VEND_SHELL_C -> SUB_PAYBACK_C -> EMP_FRAUD_C,EMP_FRAUD_C,VEND_SHELL_C,0.0,Historical,85.77,449,Circular Fund Flow
321,batch_321_loop_1,2,EMP_FRAUD_C -> VEND_SHELL_C -> SUB_PAYBACK_C -> EMP_FRAUD_C,VEND_SHELL_C,SUB_PAYBACK_C,0.0,Historical,96.21,449,Circular Fund Flow
321,batch_321_loop_1,3,EMP_FRAUD_C -> VEND_SHELL_C -> SUB_PAYBACK_C -> EMP_FRAUD_C,SUB_PAYBACK_C,EMP_FRAUD_C,0.0,Historical,85.48,449,Circular Fund Flow
321,batch_321_loop_2,1,EMP_FRAUD_B -> VEND_SHELL_B -> SUB_PAYBACK_B -> EMP_FRAUD_B,EMP_FRAUD_B,VEND_SHELL_B,0.0,Historical,87.66,449,Circular Fund Flow
321,batch_321_loop_2,2,EMP_FRAUD_B -> VEND_SHELL_B -> SUB_PAYBACK_B -> EMP_FRAUD_B,VEND_SHELL_B,SUB_PAYBACK_B,0.0,Historical,91.98,449,Circular Fund Flow
321,batch_321_loop_2,3,EMP_FRAUD_B -> VEND_SHELL_B -> SUB_PAYBACK_B -> EMP_FRAUD_B,SUB_PAYBACK_B,EMP_FRAUD_B,0.0,Historical,89.72,449,Circular Fund Flow
321,batch_321_loop_3,1,EMP_FRAUD_A -> VEND_SHELL_A -> SUB_PAYBACK_A -> EMP_FRAUD_A,EMP_FRAUD_A,VEND_SHELL_A,0.0,Historical,95.47,449,Circular Fund Flow
321,batch_321_loop_3,2,EMP_FRAUD_A -> VEND_SHELL_A -> SUB_PAYBACK_A -> EMP_FRAUD_A,VEND_SHELL_A,SUB_PAYBACK_A,0.0,Historical,85.12,449,Circular Fund Flow
321,batch_321_loop_3,3,EMP_FRAUD_A -> VEND_SHELL_A -> SUB_PAYBACK_A -> EMP_FRAUD_A,SUB_PAYBACK_A,EMP_FRAUD_A,0.0,Historical,94.01,449,Circular Fund Flow
322,batch_322_loop_1,1,EMP_FRAUD_C -> VEND_SHELL_C -> SUB_PAYBACK_C -> EMP_FRAUD_C,EMP_FRAUD_C,VEND_SHELL_C,0.0,Historical,97.02,453,Circular Fund Flow
322,batch_322_loop_1,2,EMP_FRAUD_C -> VEND_SHELL_C -> SUB_PAYBACK_C -> EMP_FRAUD_C,VEND_SHELL_C,SUB_PAYBACK_C,0.0,Historical,98.45,453,Circular Fund Flow
322,batch_322_loop_1,3,EMP_FRAUD_C -> VEND_SHELL_C -> SUB_PAYBACK_C -> EMP_FRAUD_C,SUB_PAYBACK_C,EMP_FRAUD_C,0.0,Historical,85.06,453,Circular Fund Flow
322,batch_322_loop_2,1,EMP_FRAUD_B -> VEND_SHELL_B -> SUB_PAYBACK_B -> EMP_FRAUD_B,EMP_FRAUD_B,VEND_SHELL_B,0.0,Historical,98.13,453,Circular Fund Flow
322,batch_322_loop_2,2,EMP_FRAUD_B -> VEND_SHELL_B -> SUB_PAYBACK_B -> EMP_FRAUD_B,VEND_SHELL_B,SUB_PAYBACK_B,0.0,Historical,91.04,453,Circular Fund Flow
322,batch_322_loop_2,3,EMP_FRAUD_B -> VEND_SHELL_B -> SUB_PAYBACK_B -> EMP_FRAUD_B,SUB_PAYBACK_B,EMP_FRAUD_B,0.0,Historical,97.87,453,Circular Fund Flow
322,batch_322_loop_3,1,EMP_FRAUD_A -> VEND_SHELL_A -> SUB_PAYBACK_A -> EMP_FRAUD_A,EMP_FRAUD_A,VEND_SHELL_A,0.0,Historical,85.72,453,Circular Fund Flow
322,batch_322_loop_3,2,EMP_FRAUD_A -> VEND_SHELL_A -> SUB_PAYBACK_A -> EMP_FRAUD_A,VEND_SHELL_A,SUB_PAYBACK_A,0.0,Historical,93.28,453,Circular Fund Flow
322,batch_322_loop_3,3,EMP_FRAUD_A -> VEND_SHELL_A -> SUB_PAYBACK_A -> EMP_FRAUD_A,SUB_PAYBACK_A,EMP_FRAUD_A,0.0,Historical,85.49,453,Circular Fund Flow
323,batch_323_loop_1,1,EMP_FRAUD_C -> VEND_SHELL_C -> SUB_PAYBACK_C -> EMP_FRAUD_C,EMP_FRAUD_C,VEND_SHELL_C,0.0,Historical,90.27,450,Circular Fund Flow
323,batch_323_loop_1,2,EMP_FRAUD_C -> VEND_SHELL_C -> SUB_PAYBACK_C -> EMP_FRAUD_C,VEND_SHELL_C,SUB_PAYBACK_C,0.0,Historical,93.64,450,Circular Fund Flow
323,batch_323_loop_1,3,EMP_FRAUD_C -> VEND_SHELL_C -> SUB_PAYBACK_C -> EMP_FRAUD_C,SUB_PAYBACK_C,EMP_FRAUD_C,0.0,Historical,93.64,450,Circular Fund Flow
323,batch_323_loop_2,1,EMP_FRAUD_B -> VEND_SHELL_B -> SUB_PAYBACK_B -> EMP_FRAUD_B,EMP_FRAUD_B,VEND_SHELL_B,0.0,Historical,91.72,450,Circular Fund Flow
323,batch_323_loop_2,2,EMP_FRAUD_B -> VEND_SHELL_B -> SUB_PAYBACK_B -> EMP_FRAUD_B,VEND_SHELL_B,SUB_PAYBACK_B,0.0,Historical,96.74,450,Circular Fund Flow
323,batch_323_loop_2,3,EMP_FRAUD_B -> VEND_SHELL_B -> SUB_PAYBACK_B -> EMP_FRAUD_B,SUB_PAYBACK_B,EMP_FRAUD_B,0.0,Historical,87.29,450,Circular Fund Flow
323,batch_323_loop_3,1,EMP_FRAUD_A -> VEND_SHELL_A -> SUB_PAYBACK_A -> EMP_FRAUD_A,EMP_FRAUD_A,VEND_SHELL_A,0.0,Historical,85.31,450,Circular Fund Flow
323,batch_323_loop_3,2,EMP_FRAUD_A -> VEND_SHELL_A -> SUB_PAYBACK_A -> EMP_FRAUD_A,VEND_SHELL_A,SUB_PAYBACK_A,0.0,Historical,86.54,450,Circular Fund Flow
323,batch_323_loop_3,3,EMP_FRAUD_A -> VEND_SHELL_A -> SUB_PAYBACK_A -> EMP_FRAUD_A,SUB_PAYBACK_A,EMP_FRAUD_A,0.0,Historical,85.39,450,Circular Fund Flow
324,batch_324_loop_1,1,EMP_FRAUD_C -> VEND_SHELL_C -> SUB_PAYBACK_C -> EMP_FRAUD_C,EMP_FRAUD_C,VEND_SHELL_C,0.0,Historical,94.95,449,Circular Fund Flow
324,batch_324_loop_1,2,EMP_FRAUD_C -> VEND_SHELL_C -> SUB_PAYBACK_C -> EMP_FRAUD_C,VEND_SHELL_C,SUB_PAYBACK_C,0.0,Historical,90.82,449,Circular Fund Flow
324,batch_324_loop_1,3,EMP_FRAUD_C -> VEND_SHELL_C -> SUB_PAYBACK_C -> EMP_FRAUD_C,SUB_PAYBACK_C,EMP_FRAUD_C,0.0,Historical,96.34,449,Circular Fund Flow
324,batch_324_loop_2,1,EMP_FRAUD_B -> VEND_SHELL_B -> SUB_PAYBACK_B -> EMP_FRAUD_B,EMP_FRAUD_B,VEND_SHELL_B,0.0,Historical,95.54,449,Circular Fund Flow
324,batch_324_loop_2,2,EMP_FRAUD_B -> VEND_SHELL_B -> SUB_PAYBACK_B -> EMP_FRAUD_B,VEND_SHELL_B,SUB_PAYBACK_B,0.0,Historical,93.77,449,Circular Fund Flow
324,batch_324_loop_2,3,EMP_FRAUD_B -> VEND_SHELL_B -> SUB_PAYBACK_B -> EMP_FRAUD_B,SUB_PAYBACK_B,EMP_FRAUD_B,0.0,Historical,93.28,449,Circular Fund Flow
324,batch_324_loop_3,1,EMP_FRAUD_A -> VEND_SHELL_A -> SUB_PAYBACK_A -> EMP_FRAUD_A,EMP_FRAUD_A,VEND_SHELL_A,0.0,Historical,86.08,449,Circular Fund Flow
324,batch_324_loop_3,2,EMP_FRAUD_A -> VEND_SHELL_A -> SUB_PAYBACK_A -> EMP_FRAUD_A,VEND_SHELL_A,SUB_PAYBACK_A,0.0,Historical,98.73,449,Circular Fund Flow
324,batch_324_loop_3,3,EMP_FRAUD_A -> VEND_SHELL_A -> SUB_PAYBACK_A -> EMP_FRAUD_A,SUB_PAYBACK_A,EMP_FRAUD_A,0.0,Historical,96.33,449,Circular Fund Flow
325,batch_325_loop_1,1,EMP_FRAUD_C -> VEND_SHELL_C -> SUB_PAYBACK_C -> EMP_FRAUD_C,EMP_FRAUD_C,VEND_SHELL_C,0.0,Historical,85.62,452,Circular Fund Flow
325,batch_325_loop_1,2,EMP_FRAUD_C -> VEND_SHELL_C -> SUB_PAYBACK_C -> EMP_FRAUD_C,VEND_SHELL_C,SUB_PAYBACK_C,0.0,Historical,85.37,452,Circular Fund Flow
325,batch_325_loop_1,3,EMP_FRAUD_C -> VEND_SHELL_C -> SUB_PAYBACK_C -> EMP_FRAUD_C,SUB_PAYBACK_C,EMP_FRAUD_C,0.0,Historical,94.82,452,Circular Fund Flow
325,batch_325_loop_2,1,EMP_FRAUD_B -> VEND_SHELL_B -> SUB_PAYBACK_B -> EMP_FRAUD_B,EMP_FRAUD_B,VEND_SHELL_B,0.0,Historical,92.52,452,Circular Fund Flow
325,batch_325_loop_2,2,EMP_FRAUD_B -> VEND_SHELL_B -> SUB_PAYBACK_B -> EMP_FRAUD_B,VEND_SHELL_B,SUB_PAYBACK_B,0.0,Historical,89.92,452,Circular Fund Flow
325,batch_325_loop_2,3,EMP_FRAUD_B -> VEND_SHELL_B -> SUB_PAYBACK_B -> EMP_FRAUD_B,SUB_PAYBACK_B,EMP_FRAUD_B,0.0,Historical,86.99,452,Circular Fund Flow
325,batch_325_loop_3,1,EMP_FRAUD_A -> VEND_SHELL_A -> SUB_PAYBACK_A -> EMP_FRAUD_A,EMP_FRAUD_A,VEND_SHELL_A,0.0,Historical,97.19,452,Circular Fund Flow
325,batch_325_loop_3,2,EMP_FRAUD_A -> VEND_SHELL_A -> SUB_PAYBACK_A -> EMP_FRAUD_A,VEND_SHELL_A,SUB_PAYBACK_A,0.0,Historical,87.61,452,Circular Fund Flow
325,batch_325_loop_3,3,EMP_FRAUD_A -> VEND_SHELL_A -> SUB_PAYBACK_A -> EMP_FRAUD_A,SUB_PAYBACK_A,EMP_FRAUD_A,0.0,Historical,98.53,452,Circular Fund Flow
326,batch_326_loop_1,1,EMP_FRAUD_C -> VEND_SHELL_C -> SUB_PAYBACK_C -> EMP_FRAUD_C,EMP_FRAUD_C,VEND_SHELL_C,0.0,Historical,85.71,450,Circular Fund Flow
326,batch_326_loop_1,2,EMP_FRAUD_C -> VEND_SHELL_C -> SUB_PAYBACK_C -> EMP_FRAUD_C,VEND_SHELL_C,SUB_PAYBACK_C,0.0,Historical,85.43,450,Circular Fund Flow
326,batch_326_loop_1,3,EMP_FRAUD_C -> VEND_SHELL_C -> SUB_PAYBACK_C -> EMP_FRAUD_C,SUB_PAYBACK_C,EMP_FRAUD_C,0.0,Historical,96.51,450,Circular Fund Flow
326,batch_326_loop_2,1,EMP_FRAUD_B -> VEND_SHELL_B -> SUB_PAYBACK_B -> EMP_FRAUD_B,EMP_FRAUD_B,VEND_SHELL_B,0.0,Historical,94.09,450,Circular Fund Flow
326,batch_326_loop_2,2,EMP_FRAUD_B -> VEND_SHELL_B -> SUB_PAYBACK_B -> EMP_FRAUD_B,VEND_SHELL_B,SUB_PAYBACK_B,0.0,Historical,93.64,450,Circular Fund Flow
326,batch_326_loop_2,3,EMP_FRAUD_B -> VEND_SHELL_B -> SUB_PAYBACK_B -> EMP_FRAUD_B,SUB_PAYBACK_B,EMP_FRAUD_B,0.0,Historical,85.31,450,Circular Fund Flow
326,batch_326_loop_3,1,EMP_FRAUD_A -> VEND_SHELL_A -> SUB_PAYBACK_A -> EMP_FRAUD_A,EMP_FRAUD_A,VEND_SHELL_A,0.0,Historical,91.12,450,Circular Fund Flow
326,batch_326_loop_3,2,EMP_FRAUD_A -> VEND_SHELL_A -> SUB_PAYBACK_A -> EMP_FRAUD_A,VEND_SHELL_A,SUB_PAYBACK_A,0.0,Historical,95.14,450,Circular Fund Flow
326,batch_326_loop_3,3,EMP_FRAUD_A -> VEND_SHELL_A -> SUB_PAYBACK_A -> EMP_FRAUD_A,SUB_PAYBACK_A,EMP_FRAUD_A,0.0,Historical,87.64,450,Circular Fund Flow
327,batch_327_loop_1,1,EMP_FRAUD_C -> VEND_SHELL_C -> SUB_PAYBACK_C -> EMP_FRAUD_C,EMP_FRAUD_C,VEND_SHELL_C,0.0,Historical,89.32,450,Circular Fund Flow
327,batch_327_loop_1,2,EMP_FRAUD_C -> VEND_SHELL_C -> SUB_PAYBACK_C -> EMP_FRAUD_C,VEND_SHELL_C,SUB_PAYBACK_C,0.0,Historical,92.51,450,Circular Fund Flow
327,batch_327_loop_1,3,EMP_FRAUD_C -> VEND_SHELL_C -> SUB_PAYBACK_C -> EMP_FRAUD_C,SUB_PAYBACK_C,EMP_FRAUD_C,0.0,Historical,94.04,450,Circular Fund Flow
327,batch_327_loop_2,1,EMP_FRAUD_B -> VEND_SHELL_B -> SUB_PAYBACK_B -> EMP_FRAUD_B,EMP_FRAUD_B,VEND_SHELL_B,0.0,Historical,97.5,450,Circular Fund Flow
327,batch_327_loop_2,2,EMP_FRAUD_B -> VEND_SHELL_B -> SUB_PAYBACK_B -> EMP_FRAUD_B,VEND_SHELL_B,SUB_PAYBACK_B,0.0,Historical,95.42,450,Circular Fund Flow
327,batch_327_loop_2,3,EMP_FRAUD_B -> VEND_SHELL_B -> SUB_PAYBACK_B -> EMP_FRAUD_B,SUB_PAYBACK_B,EMP_FRAUD_B,0.0,Historical,89.58,450,Circular Fund Flow
327,batch_327_loop_3,1,EMP_FRAUD_A -> VEND_SHELL_A -> SUB_PAYBACK_A -> EMP_FRAUD_A,EMP_FRAUD_A,VEND_SHELL_A,0.0,Historical,97.41,450,Circular Fund Flow
327,batch_327_loop_3,2,EMP_FRAUD_A -> VEND_SHELL_A -> SUB_PAYBACK_A -> EMP_FRAUD_A,VEND_SHELL_A,SUB_PAYBACK_A,0.0,Historical,98.9,450,Circular Fund Flow
327,batch_327_loop_3,3,EMP_FRAUD_A -> VEND_SHELL_A -> SUB_PAYBACK_A -> EMP_FRAUD_A,SUB_PAYBACK_A,EMP_FRAUD_A,0.0,Historical,95.66,450,Circular Fund Flow
328,batch_328_loop_1,1,EMP_FRAUD_C -> VEND_SHELL_C -> SUB_PAYBACK_C -> EMP_FRAUD_C,EMP_FRAUD_C,VEND_SHELL_C,9157.84,2026-04-18T06:32:42Z,100.0,451,Circular Fund Flow
328,batch_328_loop_1,2,EMP_FRAUD_C -> VEND_SHELL_C -> SUB_PAYBACK_C -> EMP_FRAUD_C,VEND_SHELL_C,SUB_PAYBACK_C,13042.96,2026-04-18T06:32:42Z,100.0,451,Circular Fund Flow
328,batch_328_loop_1,3,EMP_FRAUD_C -> VEND_SHELL_C -> SUB_PAYBACK_C -> EMP_FRAUD_C,SUB_PAYBACK_C,EMP_FRAUD_C,10951.93,2026-04-18T06:32:42Z,100.0,451,Circular Fund Flow
328,batch_328_loop_2,1,EMP_FRAUD_B -> VEND_SHELL_B -> SUB_PAYBACK_B -> EMP_FRAUD_B,EMP_FRAUD_B,VEND_SHELL_B,8920.87,2026-04-18T06:32:42Z,100.0,451,Circular Fund Flow
328,batch_328_loop_2,2,EMP_FRAUD_B -> VEND_SHELL_B -> SUB_PAYBACK_B -> EMP_FRAUD_B,VEND_SHELL_B,SUB_PAYBACK_B,8689.06,2026-04-18T06:32:42Z,100.0,451,Circular Fund Flow
328,batch_328_loop_2,3,EMP_FRAUD_B -> VEND_SHELL_B -> SUB_PAYBACK_B -> EMP_FRAUD_B,SUB_PAYBACK_B,EMP_FRAUD_B,8540.0,2026-04-18T06:32:42Z,100.0,451,Circular Fund Flow
328,batch_328_loop_3,1,EMP_FRAUD_A -> VEND_SHELL_A -> SUB_PAYBACK_A -> EMP_FRAUD_A,EMP_FRAUD_A,VEND_SHELL_A,8682.78,2026-04-18T06:32:42Z,100.0,451,Circular Fund Flow
328,batch_328_loop_3,2,EMP_FRAUD_A -> VEND_SHELL_A -> SUB_PAYBACK_A -> EMP_FRAUD_A,VEND_SHELL_A,SUB_PAYBACK_A,10181.0,2026-04-18T06:32:42Z,100.0,451,Circular Fund Flow
328,batch_328_loop_3,3,EMP_FRAUD_A -> VEND_SHELL_A -> SUB_PAYBACK_A -> EMP_FRAUD_A,SUB_PAYBACK_A,EMP_FRAUD_A,14481.69,2026-04-18T06:32:42Z,100.0,451,Circular Fund Flow
329,batch_329_loop_1,1,EMP_FRAUD_C -> VEND_SHELL_C -> SUB_PAYBACK_C -> EMP_FRAUD_C,EMP_FRAUD_C,VEND_SHELL_C,0.0,Historical,86.23,452,Circular Fund Flow
329,batch_329_loop_1,2,EMP_FRAUD_C -> VEND_SHELL_C -> SUB_PAYBACK_C -> EMP_FRAUD_C,VEND_SHELL_C,SUB_PAYBACK_C,0.0,Historical,96.44,452,Circular Fund Flow
329,batch_329_loop_1,3,EMP_FRAUD_C -> VEND_SHELL_C -> SUB_PAYBACK_C -> EMP_FRAUD_C,SUB_PAYBACK_C,EMP_FRAUD_C,0.0,Historical,98.24,452,Circular Fund Flow
329,batch_329_loop_2,1,EMP_FRAUD_B -> VEND_SHELL_B -> SUB_PAYBACK_B -> EMP_FRAUD_B,EMP_FRAUD_B,VEND_SHELL_B,0.0,Historical,91.23,452,Circular Fund Flow
329,batch_329_loop_2,2,EMP_FRAUD_B -> VEND_SHELL_B -> SUB_PAYBACK_B -> EMP_FRAUD_B,VEND_SHELL_B,SUB_PAYBACK_B,0.0,Historical,96.97,452,Circular Fund Flow
329,batch_329_loop_2,3,EMP_FRAUD_B -> VEND_SHELL_B -> SUB_PAYBACK_B -> EMP_FRAUD_B,SUB_PAYBACK_B,EMP_FRAUD_B,0.0,Historical,94.85,452,Circular Fund Flow
329,batch_329_loop_3,1,EMP_FRAUD_A -> VEND_SHELL_A -> SUB_PAYBACK_A -> EMP_FRAUD_A,EMP_FRAUD_A,VEND_SHELL_A,0.0,Historical,94.08,452,Circular Fund Flow
329,batch_329_loop_3,2,EMP_FRAUD_A -> VEND_SHELL_A -> SUB_PAYBACK_A -> EMP_FRAUD_A,VEND_SHELL_A,SUB_PAYBACK_A,0.0,Historical,93.34,452,Circular Fund Flow
329,batch_329_loop_3,3,EMP_FRAUD_A -> VEND_SHELL_A -> SUB_PAYBACK_A -> EMP_FRAUD_A,SUB_PAYBACK_A,EMP_FRAUD_A,0.0,Historical,89.82,452,Circular Fund Flow
330,batch_330_loop_1,1,EMP_FRAUD_C -> VEND_SHELL_C -> SUB_PAYBACK_C -> EMP_FRAUD_C,EMP_FRAUD_C,VEND_SHELL_C,0.0,Historical,92.74,448,Circular Fund Flow
330,batch_330_loop_1,2,EMP_FRAUD_C -> VEND_SHELL_C -> SUB_PAYBACK_C -> EMP_FRAUD_C,VEND_SHELL_C,SUB_PAYBACK_C,0.0,Historical,90.23,448,Circular Fund Flow
330,batch_330_loop_1,3,EMP_FRAUD_C -> VEND_SHELL_C -> SUB_PAYBACK_C -> EMP_FRAUD_C,SUB_PAYBACK_C,EMP_FRAUD_C,0.0,Historical,98.07,448,Circular Fund Flow
330,batch_330_loop_2,1,EMP_FRAUD_B -> VEND_SHELL_B -> SUB_PAYBACK_B -> EMP_FRAUD_B,EMP_FRAUD_B,VEND_SHELL_B,0.0,Historical,94.51,448,Circular Fund Flow
330,batch_330_loop_2,2,EMP_FRAUD_B -> VEND_SHELL_B -> SUB_PAYBACK_B -> EMP_FRAUD_B,VEND_SHELL_B,SUB_PAYBACK_B,0.0,Historical,98.61,448,Circular Fund Flow
330,batch_330_loop_2,3,EMP_FRAUD_B -> VEND_SHELL_B -> SUB_PAYBACK_B -> EMP_FRAUD_B,SUB_PAYBACK_B,EMP_FRAUD_B,0.0,Historical,94.26,448,Circular Fund Flow
330,batch_330_loop_3,1,EMP_FRAUD_A -> VEND_SHELL_A -> SUB_PAYBACK_A -> EMP_FRAUD_A,EMP_FRAUD_A,VEND_SHELL_A,0.0,Historical,87.98,448,Circular Fund Flow
330,batch_330_loop_3,2,EMP_FRAUD_A -> VEND_SHELL_A -> SUB_PAYBACK_A -> EMP_FRAUD_A,VEND_SHELL_A,SUB_PAYBACK_A,0.0,Historical,94.27,448,Circular Fund Flow
330,batch_330_loop_3,3,EMP_FRAUD_A -> VEND_SHELL_A -> SUB_PAYBACK_A -> EMP_FRAUD_A,SUB_PAYBACK_A,EMP_FRAUD_A,0.0,Historical,86.21,448,Circular Fund Flow
331,batch_331_loop_1,1,EMP_FRAUD_C -> VEND_SHELL_C -> SUB_PAYBACK_C -> EMP_FRAUD_C,EMP_FRAUD_C,VEND_SHELL_C,0.0,Historical,93.07,449,Circular Fund Flow
331,batch_331_loop_1,2,EMP_FRAUD_C -> VEND_SHELL_C -> SUB_PAYBACK_C -> EMP_FRAUD_C,VEND_SHELL_C,SUB_PAYBACK_C,0.0,Historical,86.86,449,Circular Fund Flow
331,batch_331_loop_1,3,EMP_FRAUD_C -> VEND_SHELL_C -> SUB_PAYBACK_C -> EMP_FRAUD_C,SUB_PAYBACK_C,EMP_FRAUD_C,0.0,Historical,90.55,449,Circular Fund Flow
331,batch_331_loop_2,1,EMP_FRAUD_B -> VEND_SHELL_B -> SUB_PAYBACK_B -> EMP_FRAUD_B,EMP_FRAUD_B,VEND_SHELL_B,0.0,Historical,97.39,449,Circular Fund Flow
331,batch_331_loop_2,2,EMP_FRAUD_B -> VEND_SHELL_B -> SUB_PAYBACK_B -> EMP_FRAUD_B,VEND_SHELL_B,SUB_PAYBACK_B,0.0,Historical,97.39,449,Circular Fund Flow
331,batch_331_loop_2,3,EMP_FRAUD_B -> VEND_SHELL_B -> SUB_PAYBACK_B -> EMP_FRAUD_B,SUB_PAYBACK_B,EMP_FRAUD_B,0.0,Historical,88.33,449,Circular Fund Flow
331,batch_331_loop_3,1,EMP_FRAUD_A -> VEND_SHELL_A -> SUB_PAYBACK_A -> EMP_FRAUD_A,EMP_FRAUD_A,VEND_SHELL_A,0.0,Historical,88.95,449,Circular Fund Flow
331,batch_331_loop_3,2,EMP_FRAUD_A -> VEND_SHELL_A -> SUB_PAYBACK_A -> EMP_FRAUD_A,VEND_SHELL_A,SUB_PAYBACK_A,0.0,Historical,90.56,449,Circular Fund Flow
331,batch_331_loop_3,3,EMP_FRAUD_A -> VEND_SHELL_A -> SUB_PAYBACK_A -> EMP_FRAUD_A,SUB_PAYBACK_A,EMP_FRAUD_A,0.0,Historical,98.76,449,Circular Fund Flow
332,batch_332_loop_1,1,EMP_FRAUD_C -> VEND_SHELL_C -> SUB_PAYBACK_C -> EMP_FRAUD_C,EMP_FRAUD_C,VEND_SHELL_C,0.0,Historical,85.5,451,Circular Fund Flow
332,batch_332_loop_1,2,EMP_FRAUD_C -> VEND_SHELL_C -> SUB_PAYBACK_C -> EMP_FRAUD_C,VEND_SHELL_C,SUB_PAYBACK_C,0.0,Historical,89.96,451,Circular Fund Flow
332,batch_332_loop_1,3,EMP_FRAUD_C -> VEND_SHELL_C -> SUB_PAYBACK_C -> EMP_FRAUD_C,SUB_PAYBACK_C,EMP_FRAUD_C,0.0,Historical,94.85,451,Circular Fund Flow
332,batch_332_loop_2,1,EMP_FRAUD_B -> VEND_SHELL_B -> SUB_PAYBACK_B -> EMP_FRAUD_B,EMP_FRAUD_B,VEND_SHELL_B,0.0,Historical,90.03,451,Circular Fund Flow
332,batch_332_loop_2,2,EMP_FRAUD_B -> VEND_SHELL_B -> SUB_PAYBACK_B -> EMP_FRAUD_B,VEND_SHELL_B,SUB_PAYBACK_B,0.0,Historical,92.81,451,Circular Fund Flow
332,batch_332_loop_2,3,EMP_FRAUD_B -> VEND_SHELL_B -> SUB_PAYBACK_B -> EMP_FRAUD_B,SUB_PAYBACK_B,EMP_FRAUD_B,0.0,Historical,88.4,451,Circular Fund Flow
332,batch_332_loop_3,1,EMP_FRAUD_A -> VEND_SHELL_A -> SUB_PAYBACK_A -> EMP_FRAUD_A,EMP_FRAUD_A,VEND_SHELL_A,0.0,Historical,89.85,451,Circular Fund Flow
332,batch_332_loop_3,2,EMP_FRAUD_A -> VEND_SHELL_A -> SUB_PAYBACK_A -> EMP_FRAUD_A,VEND_SHELL_A,SUB_PAYBACK_A,0.0,Historical,93.18,451,Circular Fund Flow
332,batch_332_loop_3,3,EMP_FRAUD_A -> VEND_SHELL_A -> SUB_PAYBACK_A -> EMP_FRAUD_A,SUB_PAYBACK_A,EMP_FRAUD_A,0.0,Historical,94.05,451,Circular Fund Flow
333,batch_333_loop_1,1,EMP_FRAUD_C -> VEND_SHELL_C -> SUB_PAYBACK_C -> EMP_FRAUD_C,EMP_FRAUD_C,VEND_SHELL_C,0.0,Historical,93.25,452,Circular Fund Flow
333,batch_333_loop_1,2,EMP_FRAUD_C -> VEND_SHELL_C -> SUB_PAYBACK_C -> EMP_FRAUD_C,VEND_SHELL_C,SUB_PAYBACK_C,0.0,Historical,87.97,452,Circular Fund Flow
333,batch_333_loop_1,3,EMP_FRAUD_C -> VEND_SHELL_C -> SUB_PAYBACK_C -> EMP_FRAUD_C,SUB_PAYBACK_C,EMP_FRAUD_C,0.0,Historical,96.78,452,Circular Fund Flow
333,batch_333_loop_2,1,EMP_FRAUD_B -> VEND_SHELL_B -> SUB_PAYBACK_B -> EMP_FRAUD_B,EMP_FRAUD_B,VEND_SHELL_B,0.0,Historical,98.75,452,Circular Fund Flow
333,batch_333_loop_2,2,EMP_FRAUD_B -> VEND_SHELL_B -> SUB_PAYBACK_B -> EMP_FRAUD_B,VEND_SHELL_B,SUB_PAYBACK_B,0.0,Historical,86.42,452,Circular Fund Flow
333,batch_333_loop_2,3,EMP_FRAUD_B -> VEND_SHELL_B -> SUB_PAYBACK_B -> EMP_FRAUD_B,SUB_PAYBACK_B,EMP_FRAUD_B,0.0,Historical,95.64,452,Circular Fund Flow
333,batch_333_loop_3,1,EMP_FRAUD_A -> VEND_SHELL_A -> SUB_PAYBACK_A -> EMP_FRAUD_A,EMP_FRAUD_A,VEND_SHELL_A,0.0,Historical,87.01,452,Circular Fund Flow
333,batch_333_loop_3,2,EMP_FRAUD_A -> VEND_SHELL_A -> SUB_PAYBACK_A -> EMP_FRAUD_A,VEND_SHELL_A,SUB_PAYBACK_A,0.0,Historical,87.01,452,Circular Fund Flow
333,batch_333_loop_3,3,EMP_FRAUD_A -> VEND_SHELL_A -> SUB_PAYBACK_A -> EMP_FRAUD_A,SUB_PAYBACK_A,EMP_FRAUD_A,0.0,Historical,93.05,452,Circular Fund Flow
334,batch_334_loop_1,1,EMP_FRAUD_C -> VEND_SHELL_C -> SUB_PAYBACK_C -> EMP_FRAUD_C,EMP_FRAUD_C,VEND_SHELL_C,0.0,Historical,92.21,452,Circular Fund Flow
334,batch_334_loop_1,2,EMP_FRAUD_C -> VEND_SHELL_C -> SUB_PAYBACK_C -> EMP_FRAUD_C,VEND_SHELL_C,SUB_PAYBACK_C,0.0,Historical,96.85,452,Circular Fund Flow
334,batch_334_loop_1,3,EMP_FRAUD_C -> VEND_SHELL_C -> SUB_PAYBACK_C -> EMP_FRAUD_C,SUB_PAYBACK_C,EMP_FRAUD_C,0.0,Historical,93.91,452,Circular Fund Flow
334,batch_334_loop_2,1,EMP_FRAUD_B -> VEND_SHELL_B -> SUB_PAYBACK_B -> EMP_FRAUD_B,EMP_FRAUD_B,VEND_SHELL_B,0.0,Historical,93.8,452,Circular Fund Flow
334,batch_334_loop_2,2,EMP_FRAUD_B -> VEND_SHELL_B -> SUB_PAYBACK_B -> EMP_FRAUD_B,VEND_SHELL_B,SUB_PAYBACK_B,0.0,Historical,89.73,452,Circular Fund Flow
334,batch_334_loop_2,3,EMP_FRAUD_B -> VEND_SHELL_B -> SUB_PAYBACK_B -> EMP_FRAUD_B,SUB_PAYBACK_B,EMP_FRAUD_B,0.0,Historical,92.04,452,Circular Fund Flow
334,batch_334_loop_3,1,EMP_FRAUD_A -> VEND_SHELL_A -> SUB_PAYBACK_A -> EMP_FRAUD_A,EMP_FRAUD_A,VEND_SHELL_A,0.0,Historical,88.94,452,Circular Fund Flow
334,batch_334_loop_3,2,EMP_FRAUD_A -> VEND_SHELL_A -> SUB_PAYBACK_A -> EMP_FRAUD_A,VEND_SHELL_A,SUB_PAYBACK_A,0.0,Historical,94.88,452,Circular Fund Flow
334,batch_334_loop_3,3,EMP_FRAUD_A -> VEND_SHELL_A -> SUB_PAYBACK_A -> EMP_FRAUD_A,SUB_PAYBACK_A,EMP_FRAUD_A,0.0,Historical,97.92,452,Circular Fund Flow
335,batch_335_loop_1,1,EMP_FRAUD_C -> VEND_SHELL_C -> SUB_PAYBACK_C -> EMP_FRAUD_C,EMP_FRAUD_C,VEND_SHELL_C,0.0,Historical,90.86,449,Circular Fund Flow
335,batch_335_loop_1,2,EMP_FRAUD_C -> VEND_SHELL_C -> SUB_PAYBACK_C -> EMP_FRAUD_C,VEND_SHELL_C,SUB_PAYBACK_C,0.0,Historical,88.06,449,Circular Fund Flow
335,batch_335_loop_1,3,EMP_FRAUD_C -> VEND_SHELL_C -> SUB_PAYBACK_C -> EMP_FRAUD_C,SUB_PAYBACK_C,EMP_FRAUD_C,0.0,Historical,96.47,449,Circular Fund Flow
335,batch_335_loop_2,1,EMP_FRAUD_B -> VEND_SHELL_B -> SUB_PAYBACK_B -> EMP_FRAUD_B,EMP_FRAUD_B,VEND_SHELL_B,0.0,Historical,94.26,449,Circular Fund Flow
335,batch_335_loop_2,2,EMP_FRAUD_B -> VEND_SHELL_B -> SUB_PAYBACK_B -> EMP_FRAUD_B,VEND_SHELL_B,SUB_PAYBACK_B,0.0,Historical,89.72,449,Circular Fund Flow
335,batch_335_loop_2,3,EMP_FRAUD_B -> VEND_SHELL_B -> SUB_PAYBACK_B -> EMP_FRAUD_B,SUB_PAYBACK_B,EMP_FRAUD_B,0.0,Historical,94.67,449,Circular Fund Flow
335,batch_335_loop_3,1,EMP_FRAUD_A -> VEND_SHELL_A -> SUB_PAYBACK_A -> EMP_FRAUD_A,EMP_FRAUD_A,VEND_SHELL_A,0.0,Historical,92.7,449,Circular Fund Flow
335,batch_335_loop_3,2,EMP_FRAUD_A -> VEND_SHELL_A -> SUB_PAYBACK_A -> EMP_FRAUD_A,VEND_SHELL_A,SUB_PAYBACK_A,0.0,Historical,92.66,449,Circular Fund Flow
335,batch_335_loop_3,3,EMP_FRAUD_A -> VEND_SHELL_A -> SUB_PAYBACK_A -> EMP_FRAUD_A,SUB_PAYBACK_A,EMP_FRAUD_A,0.0,Historical,89.84,449,Circular Fund Flow
336,batch_336_loop_1,1,EMP_FRAUD_C -> VEND_SHELL_C -> SUB_PAYBACK_C -> EMP_FRAUD_C,EMP_FRAUD_C,VEND_SHELL_C,0.0,Historical,90.64,452,Circular Fund Flow
336,batch_336_loop_1,2,EMP_FRAUD_C -> VEND_SHELL_C -> SUB_PAYBACK_C -> EMP_FRAUD_C,VEND_SHELL_C,SUB_PAYBACK_C,0.0,Historical,93.05,452,Circular Fund Flow
336,batch_336_loop_1,3,EMP_FRAUD_C -> VEND_SHELL_C -> SUB_PAYBACK_C -> EMP_FRAUD_C,SUB_PAYBACK_C,EMP_FRAUD_C,0.0,Historical,85.96,452,Circular Fund Flow
336,batch_336_loop_2,1,EMP_FRAUD_B -> VEND_SHELL_B -> SUB_PAYBACK_B -> EMP_FRAUD_B,EMP_FRAUD_B,VEND_SHELL_B,0.0,Historical,94.96,452,Circular Fund Flow
336,batch_336_loop_2,2,EMP_FRAUD_B -> VEND_SHELL_B -> SUB_PAYBACK_B -> EMP_FRAUD_B,VEND_SHELL_B,SUB_PAYBACK_B,0.0,Historical,93.43,452,Circular Fund Flow
336,batch_336_loop_2,3,EMP_FRAUD_B -> VEND_SHELL_B -> SUB_PAYBACK_B -> EMP_FRAUD_B,SUB_PAYBACK_B,EMP_FRAUD_B,0.0,Historical,97.84,452,Circular Fund Flow
336,batch_336_loop_3,1,EMP_FRAUD_A -> VEND_SHELL_A -> SUB_PAYBACK_A -> EMP_FRAUD_A,EMP_FRAUD_A,VEND_SHELL_A,0.0,Historical,91.36,452,Circular Fund Flow
336,batch_336_loop_3,2,EMP_FRAUD_A -> VEND_SHELL_A -> SUB_PAYBACK_A -> EMP_FRAUD_A,VEND_SHELL_A,SUB_PAYBACK_A,0.0,Historical,85.12,452,Circular Fund Flow
336,batch_336_loop_3,3,EMP_FRAUD_A -> VEND_SHELL_A -> SUB_PAYBACK_A -> EMP_FRAUD_A,SUB_PAYBACK_A,EMP_FRAUD_A,0.0,Historical,89.75,452,Circular Fund Flow
337,batch_337_loop_1,1,EMP_FRAUD_C -> VEND_SHELL_C -> SUB_PAYBACK_C -> EMP_FRAUD_C,EMP_FRAUD_C,VEND_SHELL_C,0.0,Historical,98.23,457,Circular Fund Flow
337,batch_337_loop_1,2,EMP_FRAUD_C -> VEND_SHELL_C -> SUB_PAYBACK_C -> EMP_FRAUD_C,VEND_SHELL_C,SUB_PAYBACK_C,0.0,Historical,98.48,457,Circular Fund Flow
337,batch_337_loop_1,3,EMP_FRAUD_C -> VEND_SHELL_C -> SUB_PAYBACK_C -> EMP_FRAUD_C,SUB_PAYBACK_C,EMP_FRAUD_C,0.0,Historical,88.55,457,Circular Fund Flow
337,batch_337_loop_2,1,EMP_FRAUD_B -> VEND_SHELL_B -> SUB_PAYBACK_B -> EMP_FRAUD_B,EMP_FRAUD_B,VEND_SHELL_B,0.0,Historical,96.62,457,Circular Fund Flow
337,batch_337_loop_2,2,EMP_FRAUD_B -> VEND_SHELL_B -> SUB_PAYBACK_B -> EMP_FRAUD_B,VEND_SHELL_B,SUB_PAYBACK_B,0.0,Historical,89.9,457,Circular Fund Flow
337,batch_337_loop_2,3,EMP_FRAUD_B -> VEND_SHELL_B -> SUB_PAYBACK_B -> EMP_FRAUD_B,SUB_PAYBACK_B,EMP_FRAUD_B,0.0,Historical,93.41,457,Circular Fund Flow
337,batch_337_loop_3,1,EMP_FRAUD_A -> VEND_SHELL_A -> SUB_PAYBACK_A -> EMP_FRAUD_A,EMP_FRAUD_A,VEND_SHELL_A,0.0,Historical,85.22,457,Circular Fund Flow
337,batch_337_loop_3,2,EMP_FRAUD_A -> VEND_SHELL_A -> SUB_PAYBACK_A -> EMP_FRAUD_A,VEND_SHELL_A,SUB_PAYBACK_A,0.0,Historical,92.7,457,Circular Fund Flow
337,batch_337_loop_3,3,EMP_FRAUD_A -> VEND_SHELL_A -> SUB_PAYBACK_A -> EMP_FRAUD_A,SUB_PAYBACK_A,EMP_FRAUD_A,0.0,Historical,95.95,457,Circular Fund Flow
338,batch_338_loop_1,1,EMP_FRAUD_C -> VEND_SHELL_C -> SUB_PAYBACK_C -> EMP_FRAUD_C,EMP_FRAUD_C,VEND_SHELL_C,0.0,Historical,85.52,453,Circular Fund Flow
338,batch_338_loop_1,2,EMP_FRAUD_C -> VEND_SHELL_C -> SUB_PAYBACK_C -> EMP_FRAUD_C,VEND_SHELL_C,SUB_PAYBACK_C,0.0,Historical,89.85,453,Circular Fund Flow
338,batch_338_loop_1,3,EMP_FRAUD_C -> VEND_SHELL_C -> SUB_PAYBACK_C -> EMP_FRAUD_C,SUB_PAYBACK_C,EMP_FRAUD_C,0.0,Historical,98.86,453,Circular Fund Flow
338,batch_338_loop_2,1,EMP_FRAUD_B -> VEND_SHELL_B -> SUB_PAYBACK_B -> EMP_FRAUD_B,EMP_FRAUD_B,VEND_SHELL_B,0.0,Historical,86.98,453,Circular Fund Flow
338,batch_338_loop_2,2,EMP_FRAUD_B -> VEND_SHELL_B -> SUB_PAYBACK_B -> EMP_FRAUD_B,VEND_SHELL_B,SUB_PAYBACK_B,0.0,Historical,85.96,453,Circular Fund Flow
338,batch_338_loop_2,3,EMP_FRAUD_B -> VEND_SHELL_B -> SUB_PAYBACK_B -> EMP_FRAUD_B,SUB_PAYBACK_B,EMP_FRAUD_B,0.0,Historical,85.85,453,Circular Fund Flow
338,batch_338_loop_3,1,EMP_FRAUD_A -> VEND_SHELL_A -> SUB_PAYBACK_A -> EMP_FRAUD_A,EMP_FRAUD_A,VEND_SHELL_A,0.0,Historical,85.5,453,Circular Fund Flow
338,batch_338_loop_3,2,EMP_FRAUD_A -> VEND_SHELL_A -> SUB_PAYBACK_A -> EMP_FRAUD_A,VEND_SHELL_A,SUB_PAYBACK_A,0.0,Historical,95.86,453,Circular Fund Flow
338,batch_338_loop_3,3,EMP_FRAUD_A -> VEND_SHELL_A -> SUB_PAYBACK_A -> EMP_FRAUD_A,SUB_PAYBACK_A,EMP_FRAUD_A,0.0,Historical,97.45,453,Circular Fund Flow
339,batch_339_loop_1,1,EMP_FRAUD_C -> VEND_SHELL_C -> SUB_PAYBACK_C -> EMP_FRAUD_C,EMP_FRAUD_C,VEND_SHELL_C,0.0,Historical,93.44,452,Circular Fund Flow
339,batch_339_loop_1,2,EMP_FRAUD_C -> VEND_SHELL_C -> SUB_PAYBACK_C -> EMP_FRAUD_C,VEND_SHELL_C,SUB_PAYBACK_C,0.0,Historical,87.54,452,Circular Fund Flow
339,batch_339_loop_1,3,EMP_FRAUD_C -> VEND_SHELL_C -> SUB_PAYBACK_C -> EMP_FRAUD_C,SUB_PAYBACK_C,EMP_FRAUD_C,0.0,Historical,90.16,452,Circular Fund Flow
339,batch_339_loop_2,1,EMP_FRAUD_B -> VEND_SHELL_B -> SUB_PAYBACK_B -> EMP_FRAUD_B,EMP_FRAUD_B,VEND_SHELL_B,0.0,Historical,95.51,452,Circular Fund Flow
339,batch_339_loop_2,2,EMP_FRAUD_B -> VEND_SHELL_B -> SUB_PAYBACK_B -> EMP_FRAUD_B,VEND_SHELL_B,SUB_PAYBACK_B,0.0,Historical,92.28,452,Circular Fund Flow
339,batch_339_loop_2,3,EMP_FRAUD_B -> VEND_SHELL_B -> SUB_PAYBACK_B -> EMP_FRAUD_B,SUB_PAYBACK_B,EMP_FRAUD_B,0.0,Historical,98.52,452,Circular Fund Flow
339,batch_339_loop_3,1,EMP_FRAUD_A -> VEND_SHELL_A -> SUB_PAYBACK_A -> EMP_FRAUD_A,EMP_FRAUD_A,VEND_SHELL_A,0.0,Historical,95.2,452,Circular Fund Flow
339,batch_339_loop_3,2,EMP_FRAUD_A -> VEND_SHELL_A -> SUB_PAYBACK_A -> EMP_FRAUD_A,VEND_SHELL_A,SUB_PAYBACK_A,0.0,Historical,92.45,452,Circular Fund Flow
339,batch_339_loop_3,3,EMP_FRAUD_A -> VEND_SHELL_A -> SUB_PAYBACK_A -> EMP_FRAUD_A,SUB_PAYBACK_A,EMP_FRAUD_A,0.0,Historical,85.27,452,Circular Fund Flow
340,batch_340_loop_1,1,EMP_FRAUD_C -> VEND_SHELL_C -> SUB_PAYBACK_C -> EMP_FRAUD_C,EMP_FRAUD_C,VEND_SHELL_C,0.0,Historical,95.17,452,Circular Fund Flow
340,batch_340_loop_1,2,EMP_FRAUD_C -> VEND_SHELL_C -> SUB_PAYBACK_C -> EMP_FRAUD_C,VEND_SHELL_C,SUB_PAYBACK_C,0.0,Historical,91.66,452,Circular Fund Flow
340,batch_340_loop_1,3,EMP_FRAUD_C -> VEND_SHELL_C -> SUB_PAYBACK_C -> EMP_FRAUD_C,SUB_PAYBACK_C,EMP_FRAUD_C,0.0,Historical,94.33,452,Circular Fund Flow
340,batch_340_loop_2,1,EMP_FRAUD_B -> VEND_SHELL_B -> SUB_PAYBACK_B -> EMP_FRAUD_B,EMP_FRAUD_B,VEND_SHELL_B,0.0,Historical,85.57,452,Circular Fund Flow
340,batch_340_loop_2,2,EMP_FRAUD_B -> VEND_SHELL_B -> SUB_PAYBACK_B -> EMP_FRAUD_B,VEND_SHELL_B,SUB_PAYBACK_B,0.0,Historical,91.4,452,Circular Fund Flow
340,batch_340_loop_2,3,EMP_FRAUD_B -> VEND_SHELL_B -> SUB_PAYBACK_B -> EMP_FRAUD_B,SUB_PAYBACK_B,EMP_FRAUD_B,0.0,Historical,88.76,452,Circular Fund Flow
340,batch_340_loop_3,1,EMP_FRAUD_A -> VEND_SHELL_A -> SUB_PAYBACK_A -> EMP_FRAUD_A,EMP_FRAUD_A,VEND_SHELL_A,0.0,Historical,97.8,452,Circular Fund Flow
340,batch_340_loop_3,2,EMP_FRAUD_A -> VEND_SHELL_A -> SUB_PAYBACK_A -> EMP_FRAUD_A,VEND_SHELL_A,SUB_PAYBACK_A,0.0,Historical,97.0,452,Circular Fund Flow
340,batch_340_loop_3,3,EMP_FRAUD_A -> VEND_SHELL_A -> SUB_PAYBACK_A -> EMP_FRAUD_A,SUB_PAYBACK_A,EMP_FRAUD_A,0.0,Historical,88.15,452,Circular Fund Flow
341,batch_341_loop_1,1,EMP_FRAUD_C -> VEND_SHELL_C -> SUB_PAYBACK_C -> EMP_FRAUD_C,EMP_FRAUD_C,VEND_SHELL_C,0.0,Historical,88.06,449,Circular Fund Flow
341,batch_341_loop_1,2,EMP_FRAUD_C -> VEND_SHELL_C -> SUB_PAYBACK_C -> EMP_FRAUD_C,VEND_SHELL_C,SUB_PAYBACK_C,0.0,Historical,90.98,449,Circular Fund Flow
341,batch_341_loop_1,3,EMP_FRAUD_C -> VEND_SHELL_C -> SUB_PAYBACK_C -> EMP_FRAUD_C,SUB_PAYBACK_C,EMP_FRAUD_C,0.0,Historical,88.82,449,Circular Fund Flow
341,batch_341_loop_2,1,EMP_FRAUD_B -> VEND_SHELL_B -> SUB_PAYBACK_B -> EMP_FRAUD_B,EMP_FRAUD_B,VEND_SHELL_B,0.0,Historical,91.15,449,Circular Fund Flow
341,batch_341_loop_2,2,EMP_FRAUD_B -> VEND_SHELL_B -> SUB_PAYBACK_B -> EMP_FRAUD_B,VEND_SHELL_B,SUB_PAYBACK_B,0.0,Historical,87.56,449,Circular Fund Flow
341,batch_341_loop_2,3,EMP_FRAUD_B -> VEND_SHELL_B -> SUB_PAYBACK_B -> EMP_FRAUD_B,SUB_PAYBACK_B,EMP_FRAUD_B,0.0,Historical,85.4,449,Circular Fund Flow
341,batch_341_loop_3,1,EMP_FRAUD_A -> VEND_SHELL_A -> SUB_PAYBACK_A -> EMP_FRAUD_A,EMP_FRAUD_A,VEND_SHELL_A,0.0,Historical,91.75,449,Circular Fund Flow
341,batch_341_loop_3,2,EMP_FRAUD_A -> VEND_SHELL_A -> SUB_PAYBACK_A -> EMP_FRAUD_A,VEND_SHELL_A,SUB_PAYBACK_A,0.0,Historical,98.52,449,Circular Fund Flow
341,batch_341_loop_3,3,EMP_FRAUD_A -> VEND_SHELL_A -> SUB_PAYBACK_A -> EMP_FRAUD_A,SUB_PAYBACK_A,EMP_FRAUD_A,0.0,Historical,90.17,449,Circular Fund Flow
342,batch_342_loop_1,1,EMP_FRAUD_C -> VEND_SHELL_C -> SUB_PAYBACK_C -> EMP_FRAUD_C,EMP_FRAUD_C,VEND_SHELL_C,0.0,Historical,97.02,451,Circular Fund Flow
342,batch_342_loop_1,2,EMP_FRAUD_C -> VEND_SHELL_C -> SUB_PAYBACK_C -> EMP_FRAUD_C,VEND_SHELL_C,SUB_PAYBACK_C,0.0,Historical,92.62,451,Circular Fund Flow
342,batch_342_loop_1,3,EMP_FRAUD_C -> VEND_SHELL_C -> SUB_PAYBACK_C -> EMP_FRAUD_C,SUB_PAYBACK_C,EMP_FRAUD_C,0.0,Historical,97.65,451,Circular Fund Flow
342,batch_342_loop_2,1,EMP_FRAUD_B -> VEND_SHELL_B -> SUB_PAYBACK_B -> EMP_FRAUD_B,EMP_FRAUD_B,VEND_SHELL_B,0.0,Historical,95.91,451,Circular Fund Flow
342,batch_342_loop_2,2,EMP_FRAUD_B -> VEND_SHELL_B -> SUB_PAYBACK_B -> EMP_FRAUD_B,VEND_SHELL_B,SUB_PAYBACK_B,0.0,Historical,85.78,451,Circular Fund Flow
342,batch_342_loop_2,3,EMP_FRAUD_B -> VEND_SHELL_B -> SUB_PAYBACK_B -> EMP_FRAUD_B,SUB_PAYBACK_B,EMP_FRAUD_B,0.0,Historical,95.38,451,Circular Fund Flow
342,batch_342_loop_3,1,EMP_FRAUD_A -> VEND_SHELL_A -> SUB_PAYBACK_A -> EMP_FRAUD_A,EMP_FRAUD_A,VEND_SHELL_A,0.0,Historical,94.46,451,Circular Fund Flow
342,batch_342_loop_3,2,EMP_FRAUD_A -> VEND_SHELL_A -> SUB_PAYBACK_A -> EMP_FRAUD_A,VEND_SHELL_A,SUB_PAYBACK_A,0.0,Historical,92.89,451,Circular Fund Flow
342,batch_342_loop_3,3,EMP_FRAUD_A -> VEND_SHELL_A -> SUB_PAYBACK_A -> EMP_FRAUD_A,SUB_PAYBACK_A,EMP_FRAUD_A,0.0,Historical,86.18,451,Circular Fund Flow
343,batch_343_loop_1,1,EMP_FRAUD_C -> VEND_SHELL_C -> SUB_PAYBACK_C -> EMP_FRAUD_C,EMP_FRAUD_C,VEND_SHELL_C,0.0,Historical,88.62,451,Circular Fund Flow
343,batch_343_loop_1,2,EMP_FRAUD_C -> VEND_SHELL_C -> SUB_PAYBACK_C -> EMP_FRAUD_C,VEND_SHELL_C,SUB_PAYBACK_C,0.0,Historical,96.19,451,Circular Fund Flow
343,batch_343_loop_1,3,EMP_FRAUD_C -> VEND_SHELL_C -> SUB_PAYBACK_C -> EMP_FRAUD_C,SUB_PAYBACK_C,EMP_FRAUD_C,0.0,Historical,89.03,451,Circular Fund Flow
343,batch_343_loop_2,1,EMP_FRAUD_B -> VEND_SHELL_B -> SUB_PAYBACK_B -> EMP_FRAUD_B,EMP_FRAUD_B,VEND_SHELL_B,0.0,Historical,89.28,451,Circular Fund Flow
343,batch_343_loop_2,2,EMP_FRAUD_B -> VEND_SHELL_B -> SUB_PAYBACK_B -> EMP_FRAUD_B,VEND_SHELL_B,SUB_PAYBACK_B,0.0,Historical,95.07,451,Circular Fund Flow
343,batch_343_loop_2,3,EMP_FRAUD_B -> VEND_SHELL_B -> SUB_PAYBACK_B -> EMP_FRAUD_B,SUB_PAYBACK_B,EMP_FRAUD_B,0.0,Historical,85.92,451,Circular Fund Flow
343,batch_343_loop_3,1,EMP_FRAUD_A -> VEND_SHELL_A -> SUB_PAYBACK_A -> EMP_FRAUD_A,EMP_FRAUD_A,VEND_SHELL_A,0.0,Historical,97.94,451,Circular Fund Flow
343,batch_343_loop_3,2,EMP_FRAUD_A -> VEND_SHELL_A -> SUB_PAYBACK_A -> EMP_FRAUD_A,VEND_SHELL_A,SUB_PAYBACK_A,0.0,Historical,93.04,451,Circular Fund Flow
343,batch_343_loop_3,3,EMP_FRAUD_A -> VEND_SHELL_A -> SUB_PAYBACK_A -> EMP_FRAUD_A,SUB_PAYBACK_A,EMP_FRAUD_A,0.0,Historical,94.24,451,Circular Fund Flow
344,batch_344_loop_1,1,EMP_FRAUD_C -> VEND_SHELL_C -> SUB_PAYBACK_C -> EMP_FRAUD_C,EMP_FRAUD_C,VEND_SHELL_C,0.0,Historical,98.75,453,Circular Fund Flow
344,batch_344_loop_1,2,EMP_FRAUD_C -> VEND_SHELL_C -> SUB_PAYBACK_C -> EMP_FRAUD_C,VEND_SHELL_C,SUB_PAYBACK_C,0.0,Historical,95.88,453,Circular Fund Flow
344,batch_344_loop_1,3,EMP_FRAUD_C -> VEND_SHELL_C -> SUB_PAYBACK_C -> EMP_FRAUD_C,SUB_PAYBACK_C,EMP_FRAUD_C,0.0,Historical,96.34,453,Circular Fund Flow
344,batch_344_loop_2,1,EMP_FRAUD_B -> VEND_SHELL_B -> SUB_PAYBACK_B -> EMP_FRAUD_B,EMP_FRAUD_B,VEND_SHELL_B,0.0,Historical,94.26,453,Circular Fund Flow
344,batch_344_loop_2,2,EMP_FRAUD_B -> VEND_SHELL_B -> SUB_PAYBACK_B -> EMP_FRAUD_B,VEND_SHELL_B,SUB_PAYBACK_B,0.0,Historical,97.77,453,Circular Fund Flow
344,batch_344_loop_2,3,EMP_FRAUD_B -> VEND_SHELL_B -> SUB_PAYBACK_B -> EMP_FRAUD_B,SUB_PAYBACK_B,EMP_FRAUD_B,0.0,Historical,88.06,453,Circular Fund Flow
344,batch_344_loop_3,1,EMP_FRAUD_A -> VEND_SHELL_A -> SUB_PAYBACK_A -> EMP_FRAUD_A,EMP_FRAUD_A,VEND_SHELL_A,0.0,Historical,98.85,453,Circular Fund Flow
344,batch_344_loop_3,2,EMP_FRAUD_A -> VEND_SHELL_A -> SUB_PAYBACK_A -> EMP_FRAUD_A,VEND_SHELL_A,SUB_PAYBACK_A,0.0,Historical,86.11,453,Circular Fund Flow
344,batch_344_loop_3,3,EMP_FRAUD_A -> VEND_SHELL_A -> SUB_PAYBACK_A -> EMP_FRAUD_A,SUB_PAYBACK_A,EMP_FRAUD_A,0.0,Historical,86.31,453,Circular Fund Flow
345,batch_345_loop_1,1,EMP_FRAUD_C -> VEND_SHELL_C -> SUB_PAYBACK_C -> EMP_FRAUD_C,EMP_FRAUD_C,VEND_SHELL_C,0.0,Historical,94.88,454,Circular Fund Flow
345,batch_345_loop_1,2,EMP_FRAUD_C -> VEND_SHELL_C -> SUB_PAYBACK_C -> EMP_FRAUD_C,VEND_SHELL_C,SUB_PAYBACK_C,0.0,Historical,91.36,454,Circular Fund Flow
345,batch_345_loop_1,3,EMP_FRAUD_C -> VEND_SHELL_C -> SUB_PAYBACK_C -> EMP_FRAUD_C,SUB_PAYBACK_C,EMP_FRAUD_C,0.0,Historical,94.1,454,Circular Fund Flow
345,batch_345_loop_2,1,EMP_FRAUD_B -> VEND_SHELL_B -> SUB_PAYBACK_B -> EMP_FRAUD_B,EMP_FRAUD_B,VEND_SHELL_B,0.0,Historical,85.06,454,Circular Fund Flow
345,batch_345_loop_2,2,EMP_FRAUD_B -> VEND_SHELL_B -> SUB_PAYBACK_B -> EMP_FRAUD_B,VEND_SHELL_B,SUB_PAYBACK_B,0.0,Historical,94.87,454,Circular Fund Flow
345,batch_345_loop_2,3,EMP_FRAUD_B -> VEND_SHELL_B -> SUB_PAYBACK_B -> EMP_FRAUD_B,SUB_PAYBACK_B,EMP_FRAUD_B,0.0,Historical,97.55,454,Circular Fund Flow
345,batch_345_loop_3,1,EMP_FRAUD_A -> VEND_SHELL_A -> SUB_PAYBACK_A -> EMP_FRAUD_A,EMP_FRAUD_A,VEND_SHELL_A,0.0,Historical,95.01,454,Circular Fund Flow
345,batch_345_loop_3,2,EMP_FRAUD_A -> VEND_SHELL_A -> SUB_PAYBACK_A -> EMP_FRAUD_A,VEND_SHELL_A,SUB_PAYBACK_A,0.0,Historical,98.34,454,Circular Fund Flow
345,batch_345_loop_3,3,EMP_FRAUD_A -> VEND_SHELL_A -> SUB_PAYBACK_A -> EMP_FRAUD_A,SUB_PAYBACK_A,EMP_FRAUD_A,0.0,Historical,88.82,454,Circular Fund Flow
346,batch_346_loop_1,1,EMP_FRAUD_C -> VEND_SHELL_C -> SUB_PAYBACK_C -> EMP_FRAUD_C,EMP_FRAUD_C,VEND_SHELL_C,0.0,Historical,97.09,456,Circular Fund Flow
346,batch_346_loop_1,2,EMP_FRAUD_C -> VEND_SHELL_C -> SUB_PAYBACK_C -> EMP_FRAUD_C,VEND_SHELL_C,SUB_PAYBACK_C,0.0,Historical,97.79,456,Circular Fund Flow
346,batch_346_loop_1,3,EMP_FRAUD_C -> VEND_SHELL_C -> SUB_PAYBACK_C -> EMP_FRAUD_C,SUB_PAYBACK_C,EMP_FRAUD_C,0.0,Historical,93.48,456,Circular Fund Flow
346,batch_346_loop_2,1,EMP_FRAUD_B -> VEND_SHELL_B -> SUB_PAYBACK_B -> EMP_FRAUD_B,EMP_FRAUD_B,VEND_SHELL_B,0.0,Historical,98.7,456,Circular Fund Flow
346,batch_346_loop_2,2,EMP_FRAUD_B -> VEND_SHELL_B -> SUB_PAYBACK_B -> EMP_FRAUD_B,VEND_SHELL_B,SUB_PAYBACK_B,0.0,Historical,98.22,456,Circular Fund Flow
346,batch_346_loop_2,3,EMP_FRAUD_B -> VEND_SHELL_B -> SUB_PAYBACK_B -> EMP_FRAUD_B,SUB_PAYBACK_B,EMP_FRAUD_B,0.0,Historical,87.5,456,Circular Fund Flow
346,batch_346_loop_3,1,EMP_FRAUD_A -> VEND_SHELL_A -> SUB_PAYBACK_A -> EMP_FRAUD_A,EMP_FRAUD_A,VEND_SHELL_A,0.0,Historical,87.93,456,Circular Fund Flow
346,batch_346_loop_3,2,EMP_FRAUD_A -> VEND_SHELL_A -> SUB_PAYBACK_A -> EMP_FRAUD_A,VEND_SHELL_A,SUB_PAYBACK_A,0.0,Historical,87.89,456,Circular Fund Flow
346,batch_346_loop_3,3,EMP_FRAUD_A -> VEND_SHELL_A -> SUB_PAYBACK_A -> EMP_FRAUD_A,SUB_PAYBACK_A,EMP_FRAUD_A,0.0,Historical,85.41,456,Circular Fund Flow
347,batch_347_loop_1,1,EMP_FRAUD_C -> VEND_SHELL_C -> SUB_PAYBACK_C -> EMP_FRAUD_C,EMP_FRAUD_C,VEND_SHELL_C,0.0,Historical,87.58,450,Circular Fund Flow
347,batch_347_loop_1,2,EMP_FRAUD_C -> VEND_SHELL_C -> SUB_PAYBACK_C -> EMP_FRAUD_C,VEND_SHELL_C,SUB_PAYBACK_C,0.0,Historical,97.23,450,Circular Fund Flow
347,batch_347_loop_1,3,EMP_FRAUD_C -> VEND_SHELL_C -> SUB_PAYBACK_C -> EMP_FRAUD_C,SUB_PAYBACK_C,EMP_FRAUD_C,0.0,Historical,90.34,450,Circular Fund Flow
347,batch_347_loop_2,1,EMP_FRAUD_B -> VEND_SHELL_B -> SUB_PAYBACK_B -> EMP_FRAUD_B,EMP_FRAUD_B,VEND_SHELL_B,0.0,Historical,92.15,450,Circular Fund Flow
347,batch_347_loop_2,2,EMP_FRAUD_B -> VEND_SHELL_B -> SUB_PAYBACK_B -> EMP_FRAUD_B,VEND_SHELL_B,SUB_PAYBACK_B,0.0,Historical,95.68,450,Circular Fund Flow
347,batch_347_loop_2,3,EMP_FRAUD_B -> VEND_SHELL_B -> SUB_PAYBACK_B -> EMP_FRAUD_B,SUB_PAYBACK_B,EMP_FRAUD_B,0.0,Historical,95.78,450,Circular Fund Flow
347,batch_347_loop_3,1,EMP_FRAUD_A -> VEND_SHELL_A -> SUB_PAYBACK_A -> EMP_FRAUD_A,EMP_FRAUD_A,VEND_SHELL_A,0.0,Historical,92.29,450,Circular Fund Flow
347,batch_347_loop_3,2,EMP_FRAUD_A -> VEND_SHELL_A -> SUB_PAYBACK_A -> EMP_FRAUD_A,VEND_SHELL_A,SUB_PAYBACK_A,0.0,Historical,98.74,450,Circular Fund Flow
347,batch_347_loop_3,3,EMP_FRAUD_A -> VEND_SHELL_A -> SUB_PAYBACK_A -> EMP_FRAUD_A,SUB_PAYBACK_A,EMP_FRAUD_A,0.0,Historical,87.89,450,Circular Fund Flow
348,batch_348_loop_1,1,EMP_FRAUD_C -> VEND_SHELL_C -> SUB_PAYBACK_C -> EMP_FRAUD_C,EMP_FRAUD_C,VEND_SHELL_C,0.0,Historical,88.31,450,Circular Fund Flow
348,batch_348_loop_1,2,EMP_FRAUD_C -> VEND_SHELL_C -> SUB_PAYBACK_C -> EMP_FRAUD_C,VEND_SHELL_C,SUB_PAYBACK_C,0.0,Historical,98.68,450,Circular Fund Flow
348,batch_348_loop_1,3,EMP_FRAUD_C -> VEND_SHELL_C -> SUB_PAYBACK_C -> EMP_FRAUD_C,SUB_PAYBACK_C,EMP_FRAUD_C,0.0,Historical,93.07,450,Circular Fund Flow
348,batch_348_loop_2,1,EMP_FRAUD_B -> VEND_SHELL_B -> SUB_PAYBACK_B -> EMP_FRAUD_B,EMP_FRAUD_B,VEND_SHELL_B,0.0,Historical,86.9,450,Circular Fund Flow
348,batch_348_loop_2,2,EMP_FRAUD_B -> VEND_SHELL_B -> SUB_PAYBACK_B -> EMP_FRAUD_B,VEND_SHELL_B,SUB_PAYBACK_B,0.0,Historical,87.34,450,Circular Fund Flow
348,batch_348_loop_2,3,EMP_FRAUD_B -> VEND_SHELL_B -> SUB_PAYBACK_B -> EMP_FRAUD_B,SUB_PAYBACK_B,EMP_FRAUD_B,0.0,Historical,94.36,450,Circular Fund Flow
348,batch_348_loop_3,1,EMP_FRAUD_A -> VEND_SHELL_A -> SUB_PAYBACK_A -> EMP_FRAUD_A,EMP_FRAUD_A,VEND_SHELL_A,0.0,Historical,93.93,450,Circular Fund Flow
348,batch_348_loop_3,2,EMP_FRAUD_A -> VEND_SHELL_A -> SUB_PAYBACK_A -> EMP_FRAUD_A,VEND_SHELL_A,SUB_PAYBACK_A,0.0,Historical,93.96,450,Circular Fund Flow
348,batch_348_loop_3,3,EMP_FRAUD_A -> VEND_SHELL_A -> SUB_PAYBACK_A -> EMP_FRAUD_A,SUB_PAYBACK_A,EMP_FRAUD_A,0.0,Historical,93.18,450,Circular Fund Flow
349,batch_349_loop_1,1,EMP_FRAUD_C -> VEND_SHELL_C -> SUB_PAYBACK_C -> EMP_FRAUD_C,EMP_FRAUD_C,VEND_SHELL_C,0.0,Historical,87.55,453,Circular Fund Flow
349,batch_349_loop_1,2,EMP_FRAUD_C -> VEND_SHELL_C -> SUB_PAYBACK_C -> EMP_FRAUD_C,VEND_SHELL_C,SUB_PAYBACK_C,0.0,Historical,86.6,453,Circular Fund Flow
349,batch_349_loop_1,3,EMP_FRAUD_C -> VEND_SHELL_C -> SUB_PAYBACK_C -> EMP_FRAUD_C,SUB_PAYBACK_C,EMP_FRAUD_C,0.0,Historical,92.95,453,Circular Fund Flow
349,batch_349_loop_2,1,EMP_FRAUD_B -> VEND_SHELL_B -> SUB_PAYBACK_B -> EMP_FRAUD_B,EMP_FRAUD_B,VEND_SHELL_B,0.0,Historical,98.18,453,Circular Fund Flow
349,batch_349_loop_2,2,EMP_FRAUD_B -> VEND_SHELL_B -> SUB_PAYBACK_B -> EMP_FRAUD_B,VEND_SHELL_B,SUB_PAYBACK_B,0.0,Historical,98.29,453,Circular Fund Flow
349,batch_349_loop_2,3,EMP_FRAUD_B -> VEND_SHELL_B -> SUB_PAYBACK_B -> EMP_FRAUD_B,SUB_PAYBACK_B,EMP_FRAUD_B,0.0,Historical,92.04,453,Circular Fund Flow
349,batch_349_loop_3,1,EMP_FRAUD_A -> VEND_SHELL_A -> SUB_PAYBACK_A -> EMP_FRAUD_A,EMP_FRAUD_A,VEND_SHELL_A,0.0,Historical,97.21,453,Circular Fund Flow
349,batch_349_loop_3,2,EMP_FRAUD_A -> VEND_SHELL_A -> SUB_PAYBACK_A -> EMP_FRAUD_A,VEND_SHELL_A,SUB_PAYBACK_A,0.0,Historical,87.03,453,Circular Fund Flow
349,batch_349_loop_3,3,EMP_FRAUD_A -> VEND_SHELL_A -> SUB_PAYBACK_A -> EMP_FRAUD_A,SUB_PAYBACK_A,EMP_FRAUD_A,0.0,Historical,91.89,453,Circular Fund Flow
350,batch_350_loop_1,1,EMP_FRAUD_C -> VEND_SHELL_C -> SUB_PAYBACK_C -> EMP_FRAUD_C,EMP_FRAUD_C,VEND_SHELL_C,0.0,Historical,88.29,450,Circular Fund Flow
350,batch_350_loop_1,2,EMP_FRAUD_C -> VEND_SHELL_C -> SUB_PAYBACK_C -> EMP_FRAUD_C,VEND_SHELL_C,SUB_PAYBACK_C,0.0,Historical,95.37,450,Circular Fund Flow
350,batch_350_loop_1,3,EMP_FRAUD_C -> VEND_SHELL_C -> SUB_PAYBACK_C -> EMP_FRAUD_C,SUB_PAYBACK_C,EMP_FRAUD_C,0.0,Historical,90.18,450,Circular Fund Flow
350,batch_350_loop_2,1,EMP_FRAUD_B -> VEND_SHELL_B -> SUB_PAYBACK_B -> EMP_FRAUD_B,EMP_FRAUD_B,VEND_SHELL_B,0.0,Historical,85.62,450,Circular Fund Flow
350,batch_350_loop_2,2,EMP_FRAUD_B -> VEND_SHELL_B -> SUB_PAYBACK_B -> EMP_FRAUD_B,VEND_SHELL_B,SUB_PAYBACK_B,0.0,Historical,91.39,450,Circular Fund Flow
350,batch_350_loop_2,3,EMP_FRAUD_B -> VEND_SHELL_B -> SUB_PAYBACK_B -> EMP_FRAUD_B,SUB_PAYBACK_B,EMP_FRAUD_B,0.0,Historical,89.0,450,Circular Fund Flow
350,batch_350_loop_3,1,EMP_FRAUD_A -> VEND_SHELL_A -> SUB_PAYBACK_A -> EMP_FRAUD_A,EMP_FRAUD_A,VEND_SHELL_A,0.0,Historical,88.26,450,Circular Fund Flow
350,batch_350_loop_3,2,EMP_FRAUD_A -> VEND_SHELL_A -> SUB_PAYBACK_A -> EMP_FRAUD_A,VEND_SHELL_A,SUB_PAYBACK_A,0.0,Historical,89.3,450,Circular Fund Flow
350,batch_350_loop_3,3,EMP_FRAUD_A -> VEND_SHELL_A -> SUB_PAYBACK_A -> EMP_FRAUD_A,SUB_PAYBACK_A,EMP_FRAUD_A,0.0,Historical,93.37,450,Circular Fund Flow
351,batch_351_loop_1,1,EMP_FRAUD_C -> VEND_SHELL_C -> SUB_PAYBACK_C -> EMP_FRAUD_C,EMP_FRAUD_C,VEND_SHELL_C,0.0,Historical,96.28,453,Circular Fund Flow
351,batch_351_loop_1,2,EMP_FRAUD_C -> VEND_SHELL_C -> SUB_PAYBACK_C -> EMP_FRAUD_C,VEND_SHELL_C,SUB_PAYBACK_C,0.0,Historical,95.64,453,Circular Fund Flow
351,batch_351_loop_1,3,EMP_FRAUD_C -> VEND_SHELL_C -> SUB_PAYBACK_C -> EMP_FRAUD_C,SUB_PAYBACK_C,EMP_FRAUD_C,0.0,Historical,86.82,453,Circular Fund Flow
351,batch_351_loop_2,1,EMP_FRAUD_B -> VEND_SHELL_B -> SUB_PAYBACK_B -> EMP_FRAUD_B,EMP_FRAUD_B,VEND_SHELL_B,0.0,Historical,90.53,453,Circular Fund Flow
351,batch_351_loop_2,2,EMP_FRAUD_B -> VEND_SHELL_B -> SUB_PAYBACK_B -> EMP_FRAUD_B,VEND_SHELL_B,SUB_PAYBACK_B,0.0,Historical,91.08,453,Circular Fund Flow
351,batch_351_loop_2,3,EMP_FRAUD_B -> VEND_SHELL_B -> SUB_PAYBACK_B -> EMP_FRAUD_B,SUB_PAYBACK_B,EMP_FRAUD_B,0.0,Historical,90.73,453,Circular Fund Flow
351,batch_351_loop_3,1,EMP_FRAUD_A -> VEND_SHELL_A -> SUB_PAYBACK_A -> EMP_FRAUD_A,EMP_FRAUD_A,VEND_SHELL_A,0.0,Historical,90.83,453,Circular Fund Flow
351,batch_351_loop_3,2,EMP_FRAUD_A -> VEND_SHELL_A -> SUB_PAYBACK_A -> EMP_FRAUD_A,VEND_SHELL_A,SUB_PAYBACK_A,0.0,Historical,97.77,453,Circular Fund Flow
351,batch_351_loop_3,3,EMP_FRAUD_A -> VEND_SHELL_A -> SUB_PAYBACK_A -> EMP_FRAUD_A,SUB_PAYBACK_A,EMP_FRAUD_A,0.0,Historical,97.91,453,Circular Fund Flow
352,batch_352_loop_1,1,EMP_FRAUD_C -> VEND_SHELL_C -> SUB_PAYBACK_C -> EMP_FRAUD_C,EMP_FRAUD_C,VEND_SHELL_C,0.0,Historical,94.31,451,Circular Fund Flow
352,batch_352_loop_1,2,EMP_FRAUD_C -> VEND_SHELL_C -> SUB_PAYBACK_C -> EMP_FRAUD_C,VEND_SHELL_C,SUB_PAYBACK_C,0.0,Historical,95.96,451,Circular Fund Flow
352,batch_352_loop_1,3,EMP_FRAUD_C -> VEND_SHELL_C -> SUB_PAYBACK_C -> EMP_FRAUD_C,SUB_PAYBACK_C,EMP_FRAUD_C,0.0,Historical,93.18,451,Circular Fund Flow
352,batch_352_loop_2,1,EMP_FRAUD_B -> VEND_SHELL_B -> SUB_PAYBACK_B -> EMP_FRAUD_B,EMP_FRAUD_B,VEND_SHELL_B,0.0,Historical,96.11,451,Circular Fund Flow
352,batch_352_loop_2,2,EMP_FRAUD_B -> VEND_SHELL_B -> SUB_PAYBACK_B -> EMP_FRAUD_B,VEND_SHELL_B,SUB_PAYBACK_B,0.0,Historical,86.71,451,Circular Fund Flow
352,batch_352_loop_2,3,EMP_FRAUD_B -> VEND_SHELL_B -> SUB_PAYBACK_B -> EMP_FRAUD_B,SUB_PAYBACK_B,EMP_FRAUD_B,0.0,Historical,88.27,451,Circular Fund Flow
352,batch_352_loop_3,1,EMP_FRAUD_A -> VEND_SHELL_A -> SUB_PAYBACK_A -> EMP_FRAUD_A,EMP_FRAUD_A,VEND_SHELL_A,0.0,Historical,87.0,451,Circular Fund Flow
352,batch_352_loop_3,2,EMP_FRAUD_A -> VEND_SHELL_A -> SUB_PAYBACK_A -> EMP_FRAUD_A,VEND_SHELL_A,SUB_PAYBACK_A,0.0,Historical,91.55,451,Circular Fund Flow
352,batch_352_loop_3,3,EMP_FRAUD_A -> VEND_SHELL_A -> SUB_PAYBACK_A -> EMP_FRAUD_A,SUB_PAYBACK_A,EMP_FRAUD_A,0.0,Historical,87.45,451,Circular Fund Flow
353,batch_353_loop_1,1,EMP_FRAUD_C -> VEND_SHELL_C -> SUB_PAYBACK_C -> EMP_FRAUD_C,EMP_FRAUD_C,VEND_SHELL_C,0.0,Historical,96.23,450,Circular Fund Flow
353,batch_353_loop_1,2,EMP_FRAUD_C -> VEND_SHELL_C -> SUB_PAYBACK_C -> EMP_FRAUD_C,VEND_SHELL_C,SUB_PAYBACK_C,0.0,Historical,92.2,450,Circular Fund Flow
353,batch_353_loop_1,3,EMP_FRAUD_C -> VEND_SHELL_C -> SUB_PAYBACK_C -> EMP_FRAUD_C,SUB_PAYBACK_C,EMP_FRAUD_C,0.0,Historical,97.8,450,Circular Fund Flow
353,batch_353_loop_2,1,EMP_FRAUD_B -> VEND_SHELL_B -> SUB_PAYBACK_B -> EMP_FRAUD_B,EMP_FRAUD_B,VEND_SHELL_B,0.0,Historical,89.89,450,Circular Fund Flow
353,batch_353_loop_2,2,EMP_FRAUD_B -> VEND_SHELL_B -> SUB_PAYBACK_B -> EMP_FRAUD_B,VEND_SHELL_B,SUB_PAYBACK_B,0.0,Historical,90.71,450,Circular Fund Flow
353,batch_353_loop_2,3,EMP_FRAUD_B -> VEND_SHELL_B -> SUB_PAYBACK_B -> EMP_FRAUD_B,SUB_PAYBACK_B,EMP_FRAUD_B,0.0,Historical,96.56,450,Circular Fund Flow
353,batch_353_loop_3,1,EMP_FRAUD_A -> VEND_SHELL_A -> SUB_PAYBACK_A -> EMP_FRAUD_A,EMP_FRAUD_A,VEND_SHELL_A,0.0,Historical,91.02,450,Circular Fund Flow
353,batch_353_loop_3,2,EMP_FRAUD_A -> VEND_SHELL_A -> SUB_PAYBACK_A -> EMP_FRAUD_A,VEND_SHELL_A,SUB_PAYBACK_A,0.0,Historical,89.65,450,Circular Fund Flow
353,batch_353_loop_3,3,EMP_FRAUD_A -> VEND_SHELL_A -> SUB_PAYBACK_A -> EMP_FRAUD_A,SUB_PAYBACK_A,EMP_FRAUD_A,0.0,Historical,91.21,450,Circular Fund Flow
354,batch_354_loop_1,1,EMP_FRAUD_C -> VEND_SHELL_C -> SUB_PAYBACK_C -> EMP_FRAUD_C,EMP_FRAUD_C,VEND_SHELL_C,0.0,Historical,91.32,451,Circular Fund Flow
354,batch_354_loop_1,2,EMP_FRAUD_C -> VEND_SHELL_C -> SUB_PAYBACK_C -> EMP_FRAUD_C,VEND_SHELL_C,SUB_PAYBACK_C,0.0,Historical,90.59,451,Circular Fund Flow
354,batch_354_loop_1,3,EMP_FRAUD_C -> VEND_SHELL_C -> SUB_PAYBACK_C -> EMP_FRAUD_C,SUB_PAYBACK_C,EMP_FRAUD_C,0.0,Historical,94.68,451,Circular Fund Flow
354,batch_354_loop_2,1,EMP_FRAUD_B -> VEND_SHELL_B -> SUB_PAYBACK_B -> EMP_FRAUD_B,EMP_FRAUD_B,VEND_SHELL_B,0.0,Historical,90.22,451,Circular Fund Flow
354,batch_354_loop_2,2,EMP_FRAUD_B -> VEND_SHELL_B -> SUB_PAYBACK_B -> EMP_FRAUD_B,VEND_SHELL_B,SUB_PAYBACK_B,0.0,Historical,97.12,451,Circular Fund Flow
354,batch_354_loop_2,3,EMP_FRAUD_B -> VEND_SHELL_B -> SUB_PAYBACK_B -> EMP_FRAUD_B,SUB_PAYBACK_B,EMP_FRAUD_B,0.0,Historical,91.47,451,Circular Fund Flow
354,batch_354_loop_3,1,EMP_FRAUD_A -> VEND_SHELL_A -> SUB_PAYBACK_A -> EMP_FRAUD_A,EMP_FRAUD_A,VEND_SHELL_A,0.0,Historical,97.34,451,Circular Fund Flow
354,batch_354_loop_3,2,EMP_FRAUD_A -> VEND_SHELL_A -> SUB_PAYBACK_A -> EMP_FRAUD_A,VEND_SHELL_A,SUB_PAYBACK_A,0.0,Historical,87.87,451,Circular Fund Flow
354,batch_354_loop_3,3,EMP_FRAUD_A -> VEND_SHELL_A -> SUB_PAYBACK_A -> EMP_FRAUD_A,SUB_PAYBACK_A,EMP_FRAUD_A,0.0,Historical,88.48,451,Circular Fund Flow
355,batch_355_loop_1,1,EMP_FRAUD_C -> VEND_SHELL_C -> SUB_PAYBACK_C -> EMP_FRAUD_C,EMP_FRAUD_C,VEND_SHELL_C,0.0,Historical,88.27,450,Circular Fund Flow
355,batch_355_loop_1,2,EMP_FRAUD_C -> VEND_SHELL_C -> SUB_PAYBACK_C -> EMP_FRAUD_C,VEND_SHELL_C,SUB_PAYBACK_C,0.0,Historical,87.13,450,Circular Fund Flow
355,batch_355_loop_1,3,EMP_FRAUD_C -> VEND_SHELL_C -> SUB_PAYBACK_C -> EMP_FRAUD_C,SUB_PAYBACK_C,EMP_FRAUD_C,0.0,Historical,95.42,450,Circular Fund Flow
355,batch_355_loop_2,1,EMP_FRAUD_B -> VEND_SHELL_B -> SUB_PAYBACK_B -> EMP_FRAUD_B,EMP_FRAUD_B,VEND_SHELL_B,0.0,Historical,85.06,450,Circular Fund Flow
355,batch_355_loop_2,2,EMP_FRAUD_B -> VEND_SHELL_B -> SUB_PAYBACK_B -> EMP_FRAUD_B,VEND_SHELL_B,SUB_PAYBACK_B,0.0,Historical,86.1,450,Circular Fund Flow
355,batch_355_loop_2,3,EMP_FRAUD_B -> VEND_SHELL_B -> SUB_PAYBACK_B -> EMP_FRAUD_B,SUB_PAYBACK_B,EMP_FRAUD_B,0.0,Historical,97.56,450,Circular Fund Flow
355,batch_355_loop_3,1,EMP_FRAUD_A -> VEND_SHELL_A -> SUB_PAYBACK_A -> EMP_FRAUD_A,EMP_FRAUD_A,VEND_SHELL_A,0.0,Historical,95.85,450,Circular Fund Flow
355,batch_355_loop_3,2,EMP_FRAUD_A -> VEND_SHELL_A -> SUB_PAYBACK_A -> EMP_FRAUD_A,VEND_SHELL_A,SUB_PAYBACK_A,0.0,Historical,90.04,450,Circular Fund Flow
355,batch_355_loop_3,3,EMP_FRAUD_A -> VEND_SHELL_A -> SUB_PAYBACK_A -> EMP_FRAUD_A,SUB_PAYBACK_A,EMP_FRAUD_A,0.0,Historical,94.69,450,Circular Fund Flow
356,batch_356_loop_1,1,EMP_FRAUD_C -> VEND_SHELL_C -> SUB_PAYBACK_C -> EMP_FRAUD_C,EMP_FRAUD_C,VEND_SHELL_C,0.0,Historical,92.4,453,Circular Fund Flow
356,batch_356_loop_1,2,EMP_FRAUD_C -> VEND_SHELL_C -> SUB_PAYBACK_C -> EMP_FRAUD_C,VEND_SHELL_C,SUB_PAYBACK_C,0.0,Historical,92.9,453,Circular Fund Flow
356,batch_356_loop_1,3,EMP_FRAUD_C -> VEND_SHELL_C -> SUB_PAYBACK_C -> EMP_FRAUD_C,SUB_PAYBACK_C,EMP_FRAUD_C,0.0,Historical,88.9,453,Circular Fund Flow
356,batch_356_loop_2,1,EMP_FRAUD_B -> VEND_SHELL_B -> SUB_PAYBACK_B -> EMP_FRAUD_B,EMP_FRAUD_B,VEND_SHELL_B,0.0,Historical,87.03,453,Circular Fund Flow
356,batch_356_loop_2,2,EMP_FRAUD_B -> VEND_SHELL_B -> SUB_PAYBACK_B -> EMP_FRAUD_B,VEND_SHELL_B,SUB_PAYBACK_B,0.0,Historical,92.77,453,Circular Fund Flow
356,batch_356_loop_2,3,EMP_FRAUD_B -> VEND_SHELL_B -> SUB_PAYBACK_B -> EMP_FRAUD_B,SUB_PAYBACK_B,EMP_FRAUD_B,0.0,Historical,87.57,453,Circular Fund Flow
356,batch_356_loop_3,1,EMP_FRAUD_A -> VEND_SHELL_A -> SUB_PAYBACK_A -> EMP_FRAUD_A,EMP_FRAUD_A,VEND_SHELL_A,0.0,Historical,89.35,453,Circular Fund Flow
356,batch_356_loop_3,2,EMP_FRAUD_A -> VEND_SHELL_A -> SUB_PAYBACK_A -> EMP_FRAUD_A,VEND_SHELL_A,SUB_PAYBACK_A,0.0,Historical,96.09,453,Circular Fund Flow
356,batch_356_loop_3,3,EMP_FRAUD_A -> VEND_SHELL_A -> SUB_PAYBACK_A -> EMP_FRAUD_A,SUB_PAYBACK_A,EMP_FRAUD_A,0.0,Historical,95.76,453,Circular Fund Flow
357,batch_357_loop_1,1,EMP_FRAUD_C -> VEND_SHELL_C -> SUB_PAYBACK_C -> EMP_FRAUD_C,EMP_FRAUD_C,VEND_SHELL_C,0.0,Historical,91.51,451,Circular Fund Flow
357,batch_357_loop_1,2,EMP_FRAUD_C -> VEND_SHELL_C -> SUB_PAYBACK_C -> EMP_FRAUD_C,VEND_SHELL_C,SUB_PAYBACK_C,0.0,Historical,94.82,451,Circular Fund Flow
357,batch_357_loop_1,3,EMP_FRAUD_C -> VEND_SHELL_C -> SUB_PAYBACK_C -> EMP_FRAUD_C,SUB_PAYBACK_C,EMP_FRAUD_C,0.0,Historical,89.57,451,Circular Fund Flow
357,batch_357_loop_2,1,EMP_FRAUD_B -> VEND_SHELL_B -> SUB_PAYBACK_B -> EMP_FRAUD_B,EMP_FRAUD_B,VEND_SHELL_B,0.0,Historical,89.72,451,Circular Fund Flow
357,batch_357_loop_2,2,EMP_FRAUD_B -> VEND_SHELL_B -> SUB_PAYBACK_B -> EMP_FRAUD_B,VEND_SHELL_B,SUB_PAYBACK_B,0.0,Historical,91.26,451,Circular Fund Flow
357,batch_357_loop_2,3,EMP_FRAUD_B -> VEND_SHELL_B -> SUB_PAYBACK_B -> EMP_FRAUD_B,SUB_PAYBACK_B,EMP_FRAUD_B,0.0,Historical,97.1,451,Circular Fund Flow
357,batch_357_loop_3,1,EMP_FRAUD_A -> VEND_SHELL_A -> SUB_PAYBACK_A -> EMP_FRAUD_A,EMP_FRAUD_A,VEND_SHELL_A,0.0,Historical,88.23,451,Circular Fund Flow
357,batch_357_loop_3,2,EMP_FRAUD_A -> VEND_SHELL_A -> SUB_PAYBACK_A -> EMP_FRAUD_A,VEND_SHELL_A,SUB_PAYBACK_A,0.0,Historical,91.35,451,Circular Fund Flow
357,batch_357_loop_3,3,EMP_FRAUD_A -> VEND_SHELL_A -> SUB_PAYBACK_A -> EMP_FRAUD_A,SUB_PAYBACK_A,EMP_FRAUD_A,0.0,Historical,96.07,451,Circular Fund Flow
358,batch_358_loop_1,1,EMP_FRAUD_C -> VEND_SHELL_C -> SUB_PAYBACK_C -> EMP_FRAUD_C,EMP_FRAUD_C,VEND_SHELL_C,0.0,Historical,89.61,453,Circular Fund Flow
358,batch_358_loop_1,2,EMP_FRAUD_C -> VEND_SHELL_C -> SUB_PAYBACK_C -> EMP_FRAUD_C,VEND_SHELL_C,SUB_PAYBACK_C,0.0,Historical,90.63,453,Circular Fund Flow
358,batch_358_loop_1,3,EMP_FRAUD_C -> VEND_SHELL_C -> SUB_PAYBACK_C -> EMP_FRAUD_C,SUB_PAYBACK_C,EMP_FRAUD_C,0.0,Historical,95.6,453,Circular Fund Flow
358,batch_358_loop_2,1,EMP_FRAUD_B -> VEND_SHELL_B -> SUB_PAYBACK_B -> EMP_FRAUD_B,EMP_FRAUD_B,VEND_SHELL_B,0.0,Historical,94.45,453,Circular Fund Flow
358,batch_358_loop_2,2,EMP_FRAUD_B -> VEND_SHELL_B -> SUB_PAYBACK_B -> EMP_FRAUD_B,VEND_SHELL_B,SUB_PAYBACK_B,0.0,Historical,85.16,453,Circular Fund Flow
358,batch_358_loop_2,3,EMP_FRAUD_B -> VEND_SHELL_B -> SUB_PAYBACK_B -> EMP_FRAUD_B,SUB_PAYBACK_B,EMP_FRAUD_B,0.0,Historical,93.24,453,Circular Fund Flow
358,batch_358_loop_3,1,EMP_FRAUD_A -> VEND_SHELL_A -> SUB_PAYBACK_A -> EMP_FRAUD_A,EMP_FRAUD_A,VEND_SHELL_A,0.0,Historical,97.48,453,Circular Fund Flow
358,batch_358_loop_3,2,EMP_FRAUD_A -> VEND_SHELL_A -> SUB_PAYBACK_A -> EMP_FRAUD_A,VEND_SHELL_A,SUB_PAYBACK_A,0.0,Historical,95.79,453,Circular Fund Flow
358,batch_358_loop_3,3,EMP_FRAUD_A -> VEND_SHELL_A -> SUB_PAYBACK_A -> EMP_FRAUD_A,SUB_PAYBACK_A,EMP_FRAUD_A,0.0,Historical,97.55,453,Circular Fund Flow
359,batch_359_loop_1,1,EMP_FRAUD_C -> VEND_SHELL_C -> SUB_PAYBACK_C -> EMP_FRAUD_C,EMP_FRAUD_C,VEND_SHELL_C,0.0,Historical,98.64,452,Circular Fund Flow
359,batch_359_loop_1,2,EMP_FRAUD_C -> VEND_SHELL_C -> SUB_PAYBACK_C -> EMP_FRAUD_C,VEND_SHELL_C,SUB_PAYBACK_C,0.0,Historical,85.17,452,Circular Fund Flow
359,batch_359_loop_1,3,EMP_FRAUD_C -> VEND_SHELL_C -> SUB_PAYBACK_C -> EMP_FRAUD_C,SUB_PAYBACK_C,EMP_FRAUD_C,0.0,Historical,96.59,452,Circular Fund Flow
359,batch_359_loop_2,1,EMP_FRAUD_B -> VEND_SHELL_B -> SUB_PAYBACK_B -> EMP_FRAUD_B,EMP_FRAUD_B,VEND_SHELL_B,0.0,Historical,86.89,452,Circular Fund Flow
359,batch_359_loop_2,2,EMP_FRAUD_B -> VEND_SHELL_B -> SUB_PAYBACK_B -> EMP_FRAUD_B,VEND_SHELL_B,SUB_PAYBACK_B,0.0,Historical,97.76,452,Circular Fund Flow
359,batch_359_loop_2,3,EMP_FRAUD_B -> VEND_SHELL_B -> SUB_PAYBACK_B -> EMP_FRAUD_B,SUB_PAYBACK_B,EMP_FRAUD_B,0.0,Historical,93.82,452,Circular Fund Flow
359,batch_359_loop_3,1,EMP_FRAUD_A -> VEND_SHELL_A -> SUB_PAYBACK_A -> EMP_FRAUD_A,EMP_FRAUD_A,VEND_SHELL_A,0.0,Historical,96.42,452,Circular Fund Flow
359,batch_359_loop_3,2,EMP_FRAUD_A -> VEND_SHELL_A -> SUB_PAYBACK_A -> EMP_FRAUD_A,VEND_SHELL_A,SUB_PAYBACK_A,0.0,Historical,90.71,452,Circular Fund Flow
359,batch_359_loop_3,3,EMP_FRAUD_A -> VEND_SHELL_A -> SUB_PAYBACK_A -> EMP_FRAUD_A,SUB_PAYBACK_A,EMP_FRAUD_A,0.0,Historical,93.9,452,Circular Fund Flow
360,batch_360_loop_1,1,EMP_FRAUD_C -> VEND_SHELL_C -> SUB_PAYBACK_C -> EMP_FRAUD_C,EMP_FRAUD_C,VEND_SHELL_C,0.0,Historical,86.2,455,Circular Fund Flow
360,batch_360_loop_1,2,EMP_FRAUD_C -> VEND_SHELL_C -> SUB_PAYBACK_C -> EMP_FRAUD_C,VEND_SHELL_C,SUB_PAYBACK_C,0.0,Historical,90.97,455,Circular Fund Flow
360,batch_360_loop_1,3,EMP_FRAUD_C -> VEND_SHELL_C -> SUB_PAYBACK_C -> EMP_FRAUD_C,SUB_PAYBACK_C,EMP_FRAUD_C,0.0,Historical,97.9,455,Circular Fund Flow
360,batch_360_loop_2,1,EMP_FRAUD_B -> VEND_SHELL_B -> SUB_PAYBACK_B -> EMP_FRAUD_B,EMP_FRAUD_B,VEND_SHELL_B,0.0,Historical,95.19,455,Circular Fund Flow
360,batch_360_loop_2,2,EMP_FRAUD_B -> VEND_SHELL_B -> SUB_PAYBACK_B -> EMP_FRAUD_B,VEND_SHELL_B,SUB_PAYBACK_B,0.0,Historical,87.27,455,Circular Fund Flow
360,batch_360_loop_2,3,EMP_FRAUD_B -> VEND_SHELL_B -> SUB_PAYBACK_B -> EMP_FRAUD_B,SUB_PAYBACK_B,EMP_FRAUD_B,0.0,Historical,95.3,455,Circular Fund Flow
360,batch_360_loop_3,1,EMP_FRAUD_A -> VEND_SHELL_A -> SUB_PAYBACK_A -> EMP_FRAUD_A,EMP_FRAUD_A,VEND_SHELL_A,0.0,Historical,89.11,455,Circular Fund Flow
360,batch_360_loop_3,2,EMP_FRAUD_A -> VEND_SHELL_A -> SUB_PAYBACK_A -> EMP_FRAUD_A,VEND_SHELL_A,SUB_PAYBACK_A,0.0,Historical,86.71,455,Circular Fund Flow
360,batch_360_loop_3,3,EMP_FRAUD_A -> VEND_SHELL_A -> SUB_PAYBACK_A -> EMP_FRAUD_A,SUB_PAYBACK_A,EMP_FRAUD_A,0.0,Historical,95.47,455,Circular Fund Flow
361,batch_361_loop_1,1,EMP_FRAUD_C -> VEND_SHELL_C -> SUB_PAYBACK_C -> EMP_FRAUD_C,EMP_FRAUD_C,VEND_SHELL_C,0.0,Historical,85.31,451,Circular Fund Flow
361,batch_361_loop_1,2,EMP_FRAUD_C -> VEND_SHELL_C -> SUB_PAYBACK_C -> EMP_FRAUD_C,VEND_SHELL_C,SUB_PAYBACK_C,0.0,Historical,90.13,451,Circular Fund Flow
361,batch_361_loop_1,3,EMP_FRAUD_C -> VEND_SHELL_C -> SUB_PAYBACK_C -> EMP_FRAUD_C,SUB_PAYBACK_C,EMP_FRAUD_C,0.0,Historical,85.57,451,Circular Fund Flow
361,batch_361_loop_2,1,EMP_FRAUD_B -> VEND_SHELL_B -> SUB_PAYBACK_B -> EMP_FRAUD_B,EMP_FRAUD_B,VEND_SHELL_B,0.0,Historical,91.35,451,Circular Fund Flow
361,batch_361_loop_2,2,EMP_FRAUD_B -> VEND_SHELL_B -> SUB_PAYBACK_B -> EMP_FRAUD_B,VEND_SHELL_B,SUB_PAYBACK_B,0.0,Historical,86.47,451,Circular Fund Flow
361,batch_361_loop_2,3,EMP_FRAUD_B -> VEND_SHELL_B -> SUB_PAYBACK_B -> EMP_FRAUD_B,SUB_PAYBACK_B,EMP_FRAUD_B,0.0,Historical,90.89,451,Circular Fund Flow
361,batch_361_loop_3,1,EMP_FRAUD_A -> VEND_SHELL_A -> SUB_PAYBACK_A -> EMP_FRAUD_A,EMP_FRAUD_A,VEND_SHELL_A,0.0,Historical,91.4,451,Circular Fund Flow
361,batch_361_loop_3,2,EMP_FRAUD_A -> VEND_SHELL_A -> SUB_PAYBACK_A -> EMP_FRAUD_A,VEND_SHELL_A,SUB_PAYBACK_A,0.0,Historical,92.42,451,Circular Fund Flow
361,batch_361_loop_3,3,EMP_FRAUD_A -> VEND_SHELL_A -> SUB_PAYBACK_A -> EMP_FRAUD_A,SUB_PAYBACK_A,EMP_FRAUD_A,0.0,Historical,93.9,451,Circular Fund Flow
362,batch_362_loop_1,1,EMP_FRAUD_C -> VEND_SHELL_C -> SUB_PAYBACK_C -> EMP_FRAUD_C,EMP_FRAUD_C,VEND_SHELL_C,0.0,Historical,97.77,451,Circular Fund Flow
362,batch_362_loop_1,2,EMP_FRAUD_C -> VEND_SHELL_C -> SUB_PAYBACK_C -> EMP_FRAUD_C,VEND_SHELL_C,SUB_PAYBACK_C,0.0,Historical,90.22,451,Circular Fund Flow
362,batch_362_loop_1,3,EMP_FRAUD_C -> VEND_SHELL_C -> SUB_PAYBACK_C -> EMP_FRAUD_C,SUB_PAYBACK_C,EMP_FRAUD_C,0.0,Historical,94.88,451,Circular Fund Flow
362,batch_362_loop_2,1,EMP_FRAUD_B -> VEND_SHELL_B -> SUB_PAYBACK_B -> EMP_FRAUD_B,EMP_FRAUD_B,VEND_SHELL_B,0.0,Historical,93.42,451,Circular Fund Flow
362,batch_362_loop_2,2,EMP_FRAUD_B -> VEND_SHELL_B -> SUB_PAYBACK_B -> EMP_FRAUD_B,VEND_SHELL_B,SUB_PAYBACK_B,0.0,Historical,95.46,451,Circular Fund Flow
362,batch_362_loop_2,3,EMP_FRAUD_B -> VEND_SHELL_B -> SUB_PAYBACK_B -> EMP_FRAUD_B,SUB_PAYBACK_B,EMP_FRAUD_B,0.0,Historical,94.68,451,Circular Fund Flow
362,batch_362_loop_3,1,EMP_FRAUD_A -> VEND_SHELL_A -> SUB_PAYBACK_A -> EMP_FRAUD_A,EMP_FRAUD_A,VEND_SHELL_A,0.0,Historical,93.98,451,Circular Fund Flow
362,batch_362_loop_3,2,EMP_FRAUD_A -> VEND_SHELL_A -> SUB_PAYBACK_A -> EMP_FRAUD_A,VEND_SHELL_A,SUB_PAYBACK_A,0.0,Historical,98.59,451,Circular Fund Flow
362,batch_362_loop_3,3,EMP_FRAUD_A -> VEND_SHELL_A -> SUB_PAYBACK_A -> EMP_FRAUD_A,SUB_PAYBACK_A,EMP_FRAUD_A,0.0,Historical,94.42,451,Circular Fund Flow
363,batch_363_loop_1,1,EMP_FRAUD_C -> VEND_SHELL_C -> SUB_PAYBACK_C -> EMP_FRAUD_C,EMP_FRAUD_C,VEND_SHELL_C,0.0,Historical,96.12,450,Circular Fund Flow
363,batch_363_loop_1,2,EMP_FRAUD_C -> VEND_SHELL_C -> SUB_PAYBACK_C -> EMP_FRAUD_C,VEND_SHELL_C,SUB_PAYBACK_C,0.0,Historical,98.98,450,Circular Fund Flow
363,batch_363_loop_1,3,EMP_FRAUD_C -> VEND_SHELL_C -> SUB_PAYBACK_C -> EMP_FRAUD_C,SUB_PAYBACK_C,EMP_FRAUD_C,0.0,Historical,87.2,450,Circular Fund Flow
363,batch_363_loop_2,1,EMP_FRAUD_B -> VEND_SHELL_B -> SUB_PAYBACK_B -> EMP_FRAUD_B,EMP_FRAUD_B,VEND_SHELL_B,0.0,Historical,89.23,450,Circular Fund Flow
363,batch_363_loop_2,2,EMP_FRAUD_B -> VEND_SHELL_B -> SUB_PAYBACK_B -> EMP_FRAUD_B,VEND_SHELL_B,SUB_PAYBACK_B,0.0,Historical,87.34,450,Circular Fund Flow
363,batch_363_loop_2,3,EMP_FRAUD_B -> VEND_SHELL_B -> SUB_PAYBACK_B -> EMP_FRAUD_B,SUB_PAYBACK_B,EMP_FRAUD_B,0.0,Historical,94.29,450,Circular Fund Flow
363,batch_363_loop_3,1,EMP_FRAUD_A -> VEND_SHELL_A -> SUB_PAYBACK_A -> EMP_FRAUD_A,EMP_FRAUD_A,VEND_SHELL_A,0.0,Historical,88.03,450,Circular Fund Flow
363,batch_363_loop_3,2,EMP_FRAUD_A -> VEND_SHELL_A -> SUB_PAYBACK_A -> EMP_FRAUD_A,VEND_SHELL_A,SUB_PAYBACK_A,0.0,Historical,87.17,450,Circular Fund Flow
363,batch_363_loop_3,3,EMP_FRAUD_A -> VEND_SHELL_A -> SUB_PAYBACK_A -> EMP_FRAUD_A,SUB_PAYBACK_A,EMP_FRAUD_A,0.0,Historical,98.67,450,Circular Fund Flow
364,batch_364_loop_1,1,EMP_FRAUD_C -> VEND_SHELL_C -> SUB_PAYBACK_C -> EMP_FRAUD_C,EMP_FRAUD_C,VEND_SHELL_C,0.0,Historical,90.55,452,Circular Fund Flow
364,batch_364_loop_1,2,EMP_FRAUD_C -> VEND_SHELL_C -> SUB_PAYBACK_C -> EMP_FRAUD_C,VEND_SHELL_C,SUB_PAYBACK_C,0.0,Historical,87.31,452,Circular Fund Flow
364,batch_364_loop_1,3,EMP_FRAUD_C -> VEND_SHELL_C -> SUB_PAYBACK_C -> EMP_FRAUD_C,SUB_PAYBACK_C,EMP_FRAUD_C,0.0,Historical,95.62,452,Circular Fund Flow
364,batch_364_loop_2,1,EMP_FRAUD_B -> VEND_SHELL_B -> SUB_PAYBACK_B -> EMP_FRAUD_B,EMP_FRAUD_B,VEND_SHELL_B,0.0,Historical,98.7,452,Circular Fund Flow
364,batch_364_loop_2,2,EMP_FRAUD_B -> VEND_SHELL_B -> SUB_PAYBACK_B -> EMP_FRAUD_B,VEND_SHELL_B,SUB_PAYBACK_B,0.0,Historical,85.33,452,Circular Fund Flow
364,batch_364_loop_2,3,EMP_FRAUD_B -> VEND_SHELL_B -> SUB_PAYBACK_B -> EMP_FRAUD_B,SUB_PAYBACK_B,EMP_FRAUD_B,0.0,Historical,87.38,452,Circular Fund Flow
364,batch_364_loop_3,1,EMP_FRAUD_A -> VEND_SHELL_A -> SUB_PAYBACK_A -> EMP_FRAUD_A,EMP_FRAUD_A,VEND_SHELL_A,0.0,Historical,85.58,452,Circular Fund Flow
364,batch_364_loop_3,2,EMP_FRAUD_A -> VEND_SHELL_A -> SUB_PAYBACK_A -> EMP_FRAUD_A,VEND_SHELL_A,SUB_PAYBACK_A,0.0,Historical,97.4,452,Circular Fund Flow
364,batch_364_loop_3,3,EMP_FRAUD_A -> VEND_SHELL_A -> SUB_PAYBACK_A -> EMP_FRAUD_A,SUB_PAYBACK_A,EMP_FRAUD_A,0.0,Historical,88.42,452,Circular Fund Flow
365,batch_365_loop_1,1,EMP_FRAUD_C -> VEND_SHELL_C -> SUB_PAYBACK_C -> EMP_FRAUD_C,EMP_FRAUD_C,VEND_SHELL_C,0.0,Historical,90.11,452,Circular Fund Flow
365,batch_365_loop_1,2,EMP_FRAUD_C -> VEND_SHELL_C -> SUB_PAYBACK_C -> EMP_FRAUD_C,VEND_SHELL_C,SUB_PAYBACK_C,0.0,Historical,88.77,452,Circular Fund Flow
365,batch_365_loop_1,3,EMP_FRAUD_C -> VEND_SHELL_C -> SUB_PAYBACK_C -> EMP_FRAUD_C,SUB_PAYBACK_C,EMP_FRAUD_C,0.0,Historical,89.68,452,Circular Fund Flow
365,batch_365_loop_2,1,EMP_FRAUD_B -> VEND_SHELL_B -> SUB_PAYBACK_B -> EMP_FRAUD_B,EMP_FRAUD_B,VEND_SHELL_B,0.0,Historical,98.31,452,Circular Fund Flow
365,batch_365_loop_2,2,EMP_FRAUD_B -> VEND_SHELL_B -> SUB_PAYBACK_B -> EMP_FRAUD_B,VEND_SHELL_B,SUB_PAYBACK_B,0.0,Historical,87.84,452,Circular Fund Flow
365,batch_365_loop_2,3,EMP_FRAUD_B -> VEND_SHELL_B -> SUB_PAYBACK_B -> EMP_FRAUD_B,SUB_PAYBACK_B,EMP_FRAUD_B,0.0,Historical,97.09,452,Circular Fund Flow
365,batch_365_loop_3,1,EMP_FRAUD_A -> VEND_SHELL_A -> SUB_PAYBACK_A -> EMP_FRAUD_A,EMP_FRAUD_A,VEND_SHELL_A,0.0,Historical,91.47,452,Circular Fund Flow
365,batch_365_loop_3,2,EMP_FRAUD_A -> VEND_SHELL_A -> SUB_PAYBACK_A -> EMP_FRAUD_A,VEND_SHELL_A,SUB_PAYBACK_A,0.0,Historical,92.18,452,Circular Fund Flow
365,batch_365_loop_3,3,EMP_FRAUD_A -> VEND_SHELL_A -> SUB_PAYBACK_A -> EMP_FRAUD_A,SUB_PAYBACK_A,EMP_FRAUD_A,0.0,Historical,96.0,452,Circular Fund Flow
366,batch_366_loop_1,1,EMP_FRAUD_C -> VEND_SHELL_C -> SUB_PAYBACK_C -> EMP_FRAUD_C,EMP_FRAUD_C,VEND_SHELL_C,0.0,Historical,89.79,450,Circular Fund Flow
366,batch_366_loop_1,2,EMP_FRAUD_C -> VEND_SHELL_C -> SUB_PAYBACK_C -> EMP_FRAUD_C,VEND_SHELL_C,SUB_PAYBACK_C,0.0,Historical,88.88,450,Circular Fund Flow
366,batch_366_loop_1,3,EMP_FRAUD_C -> VEND_SHELL_C -> SUB_PAYBACK_C -> EMP_FRAUD_C,SUB_PAYBACK_C,EMP_FRAUD_C,0.0,Historical,93.59,450,Circular Fund Flow
366,batch_366_loop_2,1,EMP_FRAUD_B -> VEND_SHELL_B -> SUB_PAYBACK_B -> EMP_FRAUD_B,EMP_FRAUD_B,VEND_SHELL_B,0.0,Historical,89.16,450,Circular Fund Flow
366,batch_366_loop_2,2,EMP_FRAUD_B -> VEND_SHELL_B -> SUB_PAYBACK_B -> EMP_FRAUD_B,VEND_SHELL_B,SUB_PAYBACK_B,0.0,Historical,89.37,450,Circular Fund Flow
366,batch_366_loop_2,3,EMP_FRAUD_B -> VEND_SHELL_B -> SUB_PAYBACK_B -> EMP_FRAUD_B,SUB_PAYBACK_B,EMP_FRAUD_B,0.0,Historical,91.48,450,Circular Fund Flow
366,batch_366_loop_3,1,EMP_FRAUD_A -> VEND_SHELL_A -> SUB_PAYBACK_A -> EMP_FRAUD_A,EMP_FRAUD_A,VEND_SHELL_A,0.0,Historical,98.18,450,Circular Fund Flow
366,batch_366_loop_3,2,EMP_FRAUD_A -> VEND_SHELL_A -> SUB_PAYBACK_A -> EMP_FRAUD_A,VEND_SHELL_A,SUB_PAYBACK_A,0.0,Historical,93.67,450,Circular Fund Flow
366,batch_366_loop_3,3,EMP_FRAUD_A -> VEND_SHELL_A -> SUB_PAYBACK_A -> EMP_FRAUD_A,SUB_PAYBACK_A,EMP_FRAUD_A,0.0,Historical,96.92,450,Circular Fund Flow
367,batch_367_loop_1,1,EMP_FRAUD_C -> VEND_SHELL_C -> SUB_PAYBACK_C -> EMP_FRAUD_C,EMP_FRAUD_C,VEND_SHELL_C,0.0,Historical,87.25,452,Circular Fund Flow
367,batch_367_loop_1,2,EMP_FRAUD_C -> VEND_SHELL_C -> SUB_PAYBACK_C -> EMP_FRAUD_C,VEND_SHELL_C,SUB_PAYBACK_C,0.0,Historical,96.13,452,Circular Fund Flow
367,batch_367_loop_1,3,EMP_FRAUD_C -> VEND_SHELL_C -> SUB_PAYBACK_C -> EMP_FRAUD_C,SUB_PAYBACK_C,EMP_FRAUD_C,0.0,Historical,86.55,452,Circular Fund Flow
367,batch_367_loop_2,1,EMP_FRAUD_B -> VEND_SHELL_B -> SUB_PAYBACK_B -> EMP_FRAUD_B,EMP_FRAUD_B,VEND_SHELL_B,0.0,Historical,94.14,452,Circular Fund Flow
367,batch_367_loop_2,2,EMP_FRAUD_B -> VEND_SHELL_B -> SUB_PAYBACK_B -> EMP_FRAUD_B,VEND_SHELL_B,SUB_PAYBACK_B,0.0,Historical,91.61,452,Circular Fund Flow
367,batch_367_loop_2,3,EMP_FRAUD_B -> VEND_SHELL_B -> SUB_PAYBACK_B -> EMP_FRAUD_B,SUB_PAYBACK_B,EMP_FRAUD_B,0.0,Historical,87.27,452,Circular Fund Flow
367,batch_367_loop_3,1,EMP_FRAUD_A -> VEND_SHELL_A -> SUB_PAYBACK_A -> EMP_FRAUD_A,EMP_FRAUD_A,VEND_SHELL_A,0.0,Historical,89.0,452,Circular Fund Flow
367,batch_367_loop_3,2,EMP_FRAUD_A -> VEND_SHELL_A -> SUB_PAYBACK_A -> EMP_FRAUD_A,VEND_SHELL_A,SUB_PAYBACK_A,0.0,Historical,89.4,452,Circular Fund Flow
367,batch_367_loop_3,3,EMP_FRAUD_A -> VEND_SHELL_A -> SUB_PAYBACK_A -> EMP_FRAUD_A,SUB_PAYBACK_A,EMP_FRAUD_A,0.0,Historical,98.74,452,Circular Fund Flow
368,batch_368_loop_1,1,EMP_FRAUD_C -> VEND_SHELL_C -> SUB_PAYBACK_C -> EMP_FRAUD_C,EMP_FRAUD_C,VEND_SHELL_C,0.0,Historical,98.69,452,Circular Fund Flow
368,batch_368_loop_1,2,EMP_FRAUD_C -> VEND_SHELL_C -> SUB_PAYBACK_C -> EMP_FRAUD_C,VEND_SHELL_C,SUB_PAYBACK_C,0.0,Historical,97.75,452,Circular Fund Flow
368,batch_368_loop_1,3,EMP_FRAUD_C -> VEND_SHELL_C -> SUB_PAYBACK_C -> EMP_FRAUD_C,SUB_PAYBACK_C,EMP_FRAUD_C,0.0,Historical,96.21,452,Circular Fund Flow
368,batch_368_loop_2,1,EMP_FRAUD_B -> VEND_SHELL_B -> SUB_PAYBACK_B -> EMP_FRAUD_B,EMP_FRAUD_B,VEND_SHELL_B,0.0,Historical,96.38,452,Circular Fund Flow
368,batch_368_loop_2,2,EMP_FRAUD_B -> VEND_SHELL_B -> SUB_PAYBACK_B -> EMP_FRAUD_B,VEND_SHELL_B,SUB_PAYBACK_B,0.0,Historical,87.44,452,Circular Fund Flow
368,batch_368_loop_2,3,EMP_FRAUD_B -> VEND_SHELL_B -> SUB_PAYBACK_B -> EMP_FRAUD_B,SUB_PAYBACK_B,EMP_FRAUD_B,0.0,Historical,94.87,452,Circular Fund Flow
368,batch_368_loop_3,1,EMP_FRAUD_A -> VEND_SHELL_A -> SUB_PAYBACK_A -> EMP_FRAUD_A,EMP_FRAUD_A,VEND_SHELL_A,0.0,Historical,93.21,452,Circular Fund Flow
368,batch_368_loop_3,2,EMP_FRAUD_A -> VEND_SHELL_A -> SUB_PAYBACK_A -> EMP_FRAUD_A,VEND_SHELL_A,SUB_PAYBACK_A,0.0,Historical,85.21,452,Circular Fund Flow
368,batch_368_loop_3,3,EMP_FRAUD_A -> VEND_SHELL_A -> SUB_PAYBACK_A -> EMP_FRAUD_A,SUB_PAYBACK_A,EMP_FRAUD_A,0.0,Historical,93.03,452,Circular Fund Flow
369,batch_369_loop_1,1,EMP_FRAUD_C -> VEND_SHELL_C -> SUB_PAYBACK_C -> EMP_FRAUD_C,EMP_FRAUD_C,VEND_SHELL_C,0.0,Historical,88.75,451,Circular Fund Flow
369,batch_369_loop_1,2,EMP_FRAUD_C -> VEND_SHELL_C -> SUB_PAYBACK_C -> EMP_FRAUD_C,VEND_SHELL_C,SUB_PAYBACK_C,0.0,Historical,91.58,451,Circular Fund Flow
369,batch_369_loop_1,3,EMP_FRAUD_C -> VEND_SHELL_C -> SUB_PAYBACK_C -> EMP_FRAUD_C,SUB_PAYBACK_C,EMP_FRAUD_C,0.0,Historical,93.57,451,Circular Fund Flow
369,batch_369_loop_2,1,EMP_FRAUD_B -> VEND_SHELL_B -> SUB_PAYBACK_B -> EMP_FRAUD_B,EMP_FRAUD_B,VEND_SHELL_B,0.0,Historical,96.61,451,Circular Fund Flow
369,batch_369_loop_2,2,EMP_FRAUD_B -> VEND_SHELL_B -> SUB_PAYBACK_B -> EMP_FRAUD_B,VEND_SHELL_B,SUB_PAYBACK_B,0.0,Historical,98.43,451,Circular Fund Flow
369,batch_369_loop_2,3,EMP_FRAUD_B -> VEND_SHELL_B -> SUB_PAYBACK_B -> EMP_FRAUD_B,SUB_PAYBACK_B,EMP_FRAUD_B,0.0,Historical,92.7,451,Circular Fund Flow
369,batch_369_loop_3,1,EMP_FRAUD_A -> VEND_SHELL_A -> SUB_PAYBACK_A -> EMP_FRAUD_A,EMP_FRAUD_A,VEND_SHELL_A,0.0,Historical,91.03,451,Circular Fund Flow
369,batch_369_loop_3,2,EMP_FRAUD_A -> VEND_SHELL_A -> SUB_PAYBACK_A -> EMP_FRAUD_A,VEND_SHELL_A,SUB_PAYBACK_A,0.0,Historical,92.56,451,Circular Fund Flow
369,batch_369_loop_3,3,EMP_FRAUD_A -> VEND_SHELL_A -> SUB_PAYBACK_A -> EMP_FRAUD_A,SUB_PAYBACK_A,EMP_FRAUD_A,0.0,Historical,89.78,451,Circular Fund Flow
370,batch_370_loop_1,1,EMP_FRAUD_C -> VEND_SHELL_C -> SUB_PAYBACK_C -> EMP_FRAUD_C,EMP_FRAUD_C,VEND_SHELL_C,0.0,Historical,92.47,452,Circular Fund Flow
370,batch_370_loop_1,2,EMP_FRAUD_C -> VEND_SHELL_C -> SUB_PAYBACK_C -> EMP_FRAUD_C,VEND_SHELL_C,SUB_PAYBACK_C,0.0,Historical,95.98,452,Circular Fund Flow
370,batch_370_loop_1,3,EMP_FRAUD_C -> VEND_SHELL_C -> SUB_PAYBACK_C -> EMP_FRAUD_C,SUB_PAYBACK_C,EMP_FRAUD_C,0.0,Historical,96.02,452,Circular Fund Flow
370,batch_370_loop_2,1,EMP_FRAUD_B -> VEND_SHELL_B -> SUB_PAYBACK_B -> EMP_FRAUD_B,EMP_FRAUD_B,VEND_SHELL_B,0.0,Historical,88.03,452,Circular Fund Flow
370,batch_370_loop_2,2,EMP_FRAUD_B -> VEND_SHELL_B -> SUB_PAYBACK_B -> EMP_FRAUD_B,VEND_SHELL_B,SUB_PAYBACK_B,0.0,Historical,94.61,452,Circular Fund Flow
370,batch_370_loop_2,3,EMP_FRAUD_B -> VEND_SHELL_B -> SUB_PAYBACK_B -> EMP_FRAUD_B,SUB_PAYBACK_B,EMP_FRAUD_B,0.0,Historical,89.07,452,Circular Fund Flow
370,batch_370_loop_3,1,EMP_FRAUD_A -> VEND_SHELL_A -> SUB_PAYBACK_A -> EMP_FRAUD_A,EMP_FRAUD_A,VEND_SHELL_A,0.0,Historical,90.21,452,Circular Fund Flow
370,batch_370_loop_3,2,EMP_FRAUD_A -> VEND_SHELL_A -> SUB_PAYBACK_A -> EMP_FRAUD_A,VEND_SHELL_A,SUB_PAYBACK_A,0.0,Historical,85.02,452,Circular Fund Flow
370,batch_370_loop_3,3,EMP_FRAUD_A -> VEND_SHELL_A -> SUB_PAYBACK_A -> EMP_FRAUD_A,SUB_PAYBACK_A,EMP_FRAUD_A,0.0,Historical,87.04,452,Circular Fund Flow
371,batch_371_loop_1,1,EMP_FRAUD_C -> VEND_SHELL_C -> SUB_PAYBACK_C -> EMP_FRAUD_C,EMP_FRAUD_C,VEND_SHELL_C,0.0,Historical,92.48,450,Circular Fund Flow
371,batch_371_loop_1,2,EMP_FRAUD_C -> VEND_SHELL_C -> SUB_PAYBACK_C -> EMP_FRAUD_C,VEND_SHELL_C,SUB_PAYBACK_C,0.0,Historical,85.41,450,Circular Fund Flow
371,batch_371_loop_1,3,EMP_FRAUD_C -> VEND_SHELL_C -> SUB_PAYBACK_C -> EMP_FRAUD_C,SUB_PAYBACK_C,EMP_FRAUD_C,0.0,Historical,89.66,450,Circular Fund Flow
371,batch_371_loop_2,1,EMP_FRAUD_B -> VEND_SHELL_B -> SUB_PAYBACK_B -> EMP_FRAUD_B,EMP_FRAUD_B,VEND_SHELL_B,0.0,Historical,85.4,450,Circular Fund Flow
371,batch_371_loop_2,2,EMP_FRAUD_B -> VEND_SHELL_B -> SUB_PAYBACK_B -> EMP_FRAUD_B,VEND_SHELL_B,SUB_PAYBACK_B,0.0,Historical,91.85,450,Circular Fund Flow
371,batch_371_loop_2,3,EMP_FRAUD_B -> VEND_SHELL_B -> SUB_PAYBACK_B -> EMP_FRAUD_B,SUB_PAYBACK_B,EMP_FRAUD_B,0.0,Historical,97.91,450,Circular Fund Flow
371,batch_371_loop_3,1,EMP_FRAUD_A -> VEND_SHELL_A -> SUB_PAYBACK_A -> EMP_FRAUD_A,EMP_FRAUD_A,VEND_SHELL_A,0.0,Historical,97.18,450,Circular Fund Flow
371,batch_371_loop_3,2,EMP_FRAUD_A -> VEND_SHELL_A -> SUB_PAYBACK_A -> EMP_FRAUD_A,VEND_SHELL_A,SUB_PAYBACK_A,0.0,Historical,96.15,450,Circular Fund Flow
371,batch_371_loop_3,3,EMP_FRAUD_A -> VEND_SHELL_A -> SUB_PAYBACK_A -> EMP_FRAUD_A,SUB_PAYBACK_A,EMP_FRAUD_A,0.0,Historical,91.76,450,Circular Fund Flow
372,batch_372_loop_1,1,EMP_FRAUD_C -> VEND_SHELL_C -> SUB_PAYBACK_C -> EMP_FRAUD_C,EMP_FRAUD_C,VEND_SHELL_C,0.0,Historical,88.88,452,Circular Fund Flow
372,batch_372_loop_1,2,EMP_FRAUD_C -> VEND_SHELL_C -> SUB_PAYBACK_C -> EMP_FRAUD_C,VEND_SHELL_C,SUB_PAYBACK_C,0.0,Historical,85.95,452,Circular Fund Flow
372,batch_372_loop_1,3,EMP_FRAUD_C -> VEND_SHELL_C -> SUB_PAYBACK_C -> EMP_FRAUD_C,SUB_PAYBACK_C,EMP_FRAUD_C,0.0,Historical,93.93,452,Circular Fund Flow
372,batch_372_loop_2,1,EMP_FRAUD_B -> VEND_SHELL_B -> SUB_PAYBACK_B -> EMP_FRAUD_B,EMP_FRAUD_B,VEND_SHELL_B,0.0,Historical,92.71,452,Circular Fund Flow
372,batch_372_loop_2,2,EMP_FRAUD_B -> VEND_SHELL_B -> SUB_PAYBACK_B -> EMP_FRAUD_B,VEND_SHELL_B,SUB_PAYBACK_B,0.0,Historical,87.17,452,Circular Fund Flow
372,batch_372_loop_2,3,EMP_FRAUD_B -> VEND_SHELL_B -> SUB_PAYBACK_B -> EMP_FRAUD_B,SUB_PAYBACK_B,EMP_FRAUD_B,0.0,Historical,88.03,452,Circular Fund Flow
372,batch_372_loop_3,1,EMP_FRAUD_A -> VEND_SHELL_A -> SUB_PAYBACK_A -> EMP_FRAUD_A,EMP_FRAUD_A,VEND_SHELL_A,0.0,Historical,86.38,452,Circular Fund Flow
372,batch_372_loop_3,2,EMP_FRAUD_A -> VEND_SHELL_A -> SUB_PAYBACK_A -> EMP_FRAUD_A,VEND_SHELL_A,SUB_PAYBACK_A,0.0,Historical,92.73,452,Circular Fund Flow
372,batch_372_loop_3,3,EMP_FRAUD_A -> VEND_SHELL_A -> SUB_PAYBACK_A -> EMP_FRAUD_A,SUB_PAYBACK_A,EMP_FRAUD_A,0.0,Historical,94.55,452,Circular Fund Flow
373,batch_373_loop_1,1,EMP_FRAUD_C -> VEND_SHELL_C -> SUB_PAYBACK_C -> EMP_FRAUD_C,EMP_FRAUD_C,VEND_SHELL_C,0.0,Historical,97.8,451,Circular Fund Flow
373,batch_373_loop_1,2,EMP_FRAUD_C -> VEND_SHELL_C -> SUB_PAYBACK_C -> EMP_FRAUD_C,VEND_SHELL_C,SUB_PAYBACK_C,0.0,Historical,94.15,451,Circular Fund Flow
373,batch_373_loop_1,3,EMP_FRAUD_C -> VEND_SHELL_C -> SUB_PAYBACK_C -> EMP_FRAUD_C,SUB_PAYBACK_C,EMP_FRAUD_C,0.0,Historical,86.42,451,Circular Fund Flow
373,batch_373_loop_2,1,EMP_FRAUD_B -> VEND_SHELL_B -> SUB_PAYBACK_B -> EMP_FRAUD_B,EMP_FRAUD_B,VEND_SHELL_B,0.0,Historical,86.7,451,Circular Fund Flow
373,batch_373_loop_2,2,EMP_FRAUD_B -> VEND_SHELL_B -> SUB_PAYBACK_B -> EMP_FRAUD_B,VEND_SHELL_B,SUB_PAYBACK_B,0.0,Historical,85.92,451,Circular Fund Flow
373,batch_373_loop_2,3,EMP_FRAUD_B -> VEND_SHELL_B -> SUB_PAYBACK_B -> EMP_FRAUD_B,SUB_PAYBACK_B,EMP_FRAUD_B,0.0,Historical,89.41,451,Circular Fund Flow
373,batch_373_loop_3,1,EMP_FRAUD_A -> VEND_SHELL_A -> SUB_PAYBACK_A -> EMP_FRAUD_A,EMP_FRAUD_A,VEND_SHELL_A,0.0,Historical,94.45,451,Circular Fund Flow
373,batch_373_loop_3,2,EMP_FRAUD_A -> VEND_SHELL_A -> SUB_PAYBACK_A -> EMP_FRAUD_A,VEND_SHELL_A,SUB_PAYBACK_A,0.0,Historical,97.97,451,Circular Fund Flow
373,batch_373_loop_3,3,EMP_FRAUD_A -> VEND_SHELL_A -> SUB_PAYBACK_A -> EMP_FRAUD_A,SUB_PAYBACK_A,EMP_FRAUD_A,0.0,Historical,88.89,451,Circular Fund Flow
374,batch_374_loop_1,1,EMP_FRAUD_C -> VEND_SHELL_C -> SUB_PAYBACK_C -> EMP_FRAUD_C,EMP_FRAUD_C,VEND_SHELL_C,0.0,Historical,88.93,451,Circular Fund Flow
374,batch_374_loop_1,2,EMP_FRAUD_C -> VEND_SHELL_C -> SUB_PAYBACK_C -> EMP_FRAUD_C,VEND_SHELL_C,SUB_PAYBACK_C,0.0,Historical,92.66,451,Circular Fund Flow
374,batch_374_loop_1,3,EMP_FRAUD_C -> VEND_SHELL_C -> SUB_PAYBACK_C -> EMP_FRAUD_C,SUB_PAYBACK_C,EMP_FRAUD_C,0.0,Historical,87.98,451,Circular Fund Flow
374,batch_374_loop_2,1,EMP_FRAUD_B -> VEND_SHELL_B -> SUB_PAYBACK_B -> EMP_FRAUD_B,EMP_FRAUD_B,VEND_SHELL_B,0.0,Historical,90.97,451,Circular Fund Flow
374,batch_374_loop_2,2,EMP_FRAUD_B -> VEND_SHELL_B -> SUB_PAYBACK_B -> EMP_FRAUD_B,VEND_SHELL_B,SUB_PAYBACK_B,0.0,Historical,85.43,451,Circular Fund Flow
374,batch_374_loop_2,3,EMP_FRAUD_B -> VEND_SHELL_B -> SUB_PAYBACK_B -> EMP_FRAUD_B,SUB_PAYBACK_B,EMP_FRAUD_B,0.0,Historical,92.49,451,Circular Fund Flow
374,batch_374_loop_3,1,EMP_FRAUD_A -> VEND_SHELL_A -> SUB_PAYBACK_A -> EMP_FRAUD_A,EMP_FRAUD_A,VEND_SHELL_A,0.0,Historical,92.64,451,Circular Fund Flow
374,batch_374_loop_3,2,EMP_FRAUD_A -> VEND_SHELL_A -> SUB_PAYBACK_A -> EMP_FRAUD_A,VEND_SHELL_A,SUB_PAYBACK_A,0.0,Historical,97.52,451,Circular Fund Flow
374,batch_374_loop_3,3,EMP_FRAUD_A -> VEND_SHELL_A -> SUB_PAYBACK_A -> EMP_FRAUD_A,SUB_PAYBACK_A,EMP_FRAUD_A,0.0,Historical,96.05,451,Circular Fund Flow
375,batch_375_loop_1,1,EMP_FRAUD_C -> VEND_SHELL_C -> SUB_PAYBACK_C -> EMP_FRAUD_C,EMP_FRAUD_C,VEND_SHELL_C,0.0,Historical,85.75,449,Circular Fund Flow
375,batch_375_loop_1,2,EMP_FRAUD_C -> VEND_SHELL_C -> SUB_PAYBACK_C -> EMP_FRAUD_C,VEND_SHELL_C,SUB_PAYBACK_C,0.0,Historical,86.32,449,Circular Fund Flow
375,batch_375_loop_1,3,EMP_FRAUD_C -> VEND_SHELL_C -> SUB_PAYBACK_C -> EMP_FRAUD_C,SUB_PAYBACK_C,EMP_FRAUD_C,0.0,Historical,86.27,449,Circular Fund Flow
375,batch_375_loop_2,1,EMP_FRAUD_B -> VEND_SHELL_B -> SUB_PAYBACK_B -> EMP_FRAUD_B,EMP_FRAUD_B,VEND_SHELL_B,0.0,Historical,89.52,449,Circular Fund Flow
375,batch_375_loop_2,2,EMP_FRAUD_B -> VEND_SHELL_B -> SUB_PAYBACK_B -> EMP_FRAUD_B,VEND_SHELL_B,SUB_PAYBACK_B,0.0,Historical,94.83,449,Circular Fund Flow
375,batch_375_loop_2,3,EMP_FRAUD_B -> VEND_SHELL_B -> SUB_PAYBACK_B -> EMP_FRAUD_B,SUB_PAYBACK_B,EMP_FRAUD_B,0.0,Historical,90.41,449,Circular Fund Flow
375,batch_375_loop_3,1,EMP_FRAUD_A -> VEND_SHELL_A -> SUB_PAYBACK_A -> EMP_FRAUD_A,EMP_FRAUD_A,VEND_SHELL_A,0.0,Historical,88.07,449,Circular Fund Flow
375,batch_375_loop_3,2,EMP_FRAUD_A -> VEND_SHELL_A -> SUB_PAYBACK_A -> EMP_FRAUD_A,VEND_SHELL_A,SUB_PAYBACK_A,0.0,Historical,97.55,449,Circular Fund Flow
375,batch_375_loop_3,3,EMP_FRAUD_A -> VEND_SHELL_A -> SUB_PAYBACK_A -> EMP_FRAUD_A,SUB_PAYBACK_A,EMP_FRAUD_A,0.0,Historical,94.63,449,Circular Fund Flow
376,batch_376_loop_1,1,EMP_FRAUD_C -> VEND_SHELL_C -> SUB_PAYBACK_C -> EMP_FRAUD_C,EMP_FRAUD_C,VEND_SHELL_C,0.0,Historical,93.07,450,Circular Fund Flow
376,batch_376_loop_1,2,EMP_FRAUD_C -> VEND_SHELL_C -> SUB_PAYBACK_C -> EMP_FRAUD_C,VEND_SHELL_C,SUB_PAYBACK_C,0.0,Historical,93.79,450,Circular Fund Flow
376,batch_376_loop_1,3,EMP_FRAUD_C -> VEND_SHELL_C -> SUB_PAYBACK_C -> EMP_FRAUD_C,SUB_PAYBACK_C,EMP_FRAUD_C,0.0,Historical,95.59,450,Circular Fund Flow
376,batch_376_loop_2,1,EMP_FRAUD_B -> VEND_SHELL_B -> SUB_PAYBACK_B -> EMP_FRAUD_B,EMP_FRAUD_B,VEND_SHELL_B,0.0,Historical,85.25,450,Circular Fund Flow
376,batch_376_loop_2,2,EMP_FRAUD_B -> VEND_SHELL_B -> SUB_PAYBACK_B -> EMP_FRAUD_B,VEND_SHELL_B,SUB_PAYBACK_B,0.0,Historical,91.26,450,Circular Fund Flow
376,batch_376_loop_2,3,EMP_FRAUD_B -> VEND_SHELL_B -> SUB_PAYBACK_B -> EMP_FRAUD_B,SUB_PAYBACK_B,EMP_FRAUD_B,0.0,Historical,98.27,450,Circular Fund Flow
376,batch_376_loop_3,1,EMP_FRAUD_A -> VEND_SHELL_A -> SUB_PAYBACK_A -> EMP_FRAUD_A,EMP_FRAUD_A,VEND_SHELL_A,0.0,Historical,85.91,450,Circular Fund Flow
376,batch_376_loop_3,2,EMP_FRAUD_A -> VEND_SHELL_A -> SUB_PAYBACK_A -> EMP_FRAUD_A,VEND_SHELL_A,SUB_PAYBACK_A,0.0,Historical,90.78,450,Circular Fund Flow
376,batch_376_loop_3,3,EMP_FRAUD_A -> VEND_SHELL_A -> SUB_PAYBACK_A -> EMP_FRAUD_A,SUB_PAYBACK_A,EMP_FRAUD_A,0.0,Historical,89.37,450,Circular Fund Flow
377,batch_377_loop_1,1,EMP_FRAUD_C -> VEND_SHELL_C -> SUB_PAYBACK_C -> EMP_FRAUD_C,EMP_FRAUD_C,VEND_SHELL_C,0.0,Historical,91.72,452,Circular Fund Flow
377,batch_377_loop_1,2,EMP_FRAUD_C -> VEND_SHELL_C -> SUB_PAYBACK_C -> EMP_FRAUD_C,VEND_SHELL_C,SUB_PAYBACK_C,0.0,Historical,92.11,452,Circular Fund Flow
377,batch_377_loop_1,3,EMP_FRAUD_C -> VEND_SHELL_C -> SUB_PAYBACK_C -> EMP_FRAUD_C,SUB_PAYBACK_C,EMP_FRAUD_C,0.0,Historical,92.54,452,Circular Fund Flow
377,batch_377_loop_2,1,EMP_FRAUD_B -> VEND_SHELL_B -> SUB_PAYBACK_B -> EMP_FRAUD_B,EMP_FRAUD_B,VEND_SHELL_B,0.0,Historical,97.93,452,Circular Fund Flow
377,batch_377_loop_2,2,EMP_FRAUD_B -> VEND_SHELL_B -> SUB_PAYBACK_B -> EMP_FRAUD_B,VEND_SHELL_B,SUB_PAYBACK_B,0.0,Historical,96.95,452,Circular Fund Flow
377,batch_377_loop_2,3,EMP_FRAUD_B -> VEND_SHELL_B -> SUB_PAYBACK_B -> EMP_FRAUD_B,SUB_PAYBACK_B,EMP_FRAUD_B,0.0,Historical,97.33,452,Circular Fund Flow
377,batch_377_loop_3,1,EMP_FRAUD_A -> VEND_SHELL_A -> SUB_PAYBACK_A -> EMP_FRAUD_A,EMP_FRAUD_A,VEND_SHELL_A,0.0,Historical,85.19,452,Circular Fund Flow
377,batch_377_loop_3,2,EMP_FRAUD_A -> VEND_SHELL_A -> SUB_PAYBACK_A -> EMP_FRAUD_A,VEND_SHELL_A,SUB_PAYBACK_A,0.0,Historical,92.49,452,Circular Fund Flow
377,batch_377_loop_3,3,EMP_FRAUD_A -> VEND_SHELL_A -> SUB_PAYBACK_A -> EMP_FRAUD_A,SUB_PAYBACK_A,EMP_FRAUD_A,0.0,Historical,90.07,452,Circular Fund Flow
378,batch_378_loop_1,1,EMP_FRAUD_C -> VEND_SHELL_C -> SUB_PAYBACK_C -> EMP_FRAUD_C,EMP_FRAUD_C,VEND_SHELL_C,0.0,Historical,92.43,451,Circular Fund Flow
378,batch_378_loop_1,2,EMP_FRAUD_C -> VEND_SHELL_C -> SUB_PAYBACK_C -> EMP_FRAUD_C,VEND_SHELL_C,SUB_PAYBACK_C,0.0,Historical,90.09,451,Circular Fund Flow
378,batch_378_loop_1,3,EMP_FRAUD_C -> VEND_SHELL_C -> SUB_PAYBACK_C -> EMP_FRAUD_C,SUB_PAYBACK_C,EMP_FRAUD_C,0.0,Historical,97.15,451,Circular Fund Flow
378,batch_378_loop_2,1,EMP_FRAUD_B -> VEND_SHELL_B -> SUB_PAYBACK_B -> EMP_FRAUD_B,EMP_FRAUD_B,VEND_SHELL_B,0.0,Historical,95.83,451,Circular Fund Flow
378,batch_378_loop_2,2,EMP_FRAUD_B -> VEND_SHELL_B -> SUB_PAYBACK_B -> EMP_FRAUD_B,VEND_SHELL_B,SUB_PAYBACK_B,0.0,Historical,97.27,451,Circular Fund Flow
378,batch_378_loop_2,3,EMP_FRAUD_B -> VEND_SHELL_B -> SUB_PAYBACK_B -> EMP_FRAUD_B,SUB_PAYBACK_B,EMP_FRAUD_B,0.0,Historical,97.77,451,Circular Fund Flow
378,batch_378_loop_3,1,EMP_FRAUD_A -> VEND_SHELL_A -> SUB_PAYBACK_A -> EMP_FRAUD_A,EMP_FRAUD_A,VEND_SHELL_A,0.0,Historical,92.85,451,Circular Fund Flow
378,batch_378_loop_3,2,EMP_FRAUD_A -> VEND_SHELL_A -> SUB_PAYBACK_A -> EMP_FRAUD_A,VEND_SHELL_A,SUB_PAYBACK_A,0.0,Historical,92.58,451,Circular Fund Flow
378,batch_378_loop_3,3,EMP_FRAUD_A -> VEND_SHELL_A -> SUB_PAYBACK_A -> EMP_FRAUD_A,SUB_PAYBACK_A,EMP_FRAUD_A,0.0,Historical,87.47,451,Circular Fund Flow
379,batch_379_loop_1,1,EMP_FRAUD_C -> VEND_SHELL_C -> SUB_PAYBACK_C -> EMP_FRAUD_C,EMP_FRAUD_C,VEND_SHELL_C,0.0,Historical,92.47,450,Circular Fund Flow
379,batch_379_loop_1,2,EMP_FRAUD_C -> VEND_SHELL_C -> SUB_PAYBACK_C -> EMP_FRAUD_C,VEND_SHELL_C,SUB_PAYBACK_C,0.0,Historical,95.82,450,Circular Fund Flow
379,batch_379_loop_1,3,EMP_FRAUD_C -> VEND_SHELL_C -> SUB_PAYBACK_C -> EMP_FRAUD_C,SUB_PAYBACK_C,EMP_FRAUD_C,0.0,Historical,93.26,450,Circular Fund Flow
379,batch_379_loop_2,1,EMP_FRAUD_B -> VEND_SHELL_B -> SUB_PAYBACK_B -> EMP_FRAUD_B,EMP_FRAUD_B,VEND_SHELL_B,0.0,Historical,91.99,450,Circular Fund Flow
379,batch_379_loop_2,2,EMP_FRAUD_B -> VEND_SHELL_B -> SUB_PAYBACK_B -> EMP_FRAUD_B,VEND_SHELL_B,SUB_PAYBACK_B,0.0,Historical,96.16,450,Circular Fund Flow
379,batch_379_loop_2,3,EMP_FRAUD_B -> VEND_SHELL_B -> SUB_PAYBACK_B -> EMP_FRAUD_B,SUB_PAYBACK_B,EMP_FRAUD_B,0.0,Historical,86.1,450,Circular Fund Flow
379,batch_379_loop_3,1,EMP_FRAUD_A -> VEND_SHELL_A -> SUB_PAYBACK_A -> EMP_FRAUD_A,EMP_FRAUD_A,VEND_SHELL_A,0.0,Historical,95.22,450,Circular Fund Flow
379,batch_379_loop_3,2,EMP_FRAUD_A -> VEND_SHELL_A -> SUB_PAYBACK_A -> EMP_FRAUD_A,VEND_SHELL_A,SUB_PAYBACK_A,0.0,Historical,89.05,450,Circular Fund Flow
379,batch_379_loop_3,3,EMP_FRAUD_A -> VEND_SHELL_A -> SUB_PAYBACK_A -> EMP_FRAUD_A,SUB_PAYBACK_A,EMP_FRAUD_A,0.0,Historical,95.29,450,Circular Fund Flow
380,batch_380_loop_1,1,EMP_FRAUD_C -> VEND_SHELL_C -> SUB_PAYBACK_C -> EMP_FRAUD_C,EMP_FRAUD_C,VEND_SHELL_C,0.0,Historical,96.45,452,Circular Fund Flow
380,batch_380_loop_1,2,EMP_FRAUD_C -> VEND_SHELL_C -> SUB_PAYBACK_C -> EMP_FRAUD_C,VEND_SHELL_C,SUB_PAYBACK_C,0.0,Historical,95.41,452,Circular Fund Flow
380,batch_380_loop_1,3,EMP_FRAUD_C -> VEND_SHELL_C -> SUB_PAYBACK_C -> EMP_FRAUD_C,SUB_PAYBACK_C,EMP_FRAUD_C,0.0,Historical,95.07,452,Circular Fund Flow
380,batch_380_loop_2,1,EMP_FRAUD_B -> VEND_SHELL_B -> SUB_PAYBACK_B -> EMP_FRAUD_B,EMP_FRAUD_B,VEND_SHELL_B,0.0,Historical,97.53,452,Circular Fund Flow
380,batch_380_loop_2,2,EMP_FRAUD_B -> VEND_SHELL_B -> SUB_PAYBACK_B -> EMP_FRAUD_B,VEND_SHELL_B,SUB_PAYBACK_B,0.0,Historical,86.76,452,Circular Fund Flow
380,batch_380_loop_2,3,EMP_FRAUD_B -> VEND_SHELL_B -> SUB_PAYBACK_B -> EMP_FRAUD_B,SUB_PAYBACK_B,EMP_FRAUD_B,0.0,Historical,92.7,452,Circular Fund Flow
380,batch_380_loop_3,1,EMP_FRAUD_A -> VEND_SHELL_A -> SUB_PAYBACK_A -> EMP_FRAUD_A,EMP_FRAUD_A,VEND_SHELL_A,0.0,Historical,96.95,452,Circular Fund Flow
380,batch_380_loop_3,2,EMP_FRAUD_A -> VEND_SHELL_A -> SUB_PAYBACK_A -> EMP_FRAUD_A,VEND_SHELL_A,SUB_PAYBACK_A,0.0,Historical,94.09,452,Circular Fund Flow
380,batch_380_loop_3,3,EMP_FRAUD_A -> VEND_SHELL_A -> SUB_PAYBACK_A -> EMP_FRAUD_A,SUB_PAYBACK_A,EMP_FRAUD_A,0.0,Historical,94.24,452,Circular Fund Flow
381,batch_381_loop_1,1,EMP_FRAUD_C -> VEND_SHELL_C -> SUB_PAYBACK_C -> EMP_FRAUD_C,EMP_FRAUD_C,VEND_SHELL_C,0.0,Historical,94.75,450,Circular Fund Flow
381,batch_381_loop_1,2,EMP_FRAUD_C -> VEND_SHELL_C -> SUB_PAYBACK_C -> EMP_FRAUD_C,VEND_SHELL_C,SUB_PAYBACK_C,0.0,Historical,88.12,450,Circular Fund Flow
381,batch_381_loop_1,3,EMP_FRAUD_C -> VEND_SHELL_C -> SUB_PAYBACK_C -> EMP_FRAUD_C,SUB_PAYBACK_C,EMP_FRAUD_C,0.0,Historical,93.54,450,Circular Fund Flow
381,batch_381_loop_2,1,EMP_FRAUD_B -> VEND_SHELL_B -> SUB_PAYBACK_B -> EMP_FRAUD_B,EMP_FRAUD_B,VEND_SHELL_B,0.0,Historical,98.03,450,Circular Fund Flow
381,batch_381_loop_2,2,EMP_FRAUD_B -> VEND_SHELL_B -> SUB_PAYBACK_B -> EMP_FRAUD_B,VEND_SHELL_B,SUB_PAYBACK_B,0.0,Historical,98.05,450,Circular Fund Flow
381,batch_381_loop_2,3,EMP_FRAUD_B -> VEND_SHELL_B -> SUB_PAYBACK_B -> EMP_FRAUD_B,SUB_PAYBACK_B,EMP_FRAUD_B,0.0,Historical,87.19,450,Circular Fund Flow
381,batch_381_loop_3,1,EMP_FRAUD_A -> VEND_SHELL_A -> SUB_PAYBACK_A -> EMP_FRAUD_A,EMP_FRAUD_A,VEND_SHELL_A,0.0,Historical,96.47,450,Circular Fund Flow
381,batch_381_loop_3,2,EMP_FRAUD_A -> VEND_SHELL_A -> SUB_PAYBACK_A -> EMP_FRAUD_A,VEND_SHELL_A,SUB_PAYBACK_A,0.0,Historical,94.73,450,Circular Fund Flow
381,batch_381_loop_3,3,EMP_FRAUD_A -> VEND_SHELL_A -> SUB_PAYBACK_A -> EMP_FRAUD_A,SUB_PAYBACK_A,EMP_FRAUD_A,0.0,Historical,87.46,450,Circular Fund Flow
382,batch_382_loop_1,1,EMP_FRAUD_C -> VEND_SHELL_C -> SUB_PAYBACK_C -> EMP_FRAUD_C,EMP_FRAUD_C,VEND_SHELL_C,0.0,Historical,85.74,452,Circular Fund Flow
382,batch_382_loop_1,2,EMP_FRAUD_C -> VEND_SHELL_C -> SUB_PAYBACK_C -> EMP_FRAUD_C,VEND_SHELL_C,SUB_PAYBACK_C,0.0,Historical,94.96,452,Circular Fund Flow
382,batch_382_loop_1,3,EMP_FRAUD_C -> VEND_SHELL_C -> SUB_PAYBACK_C -> EMP_FRAUD_C,SUB_PAYBACK_C,EMP_FRAUD_C,0.0,Historical,90.8,452,Circular Fund Flow
382,batch_382_loop_2,1,EMP_FRAUD_B -> VEND_SHELL_B -> SUB_PAYBACK_B -> EMP_FRAUD_B,EMP_FRAUD_B,VEND_SHELL_B,0.0,Historical,93.79,452,Circular Fund Flow
382,batch_382_loop_2,2,EMP_FRAUD_B -> VEND_SHELL_B -> SUB_PAYBACK_B -> EMP_FRAUD_B,VEND_SHELL_B,SUB_PAYBACK_B,0.0,Historical,86.57,452,Circular Fund Flow
382,batch_382_loop_2,3,EMP_FRAUD_B -> VEND_SHELL_B -> SUB_PAYBACK_B -> EMP_FRAUD_B,SUB_PAYBACK_B,EMP_FRAUD_B,0.0,Historical,97.82,452,Circular Fund Flow
382,batch_382_loop_3,1,EMP_FRAUD_A -> VEND_SHELL_A -> SUB_PAYBACK_A -> EMP_FRAUD_A,EMP_FRAUD_A,VEND_SHELL_A,0.0,Historical,98.05,452,Circular Fund Flow
382,batch_382_loop_3,2,EMP_FRAUD_A -> VEND_SHELL_A -> SUB_PAYBACK_A -> EMP_FRAUD_A,VEND_SHELL_A,SUB_PAYBACK_A,0.0,Historical,87.06,452,Circular Fund Flow
382,batch_382_loop_3,3,EMP_FRAUD_A -> VEND_SHELL_A -> SUB_PAYBACK_A -> EMP_FRAUD_A,SUB_PAYBACK_A,EMP_FRAUD_A,0.0,Historical,87.17,452,Circular Fund Flow
383,batch_383_loop_1,1,EMP_FRAUD_C -> VEND_SHELL_C -> SUB_PAYBACK_C -> EMP_FRAUD_C,EMP_FRAUD_C,VEND_SHELL_C,0.0,Historical,95.15,451,Circular Fund Flow
383,batch_383_loop_1,2,EMP_FRAUD_C -> VEND_SHELL_C -> SUB_PAYBACK_C -> EMP_FRAUD_C,VEND_SHELL_C,SUB_PAYBACK_C,0.0,Historical,92.51,451,Circular Fund Flow
383,batch_383_loop_1,3,EMP_FRAUD_C -> VEND_SHELL_C -> SUB_PAYBACK_C -> EMP_FRAUD_C,SUB_PAYBACK_C,EMP_FRAUD_C,0.0,Historical,95.97,451,Circular Fund Flow
383,batch_383_loop_2,1,EMP_FRAUD_B -> VEND_SHELL_B -> SUB_PAYBACK_B -> EMP_FRAUD_B,EMP_FRAUD_B,VEND_SHELL_B,0.0,Historical,96.37,451,Circular Fund Flow
383,batch_383_loop_2,2,EMP_FRAUD_B -> VEND_SHELL_B -> SUB_PAYBACK_B -> EMP_FRAUD_B,VEND_SHELL_B,SUB_PAYBACK_B,0.0,Historical,96.87,451,Circular Fund Flow
383,batch_383_loop_2,3,EMP_FRAUD_B -> VEND_SHELL_B -> SUB_PAYBACK_B -> EMP_FRAUD_B,SUB_PAYBACK_B,EMP_FRAUD_B,0.0,Historical,91.17,451,Circular Fund Flow
383,batch_383_loop_3,1,EMP_FRAUD_A -> VEND_SHELL_A -> SUB_PAYBACK_A -> EMP_FRAUD_A,EMP_FRAUD_A,VEND_SHELL_A,0.0,Historical,85.15,451,Circular Fund Flow
383,batch_383_loop_3,2,EMP_FRAUD_A -> VEND_SHELL_A -> SUB_PAYBACK_A -> EMP_FRAUD_A,VEND_SHELL_A,SUB_PAYBACK_A,0.0,Historical,93.8,451,Circular Fund Flow
383,batch_383_loop_3,3,EMP_FRAUD_A -> VEND_SHELL_A -> SUB_PAYBACK_A -> EMP_FRAUD_A,SUB_PAYBACK_A,EMP_FRAUD_A,0.0,Historical,85.25,451,Circular Fund Flow
384,batch_384_loop_1,1,EMP_FRAUD_C -> VEND_SHELL_C -> SUB_PAYBACK_C -> EMP_FRAUD_C,EMP_FRAUD_C,VEND_SHELL_C,0.0,Historical,98.12,452,Circular Fund Flow
384,batch_384_loop_1,2,EMP_FRAUD_C -> VEND_SHELL_C -> SUB_PAYBACK_C -> EMP_FRAUD_C,VEND_SHELL_C,SUB_PAYBACK_C,0.0,Historical,91.98,452,Circular Fund Flow
384,batch_384_loop_1,3,EMP_FRAUD_C -> VEND_SHELL_C -> SUB_PAYBACK_C -> EMP_FRAUD_C,SUB_PAYBACK_C,EMP_FRAUD_C,0.0,Historical,96.88,452,Circular Fund Flow
384,batch_384_loop_2,1,EMP_FRAUD_B -> VEND_SHELL_B -> SUB_PAYBACK_B -> EMP_FRAUD_B,EMP_FRAUD_B,VEND_SHELL_B,0.0,Historical,88.2,452,Circular Fund Flow
384,batch_384_loop_2,2,EMP_FRAUD_B -> VEND_SHELL_B -> SUB_PAYBACK_B -> EMP_FRAUD_B,VEND_SHELL_B,SUB_PAYBACK_B,0.0,Historical,90.52,452,Circular Fund Flow
384,batch_384_loop_2,3,EMP_FRAUD_B -> VEND_SHELL_B -> SUB_PAYBACK_B -> EMP_FRAUD_B,SUB_PAYBACK_B,EMP_FRAUD_B,0.0,Historical,91.72,452,Circular Fund Flow
384,batch_384_loop_3,1,EMP_FRAUD_A -> VEND_SHELL_A -> SUB_PAYBACK_A -> EMP_FRAUD_A,EMP_FRAUD_A,VEND_SHELL_A,0.0,Historical,94.55,452,Circular Fund Flow
384,batch_384_loop_3,2,EMP_FRAUD_A -> VEND_SHELL_A -> SUB_PAYBACK_A -> EMP_FRAUD_A,VEND_SHELL_A,SUB_PAYBACK_A,0.0,Historical,87.86,452,Circular Fund Flow
384,batch_384_loop_3,3,EMP_FRAUD_A -> VEND_SHELL_A -> SUB_PAYBACK_A -> EMP_FRAUD_A,SUB_PAYBACK_A,EMP_FRAUD_A,0.0,Historical,86.16,452,Circular Fund Flow
385,batch_385_loop_1,1,EMP_FRAUD_C -> VEND_SHELL_C -> SUB_PAYBACK_C -> EMP_FRAUD_C,EMP_FRAUD_C,VEND_SHELL_C,0.0,Historical,89.53,454,Circular Fund Flow
385,batch_385_loop_1,2,EMP_FRAUD_C -> VEND_SHELL_C -> SUB_PAYBACK_C -> EMP_FRAUD_C,VEND_SHELL_C,SUB_PAYBACK_C,0.0,Historical,89.89,454,Circular Fund Flow
385,batch_385_loop_1,3,EMP_FRAUD_C -> VEND_SHELL_C -> SUB_PAYBACK_C -> EMP_FRAUD_C,SUB_PAYBACK_C,EMP_FRAUD_C,0.0,Historical,92.65,454,Circular Fund Flow
385,batch_385_loop_2,1,EMP_FRAUD_B -> VEND_SHELL_B -> SUB_PAYBACK_B -> EMP_FRAUD_B,EMP_FRAUD_B,VEND_SHELL_B,0.0,Historical,96.23,454,Circular Fund Flow
385,batch_385_loop_2,2,EMP_FRAUD_B -> VEND_SHELL_B -> SUB_PAYBACK_B -> EMP_FRAUD_B,VEND_SHELL_B,SUB_PAYBACK_B,0.0,Historical,91.01,454,Circular Fund Flow
385,batch_385_loop_2,3,EMP_FRAUD_B -> VEND_SHELL_B -> SUB_PAYBACK_B -> EMP_FRAUD_B,SUB_PAYBACK_B,EMP_FRAUD_B,0.0,Historical,97.07,454,Circular Fund Flow
385,batch_385_loop_3,1,EMP_FRAUD_A -> VEND_SHELL_A -> SUB_PAYBACK_A -> EMP_FRAUD_A,EMP_FRAUD_A,VEND_SHELL_A,0.0,Historical,92.8,454,Circular Fund Flow
385,batch_385_loop_3,2,EMP_FRAUD_A -> VEND_SHELL_A -> SUB_PAYBACK_A -> EMP_FRAUD_A,VEND_SHELL_A,SUB_PAYBACK_A,0.0,Historical,87.19,454,Circular Fund Flow
385,batch_385_loop_3,3,EMP_FRAUD_A -> VEND_SHELL_A -> SUB_PAYBACK_A -> EMP_FRAUD_A,SUB_PAYBACK_A,EMP_FRAUD_A,0.0,Historical,97.37,454,Circular Fund Flow
386,batch_386_loop_1,1,EMP_FRAUD_C -> VEND_SHELL_C -> SUB_PAYBACK_C -> EMP_FRAUD_C,EMP_FRAUD_C,VEND_SHELL_C,0.0,Historical,96.45,452,Circular Fund Flow
386,batch_386_loop_1,2,EMP_FRAUD_C -> VEND_SHELL_C -> SUB_PAYBACK_C -> EMP_FRAUD_C,VEND_SHELL_C,SUB_PAYBACK_C,0.0,Historical,87.56,452,Circular Fund Flow
386,batch_386_loop_1,3,EMP_FRAUD_C -> VEND_SHELL_C -> SUB_PAYBACK_C -> EMP_FRAUD_C,SUB_PAYBACK_C,EMP_FRAUD_C,0.0,Historical,89.99,452,Circular Fund Flow
386,batch_386_loop_2,1,EMP_FRAUD_B -> VEND_SHELL_B -> SUB_PAYBACK_B -> EMP_FRAUD_B,EMP_FRAUD_B,VEND_SHELL_B,0.0,Historical,90.71,452,Circular Fund Flow
386,batch_386_loop_2,2,EMP_FRAUD_B -> VEND_SHELL_B -> SUB_PAYBACK_B -> EMP_FRAUD_B,VEND_SHELL_B,SUB_PAYBACK_B,0.0,Historical,96.49,452,Circular Fund Flow
386,batch_386_loop_2,3,EMP_FRAUD_B -> VEND_SHELL_B -> SUB_PAYBACK_B -> EMP_FRAUD_B,SUB_PAYBACK_B,EMP_FRAUD_B,0.0,Historical,98.55,452,Circular Fund Flow
386,batch_386_loop_3,1,EMP_FRAUD_A -> VEND_SHELL_A -> SUB_PAYBACK_A -> EMP_FRAUD_A,EMP_FRAUD_A,VEND_SHELL_A,0.0,Historical,90.25,452,Circular Fund Flow
386,batch_386_loop_3,2,EMP_FRAUD_A -> VEND_SHELL_A -> SUB_PAYBACK_A -> EMP_FRAUD_A,VEND_SHELL_A,SUB_PAYBACK_A,0.0,Historical,92.88,452,Circular Fund Flow
386,batch_386_loop_3,3,EMP_FRAUD_A -> VEND_SHELL_A -> SUB_PAYBACK_A -> EMP_FRAUD_A,SUB_PAYBACK_A,EMP_FRAUD_A,0.0,Historical,88.44,452,Circular Fund Flow
387,batch_387_loop_1,1,EMP_FRAUD_C -> VEND_SHELL_C -> SUB_PAYBACK_C -> EMP_FRAUD_C,EMP_FRAUD_C,VEND_SHELL_C,0.0,Historical,87.13,449,Circular Fund Flow
387,batch_387_loop_1,2,EMP_FRAUD_C -> VEND_SHELL_C -> SUB_PAYBACK_C -> EMP_FRAUD_C,VEND_SHELL_C,SUB_PAYBACK_C,0.0,Historical,85.36,449,Circular Fund Flow
387,batch_387_loop_1,3,EMP_FRAUD_C -> VEND_SHELL_C -> SUB_PAYBACK_C -> EMP_FRAUD_C,SUB_PAYBACK_C,EMP_FRAUD_C,0.0,Historical,86.16,449,Circular Fund Flow
387,batch_387_loop_2,1,EMP_FRAUD_B -> VEND_SHELL_B -> SUB_PAYBACK_B -> EMP_FRAUD_B,EMP_FRAUD_B,VEND_SHELL_B,0.0,Historical,89.73,449,Circular Fund Flow
387,batch_387_loop_2,2,EMP_FRAUD_B -> VEND_SHELL_B -> SUB_PAYBACK_B -> EMP_FRAUD_B,VEND_SHELL_B,SUB_PAYBACK_B,0.0,Historical,92.56,449,Circular Fund Flow
387,batch_387_loop_2,3,EMP_FRAUD_B -> VEND_SHELL_B -> SUB_PAYBACK_B -> EMP_FRAUD_B,SUB_PAYBACK_B,EMP_FRAUD_B,0.0,Historical,93.55,449,Circular Fund Flow
387,batch_387_loop_3,1,EMP_FRAUD_A -> VEND_SHELL_A -> SUB_PAYBACK_A -> EMP_FRAUD_A,EMP_FRAUD_A,VEND_SHELL_A,0.0,Historical,93.28,449,Circular Fund Flow
387,batch_387_loop_3,2,EMP_FRAUD_A -> VEND_SHELL_A -> SUB_PAYBACK_A -> EMP_FRAUD_A,VEND_SHELL_A,SUB_PAYBACK_A,0.0,Historical,96.59,449,Circular Fund Flow
387,batch_387_loop_3,3,EMP_FRAUD_A -> VEND_SHELL_A -> SUB_PAYBACK_A -> EMP_FRAUD_A,SUB_PAYBACK_A,EMP_FRAUD_A,0.0,Historical,88.07,449,Circular Fund Flow
388,batch_388_loop_1,1,EMP_FRAUD_C -> VEND_SHELL_C -> SUB_PAYBACK_C -> EMP_FRAUD_C,EMP_FRAUD_C,VEND_SHELL_C,13208.31,2026-04-18T06:37:42Z,100.0,452,Circular Fund Flow
388,batch_388_loop_1,2,EMP_FRAUD_C -> VEND_SHELL_C -> SUB_PAYBACK_C -> EMP_FRAUD_C,VEND_SHELL_C,SUB_PAYBACK_C,12495.51,2026-04-18T06:37:42Z,100.0,452,Circular Fund Flow
388,batch_388_loop_1,3,EMP_FRAUD_C -> VEND_SHELL_C -> SUB_PAYBACK_C -> EMP_FRAUD_C,SUB_PAYBACK_C,EMP_FRAUD_C,11351.0,2026-04-18T06:37:42Z,100.0,452,Circular Fund Flow
388,batch_388_loop_2,1,EMP_FRAUD_B -> VEND_SHELL_B -> SUB_PAYBACK_B -> EMP_FRAUD_B,EMP_FRAUD_B,VEND_SHELL_B,9723.57,2026-04-18T06:37:42Z,100.0,452,Circular Fund Flow
388,batch_388_loop_2,2,EMP_FRAUD_B -> VEND_SHELL_B -> SUB_PAYBACK_B -> EMP_FRAUD_B,VEND_SHELL_B,SUB_PAYBACK_B,12123.72,2026-04-18T06:37:42Z,100.0,452,Circular Fund Flow
388,batch_388_loop_2,3,EMP_FRAUD_B -> VEND_SHELL_B -> SUB_PAYBACK_B -> EMP_FRAUD_B,SUB_PAYBACK_B,EMP_FRAUD_B,12509.56,2026-04-18T06:37:42Z,100.0,452,Circular Fund Flow
388,batch_388_loop_3,1,EMP_FRAUD_A -> VEND_SHELL_A -> SUB_PAYBACK_A -> EMP_FRAUD_A,EMP_FRAUD_A,VEND_SHELL_A,11491.21,2026-04-18T06:37:42Z,100.0,452,Circular Fund Flow
388,batch_388_loop_3,2,EMP_FRAUD_A -> VEND_SHELL_A -> SUB_PAYBACK_A -> EMP_FRAUD_A,VEND_SHELL_A,SUB_PAYBACK_A,14023.27,2026-04-18T06:37:42Z,100.0,452,Circular Fund Flow
388,batch_388_loop_3,3,EMP_FRAUD_A -> VEND_SHELL_A -> SUB_PAYBACK_A -> EMP_FRAUD_A,SUB_PAYBACK_A,EMP_FRAUD_A,9679.03,2026-04-18T06:37:42Z,100.0,452,Circular Fund Flow
389,batch_389_loop_1,1,EMP_FRAUD_C -> VEND_SHELL_C -> SUB_PAYBACK_C -> EMP_FRAUD_C,EMP_FRAUD_C,VEND_SHELL_C,0.0,Historical,94.78,454,Circular Fund Flow
389,batch_389_loop_1,2,EMP_FRAUD_C -> VEND_SHELL_C -> SUB_PAYBACK_C -> EMP_FRAUD_C,VEND_SHELL_C,SUB_PAYBACK_C,0.0,Historical,92.28,454,Circular Fund Flow
389,batch_389_loop_1,3,EMP_FRAUD_C -> VEND_SHELL_C -> SUB_PAYBACK_C -> EMP_FRAUD_C,SUB_PAYBACK_C,EMP_FRAUD_C,0.0,Historical,88.1,454,Circular Fund Flow
389,batch_389_loop_2,1,EMP_FRAUD_B -> VEND_SHELL_B -> SUB_PAYBACK_B -> EMP_FRAUD_B,EMP_FRAUD_B,VEND_SHELL_B,0.0,Historical,92.21,454,Circular Fund Flow
389,batch_389_loop_2,2,EMP_FRAUD_B -> VEND_SHELL_B -> SUB_PAYBACK_B -> EMP_FRAUD_B,VEND_SHELL_B,SUB_PAYBACK_B,0.0,Historical,96.03,454,Circular Fund Flow
389,batch_389_loop_2,3,EMP_FRAUD_B -> VEND_SHELL_B -> SUB_PAYBACK_B -> EMP_FRAUD_B,SUB_PAYBACK_B,EMP_FRAUD_B,0.0,Historical,87.78,454,Circular Fund Flow
389,batch_389_loop_3,1,EMP_FRAUD_A -> VEND_SHELL_A -> SUB_PAYBACK_A -> EMP_FRAUD_A,EMP_FRAUD_A,VEND_SHELL_A,0.0,Historical,96.78,454,Circular Fund Flow
389,batch_389_loop_3,2,EMP_FRAUD_A -> VEND_SHELL_A -> SUB_PAYBACK_A -> EMP_FRAUD_A,VEND_SHELL_A,SUB_PAYBACK_A,0.0,Historical,89.71,454,Circular Fund Flow
389,batch_389_loop_3,3,EMP_FRAUD_A -> VEND_SHELL_A -> SUB_PAYBACK_A -> EMP_FRAUD_A,SUB_PAYBACK_A,EMP_FRAUD_A,0.0,Historical,91.35,454,Circular Fund Flow
390,batch_390_loop_1,1,EMP_FRAUD_C -> VEND_SHELL_C -> SUB_PAYBACK_C -> EMP_FRAUD_C,EMP_FRAUD_C,VEND_SHELL_C,0.0,Historical,97.42,463,Circular Fund Flow
390,batch_390_loop_1,2,EMP_FRAUD_C -> VEND_SHELL_C -> SUB_PAYBACK_C -> EMP_FRAUD_C,VEND_SHELL_C,SUB_PAYBACK_C,0.0,Historical,95.01,463,Circular Fund Flow
390,batch_390_loop_1,3,EMP_FRAUD_C -> VEND_SHELL_C -> SUB_PAYBACK_C -> EMP_FRAUD_C,SUB_PAYBACK_C,EMP_FRAUD_C,0.0,Historical,85.7,463,Circular Fund Flow
390,batch_390_loop_2,1,EMP_FRAUD_B -> VEND_SHELL_B -> SUB_PAYBACK_B -> EMP_FRAUD_B,EMP_FRAUD_B,VEND_SHELL_B,0.0,Historical,88.98,463,Circular Fund Flow
390,batch_390_loop_2,2,EMP_FRAUD_B -> VEND_SHELL_B -> SUB_PAYBACK_B -> EMP_FRAUD_B,VEND_SHELL_B,SUB_PAYBACK_B,0.0,Historical,90.24,463,Circular Fund Flow
390,batch_390_loop_2,3,EMP_FRAUD_B -> VEND_SHELL_B -> SUB_PAYBACK_B -> EMP_FRAUD_B,SUB_PAYBACK_B,EMP_FRAUD_B,0.0,Historical,97.51,463,Circular Fund Flow
390,batch_390_loop_3,1,EMP_FRAUD_A -> VEND_SHELL_A -> SUB_PAYBACK_A -> EMP_FRAUD_A,EMP_FRAUD_A,VEND_SHELL_A,0.0,Historical,97.12,463,Circular Fund Flow
390,batch_390_loop_3,2,EMP_FRAUD_A -> VEND_SHELL_A -> SUB_PAYBACK_A -> EMP_FRAUD_A,VEND_SHELL_A,SUB_PAYBACK_A,0.0,Historical,86.55,463,Circular Fund Flow
390,batch_390_loop_3,3,EMP_FRAUD_A -> VEND_SHELL_A -> SUB_PAYBACK_A -> EMP_FRAUD_A,SUB_PAYBACK_A,EMP_FRAUD_A,0.0,Historical,96.24,463,Circular Fund Flow
391,batch_391_loop_1,1,EMP_FRAUD_C -> VEND_SHELL_C -> SUB_PAYBACK_C -> EMP_FRAUD_C,EMP_FRAUD_C,VEND_SHELL_C,0.0,Historical,85.8,460,Circular Fund Flow
391,batch_391_loop_1,2,EMP_FRAUD_C -> VEND_SHELL_C -> SUB_PAYBACK_C -> EMP_FRAUD_C,VEND_SHELL_C,SUB_PAYBACK_C,0.0,Historical,88.78,460,Circular Fund Flow
391,batch_391_loop_1,3,EMP_FRAUD_C -> VEND_SHELL_C -> SUB_PAYBACK_C -> EMP_FRAUD_C,SUB_PAYBACK_C,EMP_FRAUD_C,0.0,Historical,91.69,460,Circular Fund Flow
391,batch_391_loop_2,1,EMP_FRAUD_B -> VEND_SHELL_B -> SUB_PAYBACK_B -> EMP_FRAUD_B,EMP_FRAUD_B,VEND_SHELL_B,0.0,Historical,97.98,460,Circular Fund Flow
391,batch_391_loop_2,2,EMP_FRAUD_B -> VEND_SHELL_B -> SUB_PAYBACK_B -> EMP_FRAUD_B,VEND_SHELL_B,SUB_PAYBACK_B,0.0,Historical,89.04,460,Circular Fund Flow
391,batch_391_loop_2,3,EMP_FRAUD_B -> VEND_SHELL_B -> SUB_PAYBACK_B -> EMP_FRAUD_B,SUB_PAYBACK_B,EMP_FRAUD_B,0.0,Historical,88.76,460,Circular Fund Flow
391,batch_391_loop_3,1,EMP_FRAUD_A -> VEND_SHELL_A -> SUB_PAYBACK_A -> EMP_FRAUD_A,EMP_FRAUD_A,VEND_SHELL_A,0.0,Historical,94.53,460,Circular Fund Flow
391,batch_391_loop_3,2,EMP_FRAUD_A -> VEND_SHELL_A -> SUB_PAYBACK_A -> EMP_FRAUD_A,VEND_SHELL_A,SUB_PAYBACK_A,0.0,Historical,85.24,460,Circular Fund Flow
391,batch_391_loop_3,3,EMP_FRAUD_A -> VEND_SHELL_A -> SUB_PAYBACK_A -> EMP_FRAUD_A,SUB_PAYBACK_A,EMP_FRAUD_A,0.0,Historical,85.93,460,Circular Fund Flow
392,batch_392_loop_1,1,EMP_FRAUD_C -> VEND_SHELL_C -> SUB_PAYBACK_C -> EMP_FRAUD_C,EMP_FRAUD_C,VEND_SHELL_C,0.0,Historical,98.73,460,Circular Fund Flow
392,batch_392_loop_1,2,EMP_FRAUD_C -> VEND_SHELL_C -> SUB_PAYBACK_C -> EMP_FRAUD_C,VEND_SHELL_C,SUB_PAYBACK_C,0.0,Historical,95.19,460,Circular Fund Flow
392,batch_392_loop_1,3,EMP_FRAUD_C -> VEND_SHELL_C -> SUB_PAYBACK_C -> EMP_FRAUD_C,SUB_PAYBACK_C,EMP_FRAUD_C,0.0,Historical,90.25,460,Circular Fund Flow
392,batch_392_loop_2,1,EMP_FRAUD_B -> VEND_SHELL_B -> SUB_PAYBACK_B -> EMP_FRAUD_B,EMP_FRAUD_B,VEND_SHELL_B,0.0,Historical,92.73,460,Circular Fund Flow
392,batch_392_loop_2,2,EMP_FRAUD_B -> VEND_SHELL_B -> SUB_PAYBACK_B -> EMP_FRAUD_B,VEND_SHELL_B,SUB_PAYBACK_B,0.0,Historical,86.63,460,Circular Fund Flow
392,batch_392_loop_2,3,EMP_FRAUD_B -> VEND_SHELL_B -> SUB_PAYBACK_B -> EMP_FRAUD_B,SUB_PAYBACK_B,EMP_FRAUD_B,0.0,Historical,87.24,460,Circular Fund Flow
392,batch_392_loop_3,1,EMP_FRAUD_A -> VEND_SHELL_A -> SUB_PAYBACK_A -> EMP_FRAUD_A,EMP_FRAUD_A,VEND_SHELL_A,0.0,Historical,90.9,460,Circular Fund Flow
392,batch_392_loop_3,2,EMP_FRAUD_A -> VEND_SHELL_A -> SUB_PAYBACK_A -> EMP_FRAUD_A,VEND_SHELL_A,SUB_PAYBACK_A,0.0,Historical,86.3,460,Circular Fund Flow
392,batch_392_loop_3,3,EMP_FRAUD_A -> VEND_SHELL_A -> SUB_PAYBACK_A -> EMP_FRAUD_A,SUB_PAYBACK_A,EMP_FRAUD_A,0.0,Historical,92.12,460,Circular Fund Flow
393,batch_393_loop_1,1,EMP_FRAUD_C -> VEND_SHELL_C -> SUB_PAYBACK_C -> EMP_FRAUD_C,EMP_FRAUD_C,VEND_SHELL_C,0.0,Historical,93.57,460,Circular Fund Flow
393,batch_393_loop_1,2,EMP_FRAUD_C -> VEND_SHELL_C -> SUB_PAYBACK_C -> EMP_FRAUD_C,VEND_SHELL_C,SUB_PAYBACK_C,0.0,Historical,97.75,460,Circular Fund Flow
393,batch_393_loop_1,3,EMP_FRAUD_C -> VEND_SHELL_C -> SUB_PAYBACK_C -> EMP_FRAUD_C,SUB_PAYBACK_C,EMP_FRAUD_C,0.0,Historical,87.62,460,Circular Fund Flow
393,batch_393_loop_2,1,EMP_FRAUD_B -> VEND_SHELL_B -> SUB_PAYBACK_B -> EMP_FRAUD_B,EMP_FRAUD_B,VEND_SHELL_B,0.0,Historical,90.93,460,Circular Fund Flow
393,batch_393_loop_2,2,EMP_FRAUD_B -> VEND_SHELL_B -> SUB_PAYBACK_B -> EMP_FRAUD_B,VEND_SHELL_B,SUB_PAYBACK_B,0.0,Historical,91.73,460,Circular Fund Flow
393,batch_393_loop_2,3,EMP_FRAUD_B -> VEND_SHELL_B -> SUB_PAYBACK_B -> EMP_FRAUD_B,SUB_PAYBACK_B,EMP_FRAUD_B,0.0,Historical,97.34,460,Circular Fund Flow
393,batch_393_loop_3,1,EMP_FRAUD_A -> VEND_SHELL_A -> SUB_PAYBACK_A -> EMP_FRAUD_A,EMP_FRAUD_A,VEND_SHELL_A,0.0,Historical,94.72,460,Circular Fund Flow
393,batch_393_loop_3,2,EMP_FRAUD_A -> VEND_SHELL_A -> SUB_PAYBACK_A -> EMP_FRAUD_A,VEND_SHELL_A,SUB_PAYBACK_A,0.0,Historical,91.53,460,Circular Fund Flow
393,batch_393_loop_3,3,EMP_FRAUD_A -> VEND_SHELL_A -> SUB_PAYBACK_A -> EMP_FRAUD_A,SUB_PAYBACK_A,EMP_FRAUD_A,0.0,Historical,97.19,460,Circular Fund Flow
394,batch_394_loop_1,1,EMP_FRAUD_C -> VEND_SHELL_C -> SUB_PAYBACK_C -> EMP_FRAUD_C,EMP_FRAUD_C,VEND_SHELL_C,0.0,Historical,90.61,466,Circular Fund Flow
394,batch_394_loop_1,2,EMP_FRAUD_C -> VEND_SHELL_C -> SUB_PAYBACK_C -> EMP_FRAUD_C,VEND_SHELL_C,SUB_PAYBACK_C,0.0,Historical,87.98,466,Circular Fund Flow
394,batch_394_loop_1,3,EMP_FRAUD_C -> VEND_SHELL_C -> SUB_PAYBACK_C -> EMP_FRAUD_C,SUB_PAYBACK_C,EMP_FRAUD_C,0.0,Historical,93.64,466,Circular Fund Flow
394,batch_394_loop_2,1,EMP_FRAUD_B -> VEND_SHELL_B -> SUB_PAYBACK_B -> EMP_FRAUD_B,EMP_FRAUD_B,VEND_SHELL_B,0.0,Historical,91.06,466,Circular Fund Flow
394,batch_394_loop_2,2,EMP_FRAUD_B -> VEND_SHELL_B -> SUB_PAYBACK_B -> EMP_FRAUD_B,VEND_SHELL_B,SUB_PAYBACK_B,0.0,Historical,88.86,466,Circular Fund Flow
394,batch_394_loop_2,3,EMP_FRAUD_B -> VEND_SHELL_B -> SUB_PAYBACK_B -> EMP_FRAUD_B,SUB_PAYBACK_B,EMP_FRAUD_B,0.0,Historical,90.71,466,Circular Fund Flow
394,batch_394_loop_3,1,EMP_FRAUD_A -> VEND_SHELL_A -> SUB_PAYBACK_A -> EMP_FRAUD_A,EMP_FRAUD_A,VEND_SHELL_A,0.0,Historical,96.77,466,Circular Fund Flow
394,batch_394_loop_3,2,EMP_FRAUD_A -> VEND_SHELL_A -> SUB_PAYBACK_A -> EMP_FRAUD_A,VEND_SHELL_A,SUB_PAYBACK_A,0.0,Historical,92.14,466,Circular Fund Flow
394,batch_394_loop_3,3,EMP_FRAUD_A -> VEND_SHELL_A -> SUB_PAYBACK_A -> EMP_FRAUD_A,SUB_PAYBACK_A,EMP_FRAUD_A,0.0,Historical,92.11,466,Circular Fund Flow
395,batch_395_loop_1,1,EMP_FRAUD_C -> VEND_SHELL_C -> SUB_PAYBACK_C -> EMP_FRAUD_C,EMP_FRAUD_C,VEND_SHELL_C,0.0,Historical,92.85,460,Circular Fund Flow
395,batch_395_loop_1,2,EMP_FRAUD_C -> VEND_SHELL_C -> SUB_PAYBACK_C -> EMP_FRAUD_C,VEND_SHELL_C,SUB_PAYBACK_C,0.0,Historical,89.23,460,Circular Fund Flow
395,batch_395_loop_1,3,EMP_FRAUD_C -> VEND_SHELL_C -> SUB_PAYBACK_C -> EMP_FRAUD_C,SUB_PAYBACK_C,EMP_FRAUD_C,0.0,Historical,95.22,460,Circular Fund Flow
395,batch_395_loop_2,1,EMP_FRAUD_B -> VEND_SHELL_B -> SUB_PAYBACK_B -> EMP_FRAUD_B,EMP_FRAUD_B,VEND_SHELL_B,0.0,Historical,87.62,460,Circular Fund Flow
395,batch_395_loop_2,2,EMP_FRAUD_B -> VEND_SHELL_B -> SUB_PAYBACK_B -> EMP_FRAUD_B,VEND_SHELL_B,SUB_PAYBACK_B,0.0,Historical,94.42,460,Circular Fund Flow
395,batch_395_loop_2,3,EMP_FRAUD_B -> VEND_SHELL_B -> SUB_PAYBACK_B -> EMP_FRAUD_B,SUB_PAYBACK_B,EMP_FRAUD_B,0.0,Historical,92.78,460,Circular Fund Flow
395,batch_395_loop_3,1,EMP_FRAUD_A -> VEND_SHELL_A -> SUB_PAYBACK_A -> EMP_FRAUD_A,EMP_FRAUD_A,VEND_SHELL_A,0.0,Historical,89.6,460,Circular Fund Flow
395,batch_395_loop_3,2,EMP_FRAUD_A -> VEND_SHELL_A -> SUB_PAYBACK_A -> EMP_FRAUD_A,VEND_SHELL_A,SUB_PAYBACK_A,0.0,Historical,95.39,460,Circular Fund Flow
395,batch_395_loop_3,3,EMP_FRAUD_A -> VEND_SHELL_A -> SUB_PAYBACK_A -> EMP_FRAUD_A,SUB_PAYBACK_A,EMP_FRAUD_A,0.0,Historical,90.82,460,Circular Fund Flow
396,batch_396_loop_1,1,EMP_FRAUD_C -> VEND_SHELL_C -> SUB_PAYBACK_C -> EMP_FRAUD_C,EMP_FRAUD_C,VEND_SHELL_C,0.0,Historical,95.4,463,Circular Fund Flow
396,batch_396_loop_1,2,EMP_FRAUD_C -> VEND_SHELL_C -> SUB_PAYBACK_C -> EMP_FRAUD_C,VEND_SHELL_C,SUB_PAYBACK_C,0.0,Historical,86.41,463,Circular Fund Flow
396,batch_396_loop_1,3,EMP_FRAUD_C -> VEND_SHELL_C -> SUB_PAYBACK_C -> EMP_FRAUD_C,SUB_PAYBACK_C,EMP_FRAUD_C,0.0,Historical,93.38,463,Circular Fund Flow
396,batch_396_loop_2,1,EMP_FRAUD_B -> VEND_SHELL_B -> SUB_PAYBACK_B -> EMP_FRAUD_B,EMP_FRAUD_B,VEND_SHELL_B,0.0,Historical,98.76,463,Circular Fund Flow
396,batch_396_loop_2,2,EMP_FRAUD_B -> VEND_SHELL_B -> SUB_PAYBACK_B -> EMP_FRAUD_B,VEND_SHELL_B,SUB_PAYBACK_B,0.0,Historical,96.29,463,Circular Fund Flow
396,batch_396_loop_2,3,EMP_FRAUD_B -> VEND_SHELL_B -> SUB_PAYBACK_B -> EMP_FRAUD_B,SUB_PAYBACK_B,EMP_FRAUD_B,0.0,Historical,96.16,463,Circular Fund Flow
396,batch_396_loop_3,1,EMP_FRAUD_A -> VEND_SHELL_A -> SUB_PAYBACK_A -> EMP_FRAUD_A,EMP_FRAUD_A,VEND_SHELL_A,0.0,Historical,90.59,463,Circular Fund Flow
396,batch_396_loop_3,2,EMP_FRAUD_A -> VEND_SHELL_A -> SUB_PAYBACK_A -> EMP_FRAUD_A,VEND_SHELL_A,SUB_PAYBACK_A,0.0,Historical,97.57,463,Circular Fund Flow
396,batch_396_loop_3,3,EMP_FRAUD_A -> VEND_SHELL_A -> SUB_PAYBACK_A -> EMP_FRAUD_A,SUB_PAYBACK_A,EMP_FRAUD_A,0.0,Historical,92.68,463,Circular Fund Flow
397,batch_397_loop_1,1,EMP_FRAUD_C -> VEND_SHELL_C -> SUB_PAYBACK_C -> EMP_FRAUD_C,EMP_FRAUD_C,VEND_SHELL_C,0.0,Historical,97.58,462,Circular Fund Flow
397,batch_397_loop_1,2,EMP_FRAUD_C -> VEND_SHELL_C -> SUB_PAYBACK_C -> EMP_FRAUD_C,VEND_SHELL_C,SUB_PAYBACK_C,0.0,Historical,89.28,462,Circular Fund Flow
397,batch_397_loop_1,3,EMP_FRAUD_C -> VEND_SHELL_C -> SUB_PAYBACK_C -> EMP_FRAUD_C,SUB_PAYBACK_C,EMP_FRAUD_C,0.0,Historical,98.52,462,Circular Fund Flow
397,batch_397_loop_2,1,EMP_FRAUD_B -> VEND_SHELL_B -> SUB_PAYBACK_B -> EMP_FRAUD_B,EMP_FRAUD_B,VEND_SHELL_B,0.0,Historical,89.54,462,Circular Fund Flow
397,batch_397_loop_2,2,EMP_FRAUD_B -> VEND_SHELL_B -> SUB_PAYBACK_B -> EMP_FRAUD_B,VEND_SHELL_B,SUB_PAYBACK_B,0.0,Historical,96.35,462,Circular Fund Flow
397,batch_397_loop_2,3,EMP_FRAUD_B -> VEND_SHELL_B -> SUB_PAYBACK_B -> EMP_FRAUD_B,SUB_PAYBACK_B,EMP_FRAUD_B,0.0,Historical,86.12,462,Circular Fund Flow
397,batch_397_loop_3,1,EMP_FRAUD_A -> VEND_SHELL_A -> SUB_PAYBACK_A -> EMP_FRAUD_A,EMP_FRAUD_A,VEND_SHELL_A,0.0,Historical,92.26,462,Circular Fund Flow
397,batch_397_loop_3,2,EMP_FRAUD_A -> VEND_SHELL_A -> SUB_PAYBACK_A -> EMP_FRAUD_A,VEND_SHELL_A,SUB_PAYBACK_A,0.0,Historical,87.65,462,Circular Fund Flow
397,batch_397_loop_3,3,EMP_FRAUD_A -> VEND_SHELL_A -> SUB_PAYBACK_A -> EMP_FRAUD_A,SUB_PAYBACK_A,EMP_FRAUD_A,0.0,Historical,98.57,462,Circular Fund Flow
398,batch_398_loop_1,1,EMP_FRAUD_C -> VEND_SHELL_C -> SUB_PAYBACK_C -> EMP_FRAUD_C,EMP_FRAUD_C,VEND_SHELL_C,0.0,Historical,98.3,464,Circular Fund Flow
398,batch_398_loop_1,2,EMP_FRAUD_C -> VEND_SHELL_C -> SUB_PAYBACK_C -> EMP_FRAUD_C,VEND_SHELL_C,SUB_PAYBACK_C,0.0,Historical,96.91,464,Circular Fund Flow
398,batch_398_loop_1,3,EMP_FRAUD_C -> VEND_SHELL_C -> SUB_PAYBACK_C -> EMP_FRAUD_C,SUB_PAYBACK_C,EMP_FRAUD_C,0.0,Historical,98.6,464,Circular Fund Flow
398,batch_398_loop_2,1,EMP_FRAUD_B -> VEND_SHELL_B -> SUB_PAYBACK_B -> EMP_FRAUD_B,EMP_FRAUD_B,VEND_SHELL_B,0.0,Historical,87.17,464,Circular Fund Flow
398,batch_398_loop_2,2,EMP_FRAUD_B -> VEND_SHELL_B -> SUB_PAYBACK_B -> EMP_FRAUD_B,VEND_SHELL_B,SUB_PAYBACK_B,0.0,Historical,94.74,464,Circular Fund Flow
398,batch_398_loop_2,3,EMP_FRAUD_B -> VEND_SHELL_B -> SUB_PAYBACK_B -> EMP_FRAUD_B,SUB_PAYBACK_B,EMP_FRAUD_B,0.0,Historical,92.89,464,Circular Fund Flow
398,batch_398_loop_3,1,EMP_FRAUD_A -> VEND_SHELL_A -> SUB_PAYBACK_A -> EMP_FRAUD_A,EMP_FRAUD_A,VEND_SHELL_A,0.0,Historical,90.38,464,Circular Fund Flow
398,batch_398_loop_3,2,EMP_FRAUD_A -> VEND_SHELL_A -> SUB_PAYBACK_A -> EMP_FRAUD_A,VEND_SHELL_A,SUB_PAYBACK_A,0.0,Historical,91.32,464,Circular Fund Flow
398,batch_398_loop_3,3,EMP_FRAUD_A -> VEND_SHELL_A -> SUB_PAYBACK_A -> EMP_FRAUD_A,SUB_PAYBACK_A,EMP_FRAUD_A,0.0,Historical,92.8,464,Circular Fund Flow
399,batch_399_loop_1,1,EMP_FRAUD_C -> VEND_SHELL_C -> SUB_PAYBACK_C -> EMP_FRAUD_C,EMP_FRAUD_C,VEND_SHELL_C,0.0,Historical,92.9,461,Circular Fund Flow
399,batch_399_loop_1,2,EMP_FRAUD_C -> VEND_SHELL_C -> SUB_PAYBACK_C -> EMP_FRAUD_C,VEND_SHELL_C,SUB_PAYBACK_C,0.0,Historical,89.18,461,Circular Fund Flow
399,batch_399_loop_1,3,EMP_FRAUD_C -> VEND_SHELL_C -> SUB_PAYBACK_C -> EMP_FRAUD_C,SUB_PAYBACK_C,EMP_FRAUD_C,0.0,Historical,90.65,461,Circular Fund Flow
399,batch_399_loop_2,1,EMP_FRAUD_B -> VEND_SHELL_B -> SUB_PAYBACK_B -> EMP_FRAUD_B,EMP_FRAUD_B,VEND_SHELL_B,0.0,Historical,87.15,461,Circular Fund Flow
399,batch_399_loop_2,2,EMP_FRAUD_B -> VEND_SHELL_B -> SUB_PAYBACK_B -> EMP_FRAUD_B,VEND_SHELL_B,SUB_PAYBACK_B,0.0,Historical,93.62,461,Circular Fund Flow
399,batch_399_loop_2,3,EMP_FRAUD_B -> VEND_SHELL_B -> SUB_PAYBACK_B -> EMP_FRAUD_B,SUB_PAYBACK_B,EMP_FRAUD_B,0.0,Historical,92.67,461,Circular Fund Flow
399,batch_399_loop_3,1,EMP_FRAUD_A -> VEND_SHELL_A -> SUB_PAYBACK_A -> EMP_FRAUD_A,EMP_FRAUD_A,VEND_SHELL_A,0.0,Historical,96.3,461,Circular Fund Flow
399,batch_399_loop_3,2,EMP_FRAUD_A -> VEND_SHELL_A -> SUB_PAYBACK_A -> EMP_FRAUD_A,VEND_SHELL_A,SUB_PAYBACK_A,0.0,Historical,90.44,461,Circular Fund Flow
399,batch_399_loop_3,3,EMP_FRAUD_A -> VEND_SHELL_A -> SUB_PAYBACK_A -> EMP_FRAUD_A,SUB_PAYBACK_A,EMP_FRAUD_A,0.0,Historical,88.44,461,Circular Fund Flow
400,batch_400_loop_1,1,EMP_FRAUD_C -> VEND_SHELL_C -> SUB_PAYBACK_C -> EMP_FRAUD_C,EMP_FRAUD_C,VEND_SHELL_C,0.0,Historical,85.66,461,Circular Fund Flow
400,batch_400_loop_1,2,EMP_FRAUD_C -> VEND_SHELL_C -> SUB_PAYBACK_C -> EMP_FRAUD_C,VEND_SHELL_C,SUB_PAYBACK_C,0.0,Historical,98.16,461,Circular Fund Flow
400,batch_400_loop_1,3,EMP_FRAUD_C -> VEND_SHELL_C -> SUB_PAYBACK_C -> EMP_FRAUD_C,SUB_PAYBACK_C,EMP_FRAUD_C,0.0,Historical,95.23,461,Circular Fund Flow
400,batch_400_loop_2,1,EMP_FRAUD_B -> VEND_SHELL_B -> SUB_PAYBACK_B -> EMP_FRAUD_B,EMP_FRAUD_B,VEND_SHELL_B,0.0,Historical,95.75,461,Circular Fund Flow
400,batch_400_loop_2,2,EMP_FRAUD_B -> VEND_SHELL_B -> SUB_PAYBACK_B -> EMP_FRAUD_B,VEND_SHELL_B,SUB_PAYBACK_B,0.0,Historical,93.49,461,Circular Fund Flow
400,batch_400_loop_2,3,EMP_FRAUD_B -> VEND_SHELL_B -> SUB_PAYBACK_B -> EMP_FRAUD_B,SUB_PAYBACK_B,EMP_FRAUD_B,0.0,Historical,94.44,461,Circular Fund Flow
400,batch_400_loop_3,1,EMP_FRAUD_A -> VEND_SHELL_A -> SUB_PAYBACK_A -> EMP_FRAUD_A,EMP_FRAUD_A,VEND_SHELL_A,0.0,Historical,94.16,461,Circular Fund Flow
400,batch_400_loop_3,2,EMP_FRAUD_A -> VEND_SHELL_A -> SUB_PAYBACK_A -> EMP_FRAUD_A,VEND_SHELL_A,SUB_PAYBACK_A,0.0,Historical,92.46,461,Circular Fund Flow
400,batch_400_loop_3,3,EMP_FRAUD_A -> VEND_SHELL_A -> SUB_PAYBACK_A -> EMP_FRAUD_A,SUB_PAYBACK_A,EMP_FRAUD_A,0.0,Historical,95.52,461,Circular Fund Flow
401,batch_401_loop_1,1,EMP_FRAUD_C -> VEND_SHELL_C -> SUB_PAYBACK_C -> EMP_FRAUD_C,EMP_FRAUD_C,VEND_SHELL_C,0.0,Historical,85.29,465,Circular Fund Flow
401,batch_401_loop_1,2,EMP_FRAUD_C -> VEND_SHELL_C -> SUB_PAYBACK_C -> EMP_FRAUD_C,VEND_SHELL_C,SUB_PAYBACK_C,0.0,Historical,92.03,465,Circular Fund Flow
401,batch_401_loop_1,3,EMP_FRAUD_C -> VEND_SHELL_C -> SUB_PAYBACK_C -> EMP_FRAUD_C,SUB_PAYBACK_C,EMP_FRAUD_C,0.0,Historical,96.42,465,Circular Fund Flow
401,batch_401_loop_2,1,EMP_FRAUD_B -> VEND_SHELL_B -> SUB_PAYBACK_B -> EMP_FRAUD_B,EMP_FRAUD_B,VEND_SHELL_B,0.0,Historical,97.71,465,Circular Fund Flow
401,batch_401_loop_2,2,EMP_FRAUD_B -> VEND_SHELL_B -> SUB_PAYBACK_B -> EMP_FRAUD_B,VEND_SHELL_B,SUB_PAYBACK_B,0.0,Historical,92.54,465,Circular Fund Flow
401,batch_401_loop_2,3,EMP_FRAUD_B -> VEND_SHELL_B -> SUB_PAYBACK_B -> EMP_FRAUD_B,SUB_PAYBACK_B,EMP_FRAUD_B,0.0,Historical,89.37,465,Circular Fund Flow
401,batch_401_loop_3,1,EMP_FRAUD_A -> VEND_SHELL_A -> SUB_PAYBACK_A -> EMP_FRAUD_A,EMP_FRAUD_A,VEND_SHELL_A,0.0,Historical,92.62,465,Circular Fund Flow
401,batch_401_loop_3,2,EMP_FRAUD_A -> VEND_SHELL_A -> SUB_PAYBACK_A -> EMP_FRAUD_A,VEND_SHELL_A,SUB_PAYBACK_A,0.0,Historical,94.8,465,Circular Fund Flow
401,batch_401_loop_3,3,EMP_FRAUD_A -> VEND_SHELL_A -> SUB_PAYBACK_A -> EMP_FRAUD_A,SUB_PAYBACK_A,EMP_FRAUD_A,0.0,Historical,95.36,465,Circular Fund Flow
402,batch_402_loop_1,1,EMP_FRAUD_C -> VEND_SHELL_C -> SUB_PAYBACK_C -> EMP_FRAUD_C,EMP_FRAUD_C,VEND_SHELL_C,0.0,Historical,87.37,466,Circular Fund Flow
402,batch_402_loop_1,2,EMP_FRAUD_C -> VEND_SHELL_C -> SUB_PAYBACK_C -> EMP_FRAUD_C,VEND_SHELL_C,SUB_PAYBACK_C,0.0,Historical,88.35,466,Circular Fund Flow
402,batch_402_loop_1,3,EMP_FRAUD_C -> VEND_SHELL_C -> SUB_PAYBACK_C -> EMP_FRAUD_C,SUB_PAYBACK_C,EMP_FRAUD_C,0.0,Historical,97.93,466,Circular Fund Flow
402,batch_402_loop_2,1,EMP_FRAUD_B -> VEND_SHELL_B -> SUB_PAYBACK_B -> EMP_FRAUD_B,EMP_FRAUD_B,VEND_SHELL_B,0.0,Historical,85.1,466,Circular Fund Flow
402,batch_402_loop_2,2,EMP_FRAUD_B -> VEND_SHELL_B -> SUB_PAYBACK_B -> EMP_FRAUD_B,VEND_SHELL_B,SUB_PAYBACK_B,0.0,Historical,96.68,466,Circular Fund Flow
402,batch_402_loop_2,3,EMP_FRAUD_B -> VEND_SHELL_B -> SUB_PAYBACK_B -> EMP_FRAUD_B,SUB_PAYBACK_B,EMP_FRAUD_B,0.0,Historical,85.23,466,Circular Fund Flow
402,batch_402_loop_3,1,EMP_FRAUD_A -> VEND_SHELL_A -> SUB_PAYBACK_A -> EMP_FRAUD_A,EMP_FRAUD_A,VEND_SHELL_A,0.0,Historical,97.96,466,Circular Fund Flow
402,batch_402_loop_3,2,EMP_FRAUD_A -> VEND_SHELL_A -> SUB_PAYBACK_A -> EMP_FRAUD_A,VEND_SHELL_A,SUB_PAYBACK_A,0.0,Historical,93.0,466,Circular Fund Flow
402,batch_402_loop_3,3,EMP_FRAUD_A -> VEND_SHELL_A -> SUB_PAYBACK_A -> EMP_FRAUD_A,SUB_PAYBACK_A,EMP_FRAUD_A,0.0,Historical,86.79,466,Circular Fund Flow
403,batch_403_loop_1,1,EMP_FRAUD_C -> VEND_SHELL_C -> SUB_PAYBACK_C -> EMP_FRAUD_C,EMP_FRAUD_C,VEND_SHELL_C,0.0,Historical,85.77,467,Circular Fund Flow
403,batch_403_loop_1,2,EMP_FRAUD_C -> VEND_SHELL_C -> SUB_PAYBACK_C -> EMP_FRAUD_C,VEND_SHELL_C,SUB_PAYBACK_C,0.0,Historical,85.17,467,Circular Fund Flow
403,batch_403_loop_1,3,EMP_FRAUD_C -> VEND_SHELL_C -> SUB_PAYBACK_C -> EMP_FRAUD_C,SUB_PAYBACK_C,EMP_FRAUD_C,0.0,Historical,96.01,467,Circular Fund Flow
403,batch_403_loop_2,1,EMP_FRAUD_B -> VEND_SHELL_B -> SUB_PAYBACK_B -> EMP_FRAUD_B,EMP_FRAUD_B,VEND_SHELL_B,0.0,Historical,85.1,467,Circular Fund Flow
403,batch_403_loop_2,2,EMP_FRAUD_B -> VEND_SHELL_B -> SUB_PAYBACK_B -> EMP_FRAUD_B,VEND_SHELL_B,SUB_PAYBACK_B,0.0,Historical,97.32,467,Circular Fund Flow
403,batch_403_loop_2,3,EMP_FRAUD_B -> VEND_SHELL_B -> SUB_PAYBACK_B -> EMP_FRAUD_B,SUB_PAYBACK_B,EMP_FRAUD_B,0.0,Historical,85.3,467,Circular Fund Flow
403,batch_403_loop_3,1,EMP_FRAUD_A -> VEND_SHELL_A -> SUB_PAYBACK_A -> EMP_FRAUD_A,EMP_FRAUD_A,VEND_SHELL_A,0.0,Historical,98.39,467,Circular Fund Flow
403,batch_403_loop_3,2,EMP_FRAUD_A -> VEND_SHELL_A -> SUB_PAYBACK_A -> EMP_FRAUD_A,VEND_SHELL_A,SUB_PAYBACK_A,0.0,Historical,90.25,467,Circular Fund Flow
403,batch_403_loop_3,3,EMP_FRAUD_A -> VEND_SHELL_A -> SUB_PAYBACK_A -> EMP_FRAUD_A,SUB_PAYBACK_A,EMP_FRAUD_A,0.0,Historical,98.74,467,Circular Fund Flow
404,batch_404_loop_1,1,EMP_FRAUD_C -> VEND_SHELL_C -> SUB_PAYBACK_C -> EMP_FRAUD_C,EMP_FRAUD_C,VEND_SHELL_C,0.0,Historical,88.92,466,Circular Fund Flow
404,batch_404_loop_1,2,EMP_FRAUD_C -> VEND_SHELL_C -> SUB_PAYBACK_C -> EMP_FRAUD_C,VEND_SHELL_C,SUB_PAYBACK_C,0.0,Historical,89.91,466,Circular Fund Flow
404,batch_404_loop_1,3,EMP_FRAUD_C -> VEND_SHELL_C -> SUB_PAYBACK_C -> EMP_FRAUD_C,SUB_PAYBACK_C,EMP_FRAUD_C,0.0,Historical,92.09,466,Circular Fund Flow
404,batch_404_loop_2,1,EMP_FRAUD_B -> VEND_SHELL_B -> SUB_PAYBACK_B -> EMP_FRAUD_B,EMP_FRAUD_B,VEND_SHELL_B,0.0,Historical,85.48,466,Circular Fund Flow
404,batch_404_loop_2,2,EMP_FRAUD_B -> VEND_SHELL_B -> SUB_PAYBACK_B -> EMP_FRAUD_B,VEND_SHELL_B,SUB_PAYBACK_B,0.0,Historical,98.87,466,Circular Fund Flow
404,batch_404_loop_2,3,EMP_FRAUD_B -> VEND_SHELL_B -> SUB_PAYBACK_B -> EMP_FRAUD_B,SUB_PAYBACK_B,EMP_FRAUD_B,0.0,Historical,87.35,466,Circular Fund Flow
404,batch_404_loop_3,1,EMP_FRAUD_A -> VEND_SHELL_A -> SUB_PAYBACK_A -> EMP_FRAUD_A,EMP_FRAUD_A,VEND_SHELL_A,0.0,Historical,85.19,466,Circular Fund Flow
404,batch_404_loop_3,2,EMP_FRAUD_A -> VEND_SHELL_A -> SUB_PAYBACK_A -> EMP_FRAUD_A,VEND_SHELL_A,SUB_PAYBACK_A,0.0,Historical,93.52,466,Circular Fund Flow
404,batch_404_loop_3,3,EMP_FRAUD_A -> VEND_SHELL_A -> SUB_PAYBACK_A -> EMP_FRAUD_A,SUB_PAYBACK_A,EMP_FRAUD_A,0.0,Historical,93.01,466,Circular Fund Flow
405,batch_405_loop_1,1,EMP_FRAUD_C -> VEND_SHELL_C -> SUB_PAYBACK_C -> EMP_FRAUD_C,EMP_FRAUD_C,VEND_SHELL_C,0.0,Historical,91.2,468,Circular Fund Flow
405,batch_405_loop_1,2,EMP_FRAUD_C -> VEND_SHELL_C -> SUB_PAYBACK_C -> EMP_FRAUD_C,VEND_SHELL_C,SUB_PAYBACK_C,0.0,Historical,86.14,468,Circular Fund Flow
405,batch_405_loop_1,3,EMP_FRAUD_C -> VEND_SHELL_C -> SUB_PAYBACK_C -> EMP_FRAUD_C,SUB_PAYBACK_C,EMP_FRAUD_C,0.0,Historical,94.25,468,Circular Fund Flow
405,batch_405_loop_2,1,EMP_FRAUD_B -> VEND_SHELL_B -> SUB_PAYBACK_B -> EMP_FRAUD_B,EMP_FRAUD_B,VEND_SHELL_B,0.0,Historical,93.18,468,Circular Fund Flow
405,batch_405_loop_2,2,EMP_FRAUD_B -> VEND_SHELL_B -> SUB_PAYBACK_B -> EMP_FRAUD_B,VEND_SHELL_B,SUB_PAYBACK_B,0.0,Historical,96.93,468,Circular Fund Flow
405,batch_405_loop_2,3,EMP_FRAUD_B -> VEND_SHELL_B -> SUB_PAYBACK_B -> EMP_FRAUD_B,SUB_PAYBACK_B,EMP_FRAUD_B,0.0,Historical,85.74,468,Circular Fund Flow
405,batch_405_loop_3,1,EMP_FRAUD_A -> VEND_SHELL_A -> SUB_PAYBACK_A -> EMP_FRAUD_A,EMP_FRAUD_A,VEND_SHELL_A,0.0,Historical,85.87,468,Circular Fund Flow
405,batch_405_loop_3,2,EMP_FRAUD_A -> VEND_SHELL_A -> SUB_PAYBACK_A -> EMP_FRAUD_A,VEND_SHELL_A,SUB_PAYBACK_A,0.0,Historical,92.72,468,Circular Fund Flow
405,batch_405_loop_3,3,EMP_FRAUD_A -> VEND_SHELL_A -> SUB_PAYBACK_A -> EMP_FRAUD_A,SUB_PAYBACK_A,EMP_FRAUD_A,0.0,Historical,85.32,468,Circular Fund Flow
406,batch_406_loop_1,1,EMP_FRAUD_C -> VEND_SHELL_C -> SUB_PAYBACK_C -> EMP_FRAUD_C,EMP_FRAUD_C,VEND_SHELL_C,0.0,Historical,86.43,464,Circular Fund Flow
406,batch_406_loop_1,2,EMP_FRAUD_C -> VEND_SHELL_C -> SUB_PAYBACK_C -> EMP_FRAUD_C,VEND_SHELL_C,SUB_PAYBACK_C,0.0,Historical,93.89,464,Circular Fund Flow
406,batch_406_loop_1,3,EMP_FRAUD_C -> VEND_SHELL_C -> SUB_PAYBACK_C -> EMP_FRAUD_C,SUB_PAYBACK_C,EMP_FRAUD_C,0.0,Historical,91.83,464,Circular Fund Flow
406,batch_406_loop_2,1,EMP_FRAUD_B -> VEND_SHELL_B -> SUB_PAYBACK_B -> EMP_FRAUD_B,EMP_FRAUD_B,VEND_SHELL_B,0.0,Historical,87.26,464,Circular Fund Flow
406,batch_406_loop_2,2,EMP_FRAUD_B -> VEND_SHELL_B -> SUB_PAYBACK_B -> EMP_FRAUD_B,VEND_SHELL_B,SUB_PAYBACK_B,0.0,Historical,98.98,464,Circular Fund Flow
406,batch_406_loop_2,3,EMP_FRAUD_B -> VEND_SHELL_B -> SUB_PAYBACK_B -> EMP_FRAUD_B,SUB_PAYBACK_B,EMP_FRAUD_B,0.0,Historical,96.11,464,Circular Fund Flow
406,batch_406_loop_3,1,EMP_FRAUD_A -> VEND_SHELL_A -> SUB_PAYBACK_A -> EMP_FRAUD_A,EMP_FRAUD_A,VEND_SHELL_A,0.0,Historical,89.15,464,Circular Fund Flow
406,batch_406_loop_3,2,EMP_FRAUD_A -> VEND_SHELL_A -> SUB_PAYBACK_A -> EMP_FRAUD_A,VEND_SHELL_A,SUB_PAYBACK_A,0.0,Historical,98.83,464,Circular Fund Flow
406,batch_406_loop_3,3,EMP_FRAUD_A -> VEND_SHELL_A -> SUB_PAYBACK_A -> EMP_FRAUD_A,SUB_PAYBACK_A,EMP_FRAUD_A,0.0,Historical,98.72,464,Circular Fund Flow
407,batch_407_loop_1,1,EMP_FRAUD_C -> VEND_SHELL_C -> SUB_PAYBACK_C -> EMP_FRAUD_C,EMP_FRAUD_C,VEND_SHELL_C,0.0,Historical,87.88,464,Circular Fund Flow
407,batch_407_loop_1,2,EMP_FRAUD_C -> VEND_SHELL_C -> SUB_PAYBACK_C -> EMP_FRAUD_C,VEND_SHELL_C,SUB_PAYBACK_C,0.0,Historical,92.83,464,Circular Fund Flow
407,batch_407_loop_1,3,EMP_FRAUD_C -> VEND_SHELL_C -> SUB_PAYBACK_C -> EMP_FRAUD_C,SUB_PAYBACK_C,EMP_FRAUD_C,0.0,Historical,92.47,464,Circular Fund Flow
407,batch_407_loop_2,1,EMP_FRAUD_B -> VEND_SHELL_B -> SUB_PAYBACK_B -> EMP_FRAUD_B,EMP_FRAUD_B,VEND_SHELL_B,0.0,Historical,96.02,464,Circular Fund Flow
407,batch_407_loop_2,2,EMP_FRAUD_B -> VEND_SHELL_B -> SUB_PAYBACK_B -> EMP_FRAUD_B,VEND_SHELL_B,SUB_PAYBACK_B,0.0,Historical,98.73,464,Circular Fund Flow
407,batch_407_loop_2,3,EMP_FRAUD_B -> VEND_SHELL_B -> SUB_PAYBACK_B -> EMP_FRAUD_B,SUB_PAYBACK_B,EMP_FRAUD_B,0.0,Historical,95.78,464,Circular Fund Flow
407,batch_407_loop_3,1,EMP_FRAUD_A -> VEND_SHELL_A -> SUB_PAYBACK_A -> EMP_FRAUD_A,EMP_FRAUD_A,VEND_SHELL_A,0.0,Historical,89.03,464,Circular Fund Flow
407,batch_407_loop_3,2,EMP_FRAUD_A -> VEND_SHELL_A -> SUB_PAYBACK_A -> EMP_FRAUD_A,VEND_SHELL_A,SUB_PAYBACK_A,0.0,Historical,91.25,464,Circular Fund Flow
407,batch_407_loop_3,3,EMP_FRAUD_A -> VEND_SHELL_A -> SUB_PAYBACK_A -> EMP_FRAUD_A,SUB_PAYBACK_A,EMP_FRAUD_A,0.0,Historical,87.91,464,Circular Fund Flow
408,batch_408_loop_1,1,EMP_FRAUD_C -> VEND_SHELL_C -> SUB_PAYBACK_C -> EMP_FRAUD_C,EMP_FRAUD_C,VEND_SHELL_C,0.0,Historical,98.95,464,Circular Fund Flow
408,batch_408_loop_1,2,EMP_FRAUD_C -> VEND_SHELL_C -> SUB_PAYBACK_C -> EMP_FRAUD_C,VEND_SHELL_C,SUB_PAYBACK_C,0.0,Historical,94.05,464,Circular Fund Flow
408,batch_408_loop_1,3,EMP_FRAUD_C -> VEND_SHELL_C -> SUB_PAYBACK_C -> EMP_FRAUD_C,SUB_PAYBACK_C,EMP_FRAUD_C,0.0,Historical,90.29,464,Circular Fund Flow
408,batch_408_loop_2,1,EMP_FRAUD_B -> VEND_SHELL_B -> SUB_PAYBACK_B -> EMP_FRAUD_B,EMP_FRAUD_B,VEND_SHELL_B,0.0,Historical,94.77,464,Circular Fund Flow
408,batch_408_loop_2,2,EMP_FRAUD_B -> VEND_SHELL_B -> SUB_PAYBACK_B -> EMP_FRAUD_B,VEND_SHELL_B,SUB_PAYBACK_B,0.0,Historical,95.27,464,Circular Fund Flow
408,batch_408_loop_2,3,EMP_FRAUD_B -> VEND_SHELL_B -> SUB_PAYBACK_B -> EMP_FRAUD_B,SUB_PAYBACK_B,EMP_FRAUD_B,0.0,Historical,94.82,464,Circular Fund Flow
408,batch_408_loop_3,1,EMP_FRAUD_A -> VEND_SHELL_A -> SUB_PAYBACK_A -> EMP_FRAUD_A,EMP_FRAUD_A,VEND_SHELL_A,0.0,Historical,93.06,464,Circular Fund Flow
408,batch_408_loop_3,2,EMP_FRAUD_A -> VEND_SHELL_A -> SUB_PAYBACK_A -> EMP_FRAUD_A,VEND_SHELL_A,SUB_PAYBACK_A,0.0,Historical,90.49,464,Circular Fund Flow
408,batch_408_loop_3,3,EMP_FRAUD_A -> VEND_SHELL_A -> SUB_PAYBACK_A -> EMP_FRAUD_A,SUB_PAYBACK_A,EMP_FRAUD_A,0.0,Historical,89.51,464,Circular Fund Flow
409,batch_409_loop_1,1,EMP_FRAUD_C -> VEND_SHELL_C -> SUB_PAYBACK_C -> EMP_FRAUD_C,EMP_FRAUD_C,VEND_SHELL_C,0.0,Historical,85.94,465,Circular Fund Flow
409,batch_409_loop_1,2,EMP_FRAUD_C -> VEND_SHELL_C -> SUB_PAYBACK_C -> EMP_FRAUD_C,VEND_SHELL_C,SUB_PAYBACK_C,0.0,Historical,89.38,465,Circular Fund Flow
409,batch_409_loop_1,3,EMP_FRAUD_C -> VEND_SHELL_C -> SUB_PAYBACK_C -> EMP_FRAUD_C,SUB_PAYBACK_C,EMP_FRAUD_C,0.0,Historical,94.67,465,Circular Fund Flow
409,batch_409_loop_2,1,EMP_FRAUD_B -> VEND_SHELL_B -> SUB_PAYBACK_B -> EMP_FRAUD_B,EMP_FRAUD_B,VEND_SHELL_B,0.0,Historical,92.6,465,Circular Fund Flow
409,batch_409_loop_2,2,EMP_FRAUD_B -> VEND_SHELL_B -> SUB_PAYBACK_B -> EMP_FRAUD_B,VEND_SHELL_B,SUB_PAYBACK_B,0.0,Historical,90.44,465,Circular Fund Flow
409,batch_409_loop_2,3,EMP_FRAUD_B -> VEND_SHELL_B -> SUB_PAYBACK_B -> EMP_FRAUD_B,SUB_PAYBACK_B,EMP_FRAUD_B,0.0,Historical,90.74,465,Circular Fund Flow
409,batch_409_loop_3,1,EMP_FRAUD_A -> VEND_SHELL_A -> SUB_PAYBACK_A -> EMP_FRAUD_A,EMP_FRAUD_A,VEND_SHELL_A,0.0,Historical,98.39,465,Circular Fund Flow
409,batch_409_loop_3,2,EMP_FRAUD_A -> VEND_SHELL_A -> SUB_PAYBACK_A -> EMP_FRAUD_A,VEND_SHELL_A,SUB_PAYBACK_A,0.0,Historical,89.89,465,Circular Fund Flow
409,batch_409_loop_3,3,EMP_FRAUD_A -> VEND_SHELL_A -> SUB_PAYBACK_A -> EMP_FRAUD_A,SUB_PAYBACK_A,EMP_FRAUD_A,0.0,Historical,90.48,465,Circular Fund Flow
410,batch_410_loop_1,1,EMP_FRAUD_C -> VEND_SHELL_C -> SUB_PAYBACK_C -> EMP_FRAUD_C,EMP_FRAUD_C,VEND_SHELL_C,0.0,Historical,85.41,463,Circular Fund Flow
410,batch_410_loop_1,2,EMP_FRAUD_C -> VEND_SHELL_C -> SUB_PAYBACK_C -> EMP_FRAUD_C,VEND_SHELL_C,SUB_PAYBACK_C,0.0,Historical,86.1,463,Circular Fund Flow
410,batch_410_loop_1,3,EMP_FRAUD_C -> VEND_SHELL_C -> SUB_PAYBACK_C -> EMP_FRAUD_C,SUB_PAYBACK_C,EMP_FRAUD_C,0.0,Historical,85.3,463,Circular Fund Flow
410,batch_410_loop_2,1,EMP_FRAUD_B -> VEND_SHELL_B -> SUB_PAYBACK_B -> EMP_FRAUD_B,EMP_FRAUD_B,VEND_SHELL_B,0.0,Historical,96.99,463,Circular Fund Flow
410,batch_410_loop_2,2,EMP_FRAUD_B -> VEND_SHELL_B -> SUB_PAYBACK_B -> EMP_FRAUD_B,VEND_SHELL_B,SUB_PAYBACK_B,0.0,Historical,97.52,463,Circular Fund Flow
410,batch_410_loop_2,3,EMP_FRAUD_B -> VEND_SHELL_B -> SUB_PAYBACK_B -> EMP_FRAUD_B,SUB_PAYBACK_B,EMP_FRAUD_B,0.0,Historical,90.02,463,Circular Fund Flow
410,batch_410_loop_3,1,EMP_FRAUD_A -> VEND_SHELL_A -> SUB_PAYBACK_A -> EMP_FRAUD_A,EMP_FRAUD_A,VEND_SHELL_A,0.0,Historical,85.37,463,Circular Fund Flow
410,batch_410_loop_3,2,EMP_FRAUD_A -> VEND_SHELL_A -> SUB_PAYBACK_A -> EMP_FRAUD_A,VEND_SHELL_A,SUB_PAYBACK_A,0.0,Historical,90.35,463,Circular Fund Flow
410,batch_410_loop_3,3,EMP_FRAUD_A -> VEND_SHELL_A -> SUB_PAYBACK_A -> EMP_FRAUD_A,SUB_PAYBACK_A,EMP_FRAUD_A,0.0,Historical,98.25,463,Circular Fund Flow
411,batch_411_loop_1,1,EMP_FRAUD_C -> VEND_SHELL_C -> SUB_PAYBACK_C -> EMP_FRAUD_C,EMP_FRAUD_C,VEND_SHELL_C,0.0,Historical,85.88,458,Circular Fund Flow
411,batch_411_loop_1,2,EMP_FRAUD_C -> VEND_SHELL_C -> SUB_PAYBACK_C -> EMP_FRAUD_C,VEND_SHELL_C,SUB_PAYBACK_C,0.0,Historical,90.43,458,Circular Fund Flow
411,batch_411_loop_1,3,EMP_FRAUD_C -> VEND_SHELL_C -> SUB_PAYBACK_C -> EMP_FRAUD_C,SUB_PAYBACK_C,EMP_FRAUD_C,0.0,Historical,86.38,458,Circular Fund Flow
411,batch_411_loop_2,1,EMP_FRAUD_B -> VEND_SHELL_B -> SUB_PAYBACK_B -> EMP_FRAUD_B,EMP_FRAUD_B,VEND_SHELL_B,0.0,Historical,90.39,458,Circular Fund Flow
411,batch_411_loop_2,2,EMP_FRAUD_B -> VEND_SHELL_B -> SUB_PAYBACK_B -> EMP_FRAUD_B,VEND_SHELL_B,SUB_PAYBACK_B,0.0,Historical,90.44,458,Circular Fund Flow
411,batch_411_loop_2,3,EMP_FRAUD_B -> VEND_SHELL_B -> SUB_PAYBACK_B -> EMP_FRAUD_B,SUB_PAYBACK_B,EMP_FRAUD_B,0.0,Historical,86.48,458,Circular Fund Flow
411,batch_411_loop_3,1,EMP_FRAUD_A -> VEND_SHELL_A -> SUB_PAYBACK_A -> EMP_FRAUD_A,EMP_FRAUD_A,VEND_SHELL_A,0.0,Historical,92.26,458,Circular Fund Flow
411,batch_411_loop_3,2,EMP_FRAUD_A -> VEND_SHELL_A -> SUB_PAYBACK_A -> EMP_FRAUD_A,VEND_SHELL_A,SUB_PAYBACK_A,0.0,Historical,96.02,458,Circular Fund Flow
411,batch_411_loop_3,3,EMP_FRAUD_A -> VEND_SHELL_A -> SUB_PAYBACK_A -> EMP_FRAUD_A,SUB_PAYBACK_A,EMP_FRAUD_A,0.0,Historical,88.96,458,Circular Fund Flow
412,batch_412_loop_1,1,EMP_FRAUD_C -> VEND_SHELL_C -> SUB_PAYBACK_C -> EMP_FRAUD_C,EMP_FRAUD_C,VEND_SHELL_C,0.0,Historical,92.95,456,Circular Fund Flow
412,batch_412_loop_1,2,EMP_FRAUD_C -> VEND_SHELL_C -> SUB_PAYBACK_C -> EMP_FRAUD_C,VEND_SHELL_C,SUB_PAYBACK_C,0.0,Historical,95.45,456,Circular Fund Flow
412,batch_412_loop_1,3,EMP_FRAUD_C -> VEND_SHELL_C -> SUB_PAYBACK_C -> EMP_FRAUD_C,SUB_PAYBACK_C,EMP_FRAUD_C,0.0,Historical,98.41,456,Circular Fund Flow
412,batch_412_loop_2,1,EMP_FRAUD_B -> VEND_SHELL_B -> SUB_PAYBACK_B -> EMP_FRAUD_B,EMP_FRAUD_B,VEND_SHELL_B,0.0,Historical,92.81,456,Circular Fund Flow
412,batch_412_loop_2,2,EMP_FRAUD_B -> VEND_SHELL_B -> SUB_PAYBACK_B -> EMP_FRAUD_B,VEND_SHELL_B,SUB_PAYBACK_B,0.0,Historical,88.31,456,Circular Fund Flow
412,batch_412_loop_2,3,EMP_FRAUD_B -> VEND_SHELL_B -> SUB_PAYBACK_B -> EMP_FRAUD_B,SUB_PAYBACK_B,EMP_FRAUD_B,0.0,Historical,86.18,456,Circular Fund Flow
412,batch_412_loop_3,1,EMP_FRAUD_A -> VEND_SHELL_A -> SUB_PAYBACK_A -> EMP_FRAUD_A,EMP_FRAUD_A,VEND_SHELL_A,0.0,Historical,96.8,456,Circular Fund Flow
412,batch_412_loop_3,2,EMP_FRAUD_A -> VEND_SHELL_A -> SUB_PAYBACK_A -> EMP_FRAUD_A,VEND_SHELL_A,SUB_PAYBACK_A,0.0,Historical,95.29,456,Circular Fund Flow
412,batch_412_loop_3,3,EMP_FRAUD_A -> VEND_SHELL_A -> SUB_PAYBACK_A -> EMP_FRAUD_A,SUB_PAYBACK_A,EMP_FRAUD_A,0.0,Historical,94.2,456,Circular Fund Flow
413,batch_413_loop_1,1,EMP_FRAUD_C -> VEND_SHELL_C -> SUB_PAYBACK_C -> EMP_FRAUD_C,EMP_FRAUD_C,VEND_SHELL_C,0.0,Historical,86.84,455,Circular Fund Flow
413,batch_413_loop_1,2,EMP_FRAUD_C -> VEND_SHELL_C -> SUB_PAYBACK_C -> EMP_FRAUD_C,VEND_SHELL_C,SUB_PAYBACK_C,0.0,Historical,91.7,455,Circular Fund Flow
413,batch_413_loop_1,3,EMP_FRAUD_C -> VEND_SHELL_C -> SUB_PAYBACK_C -> EMP_FRAUD_C,SUB_PAYBACK_C,EMP_FRAUD_C,0.0,Historical,95.56,455,Circular Fund Flow
413,batch_413_loop_2,1,EMP_FRAUD_B -> VEND_SHELL_B -> SUB_PAYBACK_B -> EMP_FRAUD_B,EMP_FRAUD_B,VEND_SHELL_B,0.0,Historical,92.8,455,Circular Fund Flow
413,batch_413_loop_2,2,EMP_FRAUD_B -> VEND_SHELL_B -> SUB_PAYBACK_B -> EMP_FRAUD_B,VEND_SHELL_B,SUB_PAYBACK_B,0.0,Historical,93.65,455,Circular Fund Flow
413,batch_413_loop_2,3,EMP_FRAUD_B -> VEND_SHELL_B -> SUB_PAYBACK_B -> EMP_FRAUD_B,SUB_PAYBACK_B,EMP_FRAUD_B,0.0,Historical,96.82,455,Circular Fund Flow
413,batch_413_loop_3,1,EMP_FRAUD_A -> VEND_SHELL_A -> SUB_PAYBACK_A -> EMP_FRAUD_A,EMP_FRAUD_A,VEND_SHELL_A,0.0,Historical,92.73,455,Circular Fund Flow
413,batch_413_loop_3,2,EMP_FRAUD_A -> VEND_SHELL_A -> SUB_PAYBACK_A -> EMP_FRAUD_A,VEND_SHELL_A,SUB_PAYBACK_A,0.0,Historical,96.27,455,Circular Fund Flow
413,batch_413_loop_3,3,EMP_FRAUD_A -> VEND_SHELL_A -> SUB_PAYBACK_A -> EMP_FRAUD_A,SUB_PAYBACK_A,EMP_FRAUD_A,0.0,Historical,91.33,455,Circular Fund Flow
414,batch_414_loop_1,1,EMP_FRAUD_C -> VEND_SHELL_C -> SUB_PAYBACK_C -> EMP_FRAUD_C,EMP_FRAUD_C,VEND_SHELL_C,0.0,Historical,85.06,457,Circular Fund Flow
414,batch_414_loop_1,2,EMP_FRAUD_C -> VEND_SHELL_C -> SUB_PAYBACK_C -> EMP_FRAUD_C,VEND_SHELL_C,SUB_PAYBACK_C,0.0,Historical,88.17,457,Circular Fund Flow
414,batch_414_loop_1,3,EMP_FRAUD_C -> VEND_SHELL_C -> SUB_PAYBACK_C -> EMP_FRAUD_C,SUB_PAYBACK_C,EMP_FRAUD_C,0.0,Historical,90.04,457,Circular Fund Flow
414,batch_414_loop_2,1,EMP_FRAUD_B -> VEND_SHELL_B -> SUB_PAYBACK_B -> EMP_FRAUD_B,EMP_FRAUD_B,VEND_SHELL_B,0.0,Historical,88.77,457,Circular Fund Flow
414,batch_414_loop_2,2,EMP_FRAUD_B -> VEND_SHELL_B -> SUB_PAYBACK_B -> EMP_FRAUD_B,VEND_SHELL_B,SUB_PAYBACK_B,0.0,Historical,97.74,457,Circular Fund Flow
414,batch_414_loop_2,3,EMP_FRAUD_B -> VEND_SHELL_B -> SUB_PAYBACK_B -> EMP_FRAUD_B,SUB_PAYBACK_B,EMP_FRAUD_B,0.0,Historical,96.54,457,Circular Fund Flow
414,batch_414_loop_3,1,EMP_FRAUD_A -> VEND_SHELL_A -> SUB_PAYBACK_A -> EMP_FRAUD_A,EMP_FRAUD_A,VEND_SHELL_A,0.0,Historical,88.13,457,Circular Fund Flow
414,batch_414_loop_3,2,EMP_FRAUD_A -> VEND_SHELL_A -> SUB_PAYBACK_A -> EMP_FRAUD_A,VEND_SHELL_A,SUB_PAYBACK_A,0.0,Historical,96.4,457,Circular Fund Flow
414,batch_414_loop_3,3,EMP_FRAUD_A -> VEND_SHELL_A -> SUB_PAYBACK_A -> EMP_FRAUD_A,SUB_PAYBACK_A,EMP_FRAUD_A,0.0,Historical,96.04,457,Circular Fund Flow
415,batch_415_loop_1,1,EMP_FRAUD_C -> VEND_SHELL_C -> SUB_PAYBACK_C -> EMP_FRAUD_C,EMP_FRAUD_C,VEND_SHELL_C,0.0,Historical,93.21,456,Circular Fund Flow
415,batch_415_loop_1,2,EMP_FRAUD_C -> VEND_SHELL_C -> SUB_PAYBACK_C -> EMP_FRAUD_C,VEND_SHELL_C,SUB_PAYBACK_C,0.0,Historical,89.22,456,Circular Fund Flow
415,batch_415_loop_1,3,EMP_FRAUD_C -> VEND_SHELL_C -> SUB_PAYBACK_C -> EMP_FRAUD_C,SUB_PAYBACK_C,EMP_FRAUD_C,0.0,Historical,91.1,456,Circular Fund Flow
415,batch_415_loop_2,1,EMP_FRAUD_B -> VEND_SHELL_B -> SUB_PAYBACK_B -> EMP_FRAUD_B,EMP_FRAUD_B,VEND_SHELL_B,0.0,Historical,90.24,456,Circular Fund Flow
415,batch_415_loop_2,2,EMP_FRAUD_B -> VEND_SHELL_B -> SUB_PAYBACK_B -> EMP_FRAUD_B,VEND_SHELL_B,SUB_PAYBACK_B,0.0,Historical,95.79,456,Circular Fund Flow
415,batch_415_loop_2,3,EMP_FRAUD_B -> VEND_SHELL_B -> SUB_PAYBACK_B -> EMP_FRAUD_B,SUB_PAYBACK_B,EMP_FRAUD_B,0.0,Historical,97.38,456,Circular Fund Flow
415,batch_415_loop_3,1,EMP_FRAUD_A -> VEND_SHELL_A -> SUB_PAYBACK_A -> EMP_FRAUD_A,EMP_FRAUD_A,VEND_SHELL_A,0.0,Historical,93.68,456,Circular Fund Flow
415,batch_415_loop_3,2,EMP_FRAUD_A -> VEND_SHELL_A -> SUB_PAYBACK_A -> EMP_FRAUD_A,VEND_SHELL_A,SUB_PAYBACK_A,0.0,Historical,95.67,456,Circular Fund Flow
415,batch_415_loop_3,3,EMP_FRAUD_A -> VEND_SHELL_A -> SUB_PAYBACK_A -> EMP_FRAUD_A,SUB_PAYBACK_A,EMP_FRAUD_A,0.0,Historical,97.3,456,Circular Fund Flow
416,batch_416_loop_1,1,EMP_FRAUD_C -> VEND_SHELL_C -> SUB_PAYBACK_C -> EMP_FRAUD_C,EMP_FRAUD_C,VEND_SHELL_C,0.0,Historical,89.4,455,Circular Fund Flow
416,batch_416_loop_1,2,EMP_FRAUD_C -> VEND_SHELL_C -> SUB_PAYBACK_C -> EMP_FRAUD_C,VEND_SHELL_C,SUB_PAYBACK_C,0.0,Historical,87.72,455,Circular Fund Flow
416,batch_416_loop_1,3,EMP_FRAUD_C -> VEND_SHELL_C -> SUB_PAYBACK_C -> EMP_FRAUD_C,SUB_PAYBACK_C,EMP_FRAUD_C,0.0,Historical,88.92,455,Circular Fund Flow
416,batch_416_loop_2,1,EMP_FRAUD_B -> VEND_SHELL_B -> SUB_PAYBACK_B -> EMP_FRAUD_B,EMP_FRAUD_B,VEND_SHELL_B,0.0,Historical,85.97,455,Circular Fund Flow
416,batch_416_loop_2,2,EMP_FRAUD_B -> VEND_SHELL_B -> SUB_PAYBACK_B -> EMP_FRAUD_B,VEND_SHELL_B,SUB_PAYBACK_B,0.0,Historical,87.47,455,Circular Fund Flow
416,batch_416_loop_2,3,EMP_FRAUD_B -> VEND_SHELL_B -> SUB_PAYBACK_B -> EMP_FRAUD_B,SUB_PAYBACK_B,EMP_FRAUD_B,0.0,Historical,94.36,455,Circular Fund Flow
416,batch_416_loop_3,1,EMP_FRAUD_A -> VEND_SHELL_A -> SUB_PAYBACK_A -> EMP_FRAUD_A,EMP_FRAUD_A,VEND_SHELL_A,0.0,Historical,94.99,455,Circular Fund Flow
416,batch_416_loop_3,2,EMP_FRAUD_A -> VEND_SHELL_A -> SUB_PAYBACK_A -> EMP_FRAUD_A,VEND_SHELL_A,SUB_PAYBACK_A,0.0,Historical,96.37,455,Circular Fund Flow
416,batch_416_loop_3,3,EMP_FRAUD_A -> VEND_SHELL_A -> SUB_PAYBACK_A -> EMP_FRAUD_A,SUB_PAYBACK_A,EMP_FRAUD_A,0.0,Historical,97.05,455,Circular Fund Flow
417,batch_417_loop_1,1,EMP_FRAUD_C -> VEND_SHELL_C -> SUB_PAYBACK_C -> EMP_FRAUD_C,EMP_FRAUD_C,VEND_SHELL_C,0.0,Historical,91.86,455,Circular Fund Flow
417,batch_417_loop_1,2,EMP_FRAUD_C -> VEND_SHELL_C -> SUB_PAYBACK_C -> EMP_FRAUD_C,VEND_SHELL_C,SUB_PAYBACK_C,0.0,Historical,93.74,455,Circular Fund Flow
417,batch_417_loop_1,3,EMP_FRAUD_C -> VEND_SHELL_C -> SUB_PAYBACK_C -> EMP_FRAUD_C,SUB_PAYBACK_C,EMP_FRAUD_C,0.0,Historical,98.7,455,Circular Fund Flow
417,batch_417_loop_2,1,EMP_FRAUD_B -> VEND_SHELL_B -> SUB_PAYBACK_B -> EMP_FRAUD_B,EMP_FRAUD_B,VEND_SHELL_B,0.0,Historical,97.85,455,Circular Fund Flow
417,batch_417_loop_2,2,EMP_FRAUD_B -> VEND_SHELL_B -> SUB_PAYBACK_B -> EMP_FRAUD_B,VEND_SHELL_B,SUB_PAYBACK_B,0.0,Historical,91.17,455,Circular Fund Flow
417,batch_417_loop_2,3,EMP_FRAUD_B -> VEND_SHELL_B -> SUB_PAYBACK_B -> EMP_FRAUD_B,SUB_PAYBACK_B,EMP_FRAUD_B,0.0,Historical,91.4,455,Circular Fund Flow
417,batch_417_loop_3,1,EMP_FRAUD_A -> VEND_SHELL_A -> SUB_PAYBACK_A -> EMP_FRAUD_A,EMP_FRAUD_A,VEND_SHELL_A,0.0,Historical,96.3,455,Circular Fund Flow
417,batch_417_loop_3,2,EMP_FRAUD_A -> VEND_SHELL_A -> SUB_PAYBACK_A -> EMP_FRAUD_A,VEND_SHELL_A,SUB_PAYBACK_A,0.0,Historical,86.06,455,Circular Fund Flow
417,batch_417_loop_3,3,EMP_FRAUD_A -> VEND_SHELL_A -> SUB_PAYBACK_A -> EMP_FRAUD_A,SUB_PAYBACK_A,EMP_FRAUD_A,0.0,Historical,94.37,455,Circular Fund Flow
418,batch_418_loop_1,1,EMP_FRAUD_C -> VEND_SHELL_C -> SUB_PAYBACK_C -> EMP_FRAUD_C,EMP_FRAUD_C,VEND_SHELL_C,0.0,Historical,94.75,456,Circular Fund Flow
418,batch_418_loop_1,2,EMP_FRAUD_C -> VEND_SHELL_C -> SUB_PAYBACK_C -> EMP_FRAUD_C,VEND_SHELL_C,SUB_PAYBACK_C,0.0,Historical,85.6,456,Circular Fund Flow
418,batch_418_loop_1,3,EMP_FRAUD_C -> VEND_SHELL_C -> SUB_PAYBACK_C -> EMP_FRAUD_C,SUB_PAYBACK_C,EMP_FRAUD_C,0.0,Historical,95.03,456,Circular Fund Flow
418,batch_418_loop_2,1,EMP_FRAUD_B -> VEND_SHELL_B -> SUB_PAYBACK_B -> EMP_FRAUD_B,EMP_FRAUD_B,VEND_SHELL_B,0.0,Historical,97.16,456,Circular Fund Flow
418,batch_418_loop_2,2,EMP_FRAUD_B -> VEND_SHELL_B -> SUB_PAYBACK_B -> EMP_FRAUD_B,VEND_SHELL_B,SUB_PAYBACK_B,0.0,Historical,94.54,456,Circular Fund Flow
418,batch_418_loop_2,3,EMP_FRAUD_B -> VEND_SHELL_B -> SUB_PAYBACK_B -> EMP_FRAUD_B,SUB_PAYBACK_B,EMP_FRAUD_B,0.0,Historical,94.4,456,Circular Fund Flow
418,batch_418_loop_3,1,EMP_FRAUD_A -> VEND_SHELL_A -> SUB_PAYBACK_A -> EMP_FRAUD_A,EMP_FRAUD_A,VEND_SHELL_A,0.0,Historical,94.82,456,Circular Fund Flow
418,batch_418_loop_3,2,EMP_FRAUD_A -> VEND_SHELL_A -> SUB_PAYBACK_A -> EMP_FRAUD_A,VEND_SHELL_A,SUB_PAYBACK_A,0.0,Historical,88.59,456,Circular Fund Flow
418,batch_418_loop_3,3,EMP_FRAUD_A -> VEND_SHELL_A -> SUB_PAYBACK_A -> EMP_FRAUD_A,SUB_PAYBACK_A,EMP_FRAUD_A,0.0,Historical,93.35,456,Circular Fund Flow
419,batch_419_loop_1,1,EMP_FRAUD_C -> VEND_SHELL_C -> SUB_PAYBACK_C -> EMP_FRAUD_C,EMP_FRAUD_C,VEND_SHELL_C,0.0,Historical,96.75,455,Circular Fund Flow
419,batch_419_loop_1,2,EMP_FRAUD_C -> VEND_SHELL_C -> SUB_PAYBACK_C -> EMP_FRAUD_C,VEND_SHELL_C,SUB_PAYBACK_C,0.0,Historical,89.62,455,Circular Fund Flow
419,batch_419_loop_1,3,EMP_FRAUD_C -> VEND_SHELL_C -> SUB_PAYBACK_C -> EMP_FRAUD_C,SUB_PAYBACK_C,EMP_FRAUD_C,0.0,Historical,90.53,455,Circular Fund Flow
419,batch_419_loop_2,1,EMP_FRAUD_B -> VEND_SHELL_B -> SUB_PAYBACK_B -> EMP_FRAUD_B,EMP_FRAUD_B,VEND_SHELL_B,0.0,Historical,85.17,455,Circular Fund Flow
419,batch_419_loop_2,2,EMP_FRAUD_B -> VEND_SHELL_B -> SUB_PAYBACK_B -> EMP_FRAUD_B,VEND_SHELL_B,SUB_PAYBACK_B,0.0,Historical,97.95,455,Circular Fund Flow
419,batch_419_loop_2,3,EMP_FRAUD_B -> VEND_SHELL_B -> SUB_PAYBACK_B -> EMP_FRAUD_B,SUB_PAYBACK_B,EMP_FRAUD_B,0.0,Historical,85.18,455,Circular Fund Flow
419,batch_419_loop_3,1,EMP_FRAUD_A -> VEND_SHELL_A -> SUB_PAYBACK_A -> EMP_FRAUD_A,EMP_FRAUD_A,VEND_SHELL_A,0.0,Historical,95.78,455,Circular Fund Flow
419,batch_419_loop_3,2,EMP_FRAUD_A -> VEND_SHELL_A -> SUB_PAYBACK_A -> EMP_FRAUD_A,VEND_SHELL_A,SUB_PAYBACK_A,0.0,Historical,87.65,455,Circular Fund Flow
419,batch_419_loop_3,3,EMP_FRAUD_A -> VEND_SHELL_A -> SUB_PAYBACK_A -> EMP_FRAUD_A,SUB_PAYBACK_A,EMP_FRAUD_A,0.0,Historical,95.95,455,Circular Fund Flow
420,batch_420_loop_1,1,EMP_FRAUD_C -> VEND_SHELL_C -> SUB_PAYBACK_C -> EMP_FRAUD_C,EMP_FRAUD_C,VEND_SHELL_C,0.0,Historical,96.11,458,Circular Fund Flow
420,batch_420_loop_1,2,EMP_FRAUD_C -> VEND_SHELL_C -> SUB_PAYBACK_C -> EMP_FRAUD_C,VEND_SHELL_C,SUB_PAYBACK_C,0.0,Historical,97.56,458,Circular Fund Flow
420,batch_420_loop_1,3,EMP_FRAUD_C -> VEND_SHELL_C -> SUB_PAYBACK_C -> EMP_FRAUD_C,SUB_PAYBACK_C,EMP_FRAUD_C,0.0,Historical,98.5,458,Circular Fund Flow
420,batch_420_loop_2,1,EMP_FRAUD_B -> VEND_SHELL_B -> SUB_PAYBACK_B -> EMP_FRAUD_B,EMP_FRAUD_B,VEND_SHELL_B,0.0,Historical,89.39,458,Circular Fund Flow
420,batch_420_loop_2,2,EMP_FRAUD_B -> VEND_SHELL_B -> SUB_PAYBACK_B -> EMP_FRAUD_B,VEND_SHELL_B,SUB_PAYBACK_B,0.0,Historical,95.13,458,Circular Fund Flow
420,batch_420_loop_2,3,EMP_FRAUD_B -> VEND_SHELL_B -> SUB_PAYBACK_B -> EMP_FRAUD_B,SUB_PAYBACK_B,EMP_FRAUD_B,0.0,Historical,95.85,458,Circular Fund Flow
420,batch_420_loop_3,1,EMP_FRAUD_A -> VEND_SHELL_A -> SUB_PAYBACK_A -> EMP_FRAUD_A,EMP_FRAUD_A,VEND_SHELL_A,0.0,Historical,89.22,458,Circular Fund Flow
420,batch_420_loop_3,2,EMP_FRAUD_A -> VEND_SHELL_A -> SUB_PAYBACK_A -> EMP_FRAUD_A,VEND_SHELL_A,SUB_PAYBACK_A,0.0,Historical,98.76,458,Circular Fund Flow
420,batch_420_loop_3,3,EMP_FRAUD_A -> VEND_SHELL_A -> SUB_PAYBACK_A -> EMP_FRAUD_A,SUB_PAYBACK_A,EMP_FRAUD_A,0.0,Historical,88.7,458,Circular Fund Flow
421,batch_421_loop_1,1,EMP_FRAUD_C -> VEND_SHELL_C -> SUB_PAYBACK_C -> EMP_FRAUD_C,EMP_FRAUD_C,VEND_SHELL_C,0.0,Historical,90.63,458,Circular Fund Flow
421,batch_421_loop_1,2,EMP_FRAUD_C -> VEND_SHELL_C -> SUB_PAYBACK_C -> EMP_FRAUD_C,VEND_SHELL_C,SUB_PAYBACK_C,0.0,Historical,91.71,458,Circular Fund Flow
421,batch_421_loop_1,3,EMP_FRAUD_C -> VEND_SHELL_C -> SUB_PAYBACK_C -> EMP_FRAUD_C,SUB_PAYBACK_C,EMP_FRAUD_C,0.0,Historical,87.19,458,Circular Fund Flow
421,batch_421_loop_2,1,EMP_FRAUD_B -> VEND_SHELL_B -> SUB_PAYBACK_B -> EMP_FRAUD_B,EMP_FRAUD_B,VEND_SHELL_B,0.0,Historical,95.06,458,Circular Fund Flow
421,batch_421_loop_2,2,EMP_FRAUD_B -> VEND_SHELL_B -> SUB_PAYBACK_B -> EMP_FRAUD_B,VEND_SHELL_B,SUB_PAYBACK_B,0.0,Historical,88.59,458,Circular Fund Flow
421,batch_421_loop_2,3,EMP_FRAUD_B -> VEND_SHELL_B -> SUB_PAYBACK_B -> EMP_FRAUD_B,SUB_PAYBACK_B,EMP_FRAUD_B,0.0,Historical,96.86,458,Circular Fund Flow
421,batch_421_loop_3,1,EMP_FRAUD_A -> VEND_SHELL_A -> SUB_PAYBACK_A -> EMP_FRAUD_A,EMP_FRAUD_A,VEND_SHELL_A,0.0,Historical,95.55,458,Circular Fund Flow
421,batch_421_loop_3,2,EMP_FRAUD_A -> VEND_SHELL_A -> SUB_PAYBACK_A -> EMP_FRAUD_A,VEND_SHELL_A,SUB_PAYBACK_A,0.0,Historical,91.77,458,Circular Fund Flow
421,batch_421_loop_3,3,EMP_FRAUD_A -> VEND_SHELL_A -> SUB_PAYBACK_A -> EMP_FRAUD_A,SUB_PAYBACK_A,EMP_FRAUD_A,0.0,Historical,94.82,458,Circular Fund Flow
422,batch_422_loop_1,1,EMP_FRAUD_C -> VEND_SHELL_C -> SUB_PAYBACK_C -> EMP_FRAUD_C,EMP_FRAUD_C,VEND_SHELL_C,0.0,Historical,92.08,456,Circular Fund Flow
422,batch_422_loop_1,2,EMP_FRAUD_C -> VEND_SHELL_C -> SUB_PAYBACK_C -> EMP_FRAUD_C,VEND_SHELL_C,SUB_PAYBACK_C,0.0,Historical,88.98,456,Circular Fund Flow
422,batch_422_loop_1,3,EMP_FRAUD_C -> VEND_SHELL_C -> SUB_PAYBACK_C -> EMP_FRAUD_C,SUB_PAYBACK_C,EMP_FRAUD_C,0.0,Historical,94.04,456,Circular Fund Flow
422,batch_422_loop_2,1,EMP_FRAUD_B -> VEND_SHELL_B -> SUB_PAYBACK_B -> EMP_FRAUD_B,EMP_FRAUD_B,VEND_SHELL_B,0.0,Historical,88.87,456,Circular Fund Flow
422,batch_422_loop_2,2,EMP_FRAUD_B -> VEND_SHELL_B -> SUB_PAYBACK_B -> EMP_FRAUD_B,VEND_SHELL_B,SUB_PAYBACK_B,0.0,Historical,92.09,456,Circular Fund Flow
422,batch_422_loop_2,3,EMP_FRAUD_B -> VEND_SHELL_B -> SUB_PAYBACK_B -> EMP_FRAUD_B,SUB_PAYBACK_B,EMP_FRAUD_B,0.0,Historical,88.61,456,Circular Fund Flow
422,batch_422_loop_3,1,EMP_FRAUD_A -> VEND_SHELL_A -> SUB_PAYBACK_A -> EMP_FRAUD_A,EMP_FRAUD_A,VEND_SHELL_A,0.0,Historical,95.04,456,Circular Fund Flow
422,batch_422_loop_3,2,EMP_FRAUD_A -> VEND_SHELL_A -> SUB_PAYBACK_A -> EMP_FRAUD_A,VEND_SHELL_A,SUB_PAYBACK_A,0.0,Historical,87.46,456,Circular Fund Flow
422,batch_422_loop_3,3,EMP_FRAUD_A -> VEND_SHELL_A -> SUB_PAYBACK_A -> EMP_FRAUD_A,SUB_PAYBACK_A,EMP_FRAUD_A,0.0,Historical,87.49,456,Circular Fund Flow
423,batch_423_loop_1,1,EMP_FRAUD_C -> VEND_SHELL_C -> SUB_PAYBACK_C -> EMP_FRAUD_C,EMP_FRAUD_C,VEND_SHELL_C,0.0,Historical,96.39,459,Circular Fund Flow
423,batch_423_loop_1,2,EMP_FRAUD_C -> VEND_SHELL_C -> SUB_PAYBACK_C -> EMP_FRAUD_C,VEND_SHELL_C,SUB_PAYBACK_C,0.0,Historical,95.97,459,Circular Fund Flow
423,batch_423_loop_1,3,EMP_FRAUD_C -> VEND_SHELL_C -> SUB_PAYBACK_C -> EMP_FRAUD_C,SUB_PAYBACK_C,EMP_FRAUD_C,0.0,Historical,87.95,459,Circular Fund Flow
423,batch_423_loop_2,1,EMP_FRAUD_B -> VEND_SHELL_B -> SUB_PAYBACK_B -> EMP_FRAUD_B,EMP_FRAUD_B,VEND_SHELL_B,0.0,Historical,92.04,459,Circular Fund Flow
423,batch_423_loop_2,2,EMP_FRAUD_B -> VEND_SHELL_B -> SUB_PAYBACK_B -> EMP_FRAUD_B,VEND_SHELL_B,SUB_PAYBACK_B,0.0,Historical,94.15,459,Circular Fund Flow
423,batch_423_loop_2,3,EMP_FRAUD_B -> VEND_SHELL_B -> SUB_PAYBACK_B -> EMP_FRAUD_B,SUB_PAYBACK_B,EMP_FRAUD_B,0.0,Historical,95.54,459,Circular Fund Flow
423,batch_423_loop_3,1,EMP_FRAUD_A -> VEND_SHELL_A -> SUB_PAYBACK_A -> EMP_FRAUD_A,EMP_FRAUD_A,VEND_SHELL_A,0.0,Historical,85.94,459,Circular Fund Flow
423,batch_423_loop_3,2,EMP_FRAUD_A -> VEND_SHELL_A -> SUB_PAYBACK_A -> EMP_FRAUD_A,VEND_SHELL_A,SUB_PAYBACK_A,0.0,Historical,85.31,459,Circular Fund Flow
423,batch_423_loop_3,3,EMP_FRAUD_A -> VEND_SHELL_A -> SUB_PAYBACK_A -> EMP_FRAUD_A,SUB_PAYBACK_A,EMP_FRAUD_A,0.0,Historical,89.69,459,Circular Fund Flow
424,batch_424_loop_1,1,EMP_FRAUD_C -> VEND_SHELL_C -> SUB_PAYBACK_C -> EMP_FRAUD_C,EMP_FRAUD_C,VEND_SHELL_C,0.0,Historical,97.23,455,Circular Fund Flow
424,batch_424_loop_1,2,EMP_FRAUD_C -> VEND_SHELL_C -> SUB_PAYBACK_C -> EMP_FRAUD_C,VEND_SHELL_C,SUB_PAYBACK_C,0.0,Historical,97.69,455,Circular Fund Flow
424,batch_424_loop_1,3,EMP_FRAUD_C -> VEND_SHELL_C -> SUB_PAYBACK_C -> EMP_FRAUD_C,SUB_PAYBACK_C,EMP_FRAUD_C,0.0,Historical,95.73,455,Circular Fund Flow
424,batch_424_loop_2,1,EMP_FRAUD_B -> VEND_SHELL_B -> SUB_PAYBACK_B -> EMP_FRAUD_B,EMP_FRAUD_B,VEND_SHELL_B,0.0,Historical,94.67,455,Circular Fund Flow
424,batch_424_loop_2,2,EMP_FRAUD_B -> VEND_SHELL_B -> SUB_PAYBACK_B -> EMP_FRAUD_B,VEND_SHELL_B,SUB_PAYBACK_B,0.0,Historical,91.04,455,Circular Fund Flow
424,batch_424_loop_2,3,EMP_FRAUD_B -> VEND_SHELL_B -> SUB_PAYBACK_B -> EMP_FRAUD_B,SUB_PAYBACK_B,EMP_FRAUD_B,0.0,Historical,96.64,455,Circular Fund Flow
424,batch_424_loop_3,1,EMP_FRAUD_A -> VEND_SHELL_A -> SUB_PAYBACK_A -> EMP_FRAUD_A,EMP_FRAUD_A,VEND_SHELL_A,0.0,Historical,85.83,455,Circular Fund Flow
424,batch_424_loop_3,2,EMP_FRAUD_A -> VEND_SHELL_A -> SUB_PAYBACK_A -> EMP_FRAUD_A,VEND_SHELL_A,SUB_PAYBACK_A,0.0,Historical,91.04,455,Circular Fund Flow
424,batch_424_loop_3,3,EMP_FRAUD_A -> VEND_SHELL_A -> SUB_PAYBACK_A -> EMP_FRAUD_A,SUB_PAYBACK_A,EMP_FRAUD_A,0.0,Historical,95.54,455,Circular Fund Flow
425,batch_425_loop_1,1,EMP_FRAUD_C -> VEND_SHELL_C -> SUB_PAYBACK_C -> EMP_FRAUD_C,EMP_FRAUD_C,VEND_SHELL_C,0.0,Historical,85.98,457,Circular Fund Flow
425,batch_425_loop_1,2,EMP_FRAUD_C -> VEND_SHELL_C -> SUB_PAYBACK_C -> EMP_FRAUD_C,VEND_SHELL_C,SUB_PAYBACK_C,0.0,Historical,86.2,457,Circular Fund Flow
425,batch_425_loop_1,3,EMP_FRAUD_C -> VEND_SHELL_C -> SUB_PAYBACK_C -> EMP_FRAUD_C,SUB_PAYBACK_C,EMP_FRAUD_C,0.0,Historical,85.93,457,Circular Fund Flow
425,batch_425_loop_2,1,EMP_FRAUD_B -> VEND_SHELL_B -> SUB_PAYBACK_B -> EMP_FRAUD_B,EMP_FRAUD_B,VEND_SHELL_B,0.0,Historical,98.43,457,Circular Fund Flow
425,batch_425_loop_2,2,EMP_FRAUD_B -> VEND_SHELL_B -> SUB_PAYBACK_B -> EMP_FRAUD_B,VEND_SHELL_B,SUB_PAYBACK_B,0.0,Historical,91.71,457,Circular Fund Flow
425,batch_425_loop_2,3,EMP_FRAUD_B -> VEND_SHELL_B -> SUB_PAYBACK_B -> EMP_FRAUD_B,SUB_PAYBACK_B,EMP_FRAUD_B,0.0,Historical,88.57,457,Circular Fund Flow
425,batch_425_loop_3,1,EMP_FRAUD_A -> VEND_SHELL_A -> SUB_PAYBACK_A -> EMP_FRAUD_A,EMP_FRAUD_A,VEND_SHELL_A,0.0,Historical,96.39,457,Circular Fund Flow
425,batch_425_loop_3,2,EMP_FRAUD_A -> VEND_SHELL_A -> SUB_PAYBACK_A -> EMP_FRAUD_A,VEND_SHELL_A,SUB_PAYBACK_A,0.0,Historical,94.67,457,Circular Fund Flow
425,batch_425_loop_3,3,EMP_FRAUD_A -> VEND_SHELL_A -> SUB_PAYBACK_A -> EMP_FRAUD_A,SUB_PAYBACK_A,EMP_FRAUD_A,0.0,Historical,89.15,457,Circular Fund Flow
426,batch_426_loop_1,1,EMP_FRAUD_C -> VEND_SHELL_C -> SUB_PAYBACK_C -> EMP_FRAUD_C,EMP_FRAUD_C,VEND_SHELL_C,0.0,Historical,98.31,457,Circular Fund Flow
426,batch_426_loop_1,2,EMP_FRAUD_C -> VEND_SHELL_C -> SUB_PAYBACK_C -> EMP_FRAUD_C,VEND_SHELL_C,SUB_PAYBACK_C,0.0,Historical,93.97,457,Circular Fund Flow
426,batch_426_loop_1,3,EMP_FRAUD_C -> VEND_SHELL_C -> SUB_PAYBACK_C -> EMP_FRAUD_C,SUB_PAYBACK_C,EMP_FRAUD_C,0.0,Historical,95.12,457,Circular Fund Flow
426,batch_426_loop_2,1,EMP_FRAUD_B -> VEND_SHELL_B -> SUB_PAYBACK_B -> EMP_FRAUD_B,EMP_FRAUD_B,VEND_SHELL_B,0.0,Historical,92.76,457,Circular Fund Flow
426,batch_426_loop_2,2,EMP_FRAUD_B -> VEND_SHELL_B -> SUB_PAYBACK_B -> EMP_FRAUD_B,VEND_SHELL_B,SUB_PAYBACK_B,0.0,Historical,91.42,457,Circular Fund Flow
426,batch_426_loop_2,3,EMP_FRAUD_B -> VEND_SHELL_B -> SUB_PAYBACK_B -> EMP_FRAUD_B,SUB_PAYBACK_B,EMP_FRAUD_B,0.0,Historical,93.41,457,Circular Fund Flow
426,batch_426_loop_3,1,EMP_FRAUD_A -> VEND_SHELL_A -> SUB_PAYBACK_A -> EMP_FRAUD_A,EMP_FRAUD_A,VEND_SHELL_A,0.0,Historical,91.34,457,Circular Fund Flow
426,batch_426_loop_3,2,EMP_FRAUD_A -> VEND_SHELL_A -> SUB_PAYBACK_A -> EMP_FRAUD_A,VEND_SHELL_A,SUB_PAYBACK_A,0.0,Historical,96.57,457,Circular Fund Flow
426,batch_426_loop_3,3,EMP_FRAUD_A -> VEND_SHELL_A -> SUB_PAYBACK_A -> EMP_FRAUD_A,SUB_PAYBACK_A,EMP_FRAUD_A,0.0,Historical,94.81,457,Circular Fund Flow
427,batch_427_loop_1,1,EMP_FRAUD_C -> VEND_SHELL_C -> SUB_PAYBACK_C -> EMP_FRAUD_C,EMP_FRAUD_C,VEND_SHELL_C,0.0,Historical,86.79,456,Circular Fund Flow
427,batch_427_loop_1,2,EMP_FRAUD_C -> VEND_SHELL_C -> SUB_PAYBACK_C -> EMP_FRAUD_C,VEND_SHELL_C,SUB_PAYBACK_C,0.0,Historical,92.56,456,Circular Fund Flow
427,batch_427_loop_1,3,EMP_FRAUD_C -> VEND_SHELL_C -> SUB_PAYBACK_C -> EMP_FRAUD_C,SUB_PAYBACK_C,EMP_FRAUD_C,0.0,Historical,94.44,456,Circular Fund Flow
427,batch_427_loop_2,1,EMP_FRAUD_B -> VEND_SHELL_B -> SUB_PAYBACK_B -> EMP_FRAUD_B,EMP_FRAUD_B,VEND_SHELL_B,0.0,Historical,90.04,456,Circular Fund Flow
427,batch_427_loop_2,2,EMP_FRAUD_B -> VEND_SHELL_B -> SUB_PAYBACK_B -> EMP_FRAUD_B,VEND_SHELL_B,SUB_PAYBACK_B,0.0,Historical,86.65,456,Circular Fund Flow
427,batch_427_loop_2,3,EMP_FRAUD_B -> VEND_SHELL_B -> SUB_PAYBACK_B -> EMP_FRAUD_B,SUB_PAYBACK_B,EMP_FRAUD_B,0.0,Historical,92.61,456,Circular Fund Flow
427,batch_427_loop_3,1,EMP_FRAUD_A -> VEND_SHELL_A -> SUB_PAYBACK_A -> EMP_FRAUD_A,EMP_FRAUD_A,VEND_SHELL_A,0.0,Historical,85.81,456,Circular Fund Flow
427,batch_427_loop_3,2,EMP_FRAUD_A -> VEND_SHELL_A -> SUB_PAYBACK_A -> EMP_FRAUD_A,VEND_SHELL_A,SUB_PAYBACK_A,0.0,Historical,85.5,456,Circular Fund Flow
427,batch_427_loop_3,3,EMP_FRAUD_A -> VEND_SHELL_A -> SUB_PAYBACK_A -> EMP_FRAUD_A,SUB_PAYBACK_A,EMP_FRAUD_A,0.0,Historical,86.03,456,Circular Fund Flow
428,batch_428_loop_1,1,EMP_FRAUD_C -> VEND_SHELL_C -> SUB_PAYBACK_C -> EMP_FRAUD_C,EMP_FRAUD_C,VEND_SHELL_C,0.0,Historical,95.06,456,Circular Fund Flow
428,batch_428_loop_1,2,EMP_FRAUD_C -> VEND_SHELL_C -> SUB_PAYBACK_C -> EMP_FRAUD_C,VEND_SHELL_C,SUB_PAYBACK_C,0.0,Historical,94.43,456,Circular Fund Flow
428,batch_428_loop_1,3,EMP_FRAUD_C -> VEND_SHELL_C -> SUB_PAYBACK_C -> EMP_FRAUD_C,SUB_PAYBACK_C,EMP_FRAUD_C,0.0,Historical,98.89,456,Circular Fund Flow
428,batch_428_loop_2,1,EMP_FRAUD_B -> VEND_SHELL_B -> SUB_PAYBACK_B -> EMP_FRAUD_B,EMP_FRAUD_B,VEND_SHELL_B,0.0,Historical,96.27,456,Circular Fund Flow
428,batch_428_loop_2,2,EMP_FRAUD_B -> VEND_SHELL_B -> SUB_PAYBACK_B -> EMP_FRAUD_B,VEND_SHELL_B,SUB_PAYBACK_B,0.0,Historical,93.01,456,Circular Fund Flow
428,batch_428_loop_2,3,EMP_FRAUD_B -> VEND_SHELL_B -> SUB_PAYBACK_B -> EMP_FRAUD_B,SUB_PAYBACK_B,EMP_FRAUD_B,0.0,Historical,87.01,456,Circular Fund Flow
428,batch_428_loop_3,1,EMP_FRAUD_A -> VEND_SHELL_A -> SUB_PAYBACK_A -> EMP_FRAUD_A,EMP_FRAUD_A,VEND_SHELL_A,0.0,Historical,86.04,456,Circular Fund Flow
428,batch_428_loop_3,2,EMP_FRAUD_A -> VEND_SHELL_A -> SUB_PAYBACK_A -> EMP_FRAUD_A,VEND_SHELL_A,SUB_PAYBACK_A,0.0,Historical,88.17,456,Circular Fund Flow
428,batch_428_loop_3,3,EMP_FRAUD_A -> VEND_SHELL_A -> SUB_PAYBACK_A -> EMP_FRAUD_A,SUB_PAYBACK_A,EMP_FRAUD_A,0.0,Historical,97.55,456,Circular Fund Flow
429,batch_429_loop_1,1,EMP_FRAUD_C -> VEND_SHELL_C -> SUB_PAYBACK_C -> EMP_FRAUD_C,EMP_FRAUD_C,VEND_SHELL_C,0.0,Historical,90.27,461,Circular Fund Flow
429,batch_429_loop_1,2,EMP_FRAUD_C -> VEND_SHELL_C -> SUB_PAYBACK_C -> EMP_FRAUD_C,VEND_SHELL_C,SUB_PAYBACK_C,0.0,Historical,93.86,461,Circular Fund Flow
429,batch_429_loop_1,3,EMP_FRAUD_C -> VEND_SHELL_C -> SUB_PAYBACK_C -> EMP_FRAUD_C,SUB_PAYBACK_C,EMP_FRAUD_C,0.0,Historical,92.98,461,Circular Fund Flow
429,batch_429_loop_2,1,EMP_FRAUD_B -> VEND_SHELL_B -> SUB_PAYBACK_B -> EMP_FRAUD_B,EMP_FRAUD_B,VEND_SHELL_B,0.0,Historical,87.64,461,Circular Fund Flow
429,batch_429_loop_2,2,EMP_FRAUD_B -> VEND_SHELL_B -> SUB_PAYBACK_B -> EMP_FRAUD_B,VEND_SHELL_B,SUB_PAYBACK_B,0.0,Historical,93.47,461,Circular Fund Flow
429,batch_429_loop_2,3,EMP_FRAUD_B -> VEND_SHELL_B -> SUB_PAYBACK_B -> EMP_FRAUD_B,SUB_PAYBACK_B,EMP_FRAUD_B,0.0,Historical,90.68,461,Circular Fund Flow
429,batch_429_loop_3,1,EMP_FRAUD_A -> VEND_SHELL_A -> SUB_PAYBACK_A -> EMP_FRAUD_A,EMP_FRAUD_A,VEND_SHELL_A,0.0,Historical,92.2,461,Circular Fund Flow
429,batch_429_loop_3,2,EMP_FRAUD_A -> VEND_SHELL_A -> SUB_PAYBACK_A -> EMP_FRAUD_A,VEND_SHELL_A,SUB_PAYBACK_A,0.0,Historical,90.64,461,Circular Fund Flow
429,batch_429_loop_3,3,EMP_FRAUD_A -> VEND_SHELL_A -> SUB_PAYBACK_A -> EMP_FRAUD_A,SUB_PAYBACK_A,EMP_FRAUD_A,0.0,Historical,90.56,461,Circular Fund Flow
430,batch_430_loop_1,1,EMP_FRAUD_C -> VEND_SHELL_C -> SUB_PAYBACK_C -> EMP_FRAUD_C,EMP_FRAUD_C,VEND_SHELL_C,0.0,Historical,92.49,461,Circular Fund Flow
430,batch_430_loop_1,2,EMP_FRAUD_C -> VEND_SHELL_C -> SUB_PAYBACK_C -> EMP_FRAUD_C,VEND_SHELL_C,SUB_PAYBACK_C,0.0,Historical,91.51,461,Circular Fund Flow
430,batch_430_loop_1,3,EMP_FRAUD_C -> VEND_SHELL_C -> SUB_PAYBACK_C -> EMP_FRAUD_C,SUB_PAYBACK_C,EMP_FRAUD_C,0.0,Historical,90.17,461,Circular Fund Flow
430,batch_430_loop_2,1,EMP_FRAUD_B -> VEND_SHELL_B -> SUB_PAYBACK_B -> EMP_FRAUD_B,EMP_FRAUD_B,VEND_SHELL_B,0.0,Historical,87.77,461,Circular Fund Flow
430,batch_430_loop_2,2,EMP_FRAUD_B -> VEND_SHELL_B -> SUB_PAYBACK_B -> EMP_FRAUD_B,VEND_SHELL_B,SUB_PAYBACK_B,0.0,Historical,86.87,461,Circular Fund Flow
430,batch_430_loop_2,3,EMP_FRAUD_B -> VEND_SHELL_B -> SUB_PAYBACK_B -> EMP_FRAUD_B,SUB_PAYBACK_B,EMP_FRAUD_B,0.0,Historical,97.56,461,Circular Fund Flow
430,batch_430_loop_3,1,EMP_FRAUD_A -> VEND_SHELL_A -> SUB_PAYBACK_A -> EMP_FRAUD_A,EMP_FRAUD_A,VEND_SHELL_A,0.0,Historical,90.84,461,Circular Fund Flow
430,batch_430_loop_3,2,EMP_FRAUD_A -> VEND_SHELL_A -> SUB_PAYBACK_A -> EMP_FRAUD_A,VEND_SHELL_A,SUB_PAYBACK_A,0.0,Historical,94.19,461,Circular Fund Flow
430,batch_430_loop_3,3,EMP_FRAUD_A -> VEND_SHELL_A -> SUB_PAYBACK_A -> EMP_FRAUD_A,SUB_PAYBACK_A,EMP_FRAUD_A,0.0,Historical,88.46,461,Circular Fund Flow
431,batch_431_loop_1,1,EMP_FRAUD_C -> VEND_SHELL_C -> SUB_PAYBACK_C -> EMP_FRAUD_C,EMP_FRAUD_C,VEND_SHELL_C,0.0,Historical,88.56,456,Circular Fund Flow
431,batch_431_loop_1,2,EMP_FRAUD_C -> VEND_SHELL_C -> SUB_PAYBACK_C -> EMP_FRAUD_C,VEND_SHELL_C,SUB_PAYBACK_C,0.0,Historical,97.37,456,Circular Fund Flow
431,batch_431_loop_1,3,EMP_FRAUD_C -> VEND_SHELL_C -> SUB_PAYBACK_C -> EMP_FRAUD_C,SUB_PAYBACK_C,EMP_FRAUD_C,0.0,Historical,98.45,456,Circular Fund Flow
431,batch_431_loop_2,1,EMP_FRAUD_B -> VEND_SHELL_B -> SUB_PAYBACK_B -> EMP_FRAUD_B,EMP_FRAUD_B,VEND_SHELL_B,0.0,Historical,95.54,456,Circular Fund Flow
431,batch_431_loop_2,2,EMP_FRAUD_B -> VEND_SHELL_B -> SUB_PAYBACK_B -> EMP_FRAUD_B,VEND_SHELL_B,SUB_PAYBACK_B,0.0,Historical,91.18,456,Circular Fund Flow
431,batch_431_loop_2,3,EMP_FRAUD_B -> VEND_SHELL_B -> SUB_PAYBACK_B -> EMP_FRAUD_B,SUB_PAYBACK_B,EMP_FRAUD_B,0.0,Historical,89.21,456,Circular Fund Flow
431,batch_431_loop_3,1,EMP_FRAUD_A -> VEND_SHELL_A -> SUB_PAYBACK_A -> EMP_FRAUD_A,EMP_FRAUD_A,VEND_SHELL_A,0.0,Historical,96.36,456,Circular Fund Flow
431,batch_431_loop_3,2,EMP_FRAUD_A -> VEND_SHELL_A -> SUB_PAYBACK_A -> EMP_FRAUD_A,VEND_SHELL_A,SUB_PAYBACK_A,0.0,Historical,93.96,456,Circular Fund Flow
431,batch_431_loop_3,3,EMP_FRAUD_A -> VEND_SHELL_A -> SUB_PAYBACK_A -> EMP_FRAUD_A,SUB_PAYBACK_A,EMP_FRAUD_A,0.0,Historical,98.04,456,Circular Fund Flow
432,batch_432_loop_1,1,EMP_FRAUD_C -> VEND_SHELL_C -> SUB_PAYBACK_C -> EMP_FRAUD_C,EMP_FRAUD_C,VEND_SHELL_C,0.0,Historical,93.57,458,Circular Fund Flow
432,batch_432_loop_1,2,EMP_FRAUD_C -> VEND_SHELL_C -> SUB_PAYBACK_C -> EMP_FRAUD_C,VEND_SHELL_C,SUB_PAYBACK_C,0.0,Historical,90.09,458,Circular Fund Flow
432,batch_432_loop_1,3,EMP_FRAUD_C -> VEND_SHELL_C -> SUB_PAYBACK_C -> EMP_FRAUD_C,SUB_PAYBACK_C,EMP_FRAUD_C,0.0,Historical,92.13,458,Circular Fund Flow
432,batch_432_loop_2,1,EMP_FRAUD_B -> VEND_SHELL_B -> SUB_PAYBACK_B -> EMP_FRAUD_B,EMP_FRAUD_B,VEND_SHELL_B,0.0,Historical,89.54,458,Circular Fund Flow
432,batch_432_loop_2,2,EMP_FRAUD_B -> VEND_SHELL_B -> SUB_PAYBACK_B -> EMP_FRAUD_B,VEND_SHELL_B,SUB_PAYBACK_B,0.0,Historical,85.77,458,Circular Fund Flow
432,batch_432_loop_2,3,EMP_FRAUD_B -> VEND_SHELL_B -> SUB_PAYBACK_B -> EMP_FRAUD_B,SUB_PAYBACK_B,EMP_FRAUD_B,0.0,Historical,92.61,458,Circular Fund Flow
432,batch_432_loop_3,1,EMP_FRAUD_A -> VEND_SHELL_A -> SUB_PAYBACK_A -> EMP_FRAUD_A,EMP_FRAUD_A,VEND_SHELL_A,0.0,Historical,87.12,458,Circular Fund Flow
432,batch_432_loop_3,2,EMP_FRAUD_A -> VEND_SHELL_A -> SUB_PAYBACK_A -> EMP_FRAUD_A,VEND_SHELL_A,SUB_PAYBACK_A,0.0,Historical,96.81,458,Circular Fund Flow
432,batch_432_loop_3,3,EMP_FRAUD_A -> VEND_SHELL_A -> SUB_PAYBACK_A -> EMP_FRAUD_A,SUB_PAYBACK_A,EMP_FRAUD_A,0.0,Historical,89.91,458,Circular Fund Flow
433,batch_433_loop_1,1,EMP_FRAUD_C -> VEND_SHELL_C -> SUB_PAYBACK_C -> EMP_FRAUD_C,EMP_FRAUD_C,VEND_SHELL_C,0.0,Historical,85.02,454,Circular Fund Flow
433,batch_433_loop_1,2,EMP_FRAUD_C -> VEND_SHELL_C -> SUB_PAYBACK_C -> EMP_FRAUD_C,VEND_SHELL_C,SUB_PAYBACK_C,0.0,Historical,96.29,454,Circular Fund Flow
433,batch_433_loop_1,3,EMP_FRAUD_C -> VEND_SHELL_C -> SUB_PAYBACK_C -> EMP_FRAUD_C,SUB_PAYBACK_C,EMP_FRAUD_C,0.0,Historical,87.73,454,Circular Fund Flow
433,batch_433_loop_2,1,EMP_FRAUD_B -> VEND_SHELL_B -> SUB_PAYBACK_B -> EMP_FRAUD_B,EMP_FRAUD_B,VEND_SHELL_B,0.0,Historical,96.8,454,Circular Fund Flow
433,batch_433_loop_2,2,EMP_FRAUD_B -> VEND_SHELL_B -> SUB_PAYBACK_B -> EMP_FRAUD_B,VEND_SHELL_B,SUB_PAYBACK_B,0.0,Historical,90.36,454,Circular Fund Flow
433,batch_433_loop_2,3,EMP_FRAUD_B -> VEND_SHELL_B -> SUB_PAYBACK_B -> EMP_FRAUD_B,SUB_PAYBACK_B,EMP_FRAUD_B,0.0,Historical,91.93,454,Circular Fund Flow
433,batch_433_loop_3,1,EMP_FRAUD_A -> VEND_SHELL_A -> SUB_PAYBACK_A -> EMP_FRAUD_A,EMP_FRAUD_A,VEND_SHELL_A,0.0,Historical,87.76,454,Circular Fund Flow
433,batch_433_loop_3,2,EMP_FRAUD_A -> VEND_SHELL_A -> SUB_PAYBACK_A -> EMP_FRAUD_A,VEND_SHELL_A,SUB_PAYBACK_A,0.0,Historical,88.02,454,Circular Fund Flow
433,batch_433_loop_3,3,EMP_FRAUD_A -> VEND_SHELL_A -> SUB_PAYBACK_A -> EMP_FRAUD_A,SUB_PAYBACK_A,EMP_FRAUD_A,0.0,Historical,94.75,454,Circular Fund Flow
434,batch_434_loop_1,1,EMP_FRAUD_C -> VEND_SHELL_C -> SUB_PAYBACK_C -> EMP_FRAUD_C,EMP_FRAUD_C,VEND_SHELL_C,0.0,Historical,86.38,457,Circular Fund Flow
434,batch_434_loop_1,2,EMP_FRAUD_C -> VEND_SHELL_C -> SUB_PAYBACK_C -> EMP_FRAUD_C,VEND_SHELL_C,SUB_PAYBACK_C,0.0,Historical,93.3,457,Circular Fund Flow
434,batch_434_loop_1,3,EMP_FRAUD_C -> VEND_SHELL_C -> SUB_PAYBACK_C -> EMP_FRAUD_C,SUB_PAYBACK_C,EMP_FRAUD_C,0.0,Historical,86.52,457,Circular Fund Flow
434,batch_434_loop_2,1,EMP_FRAUD_B -> VEND_SHELL_B -> SUB_PAYBACK_B -> EMP_FRAUD_B,EMP_FRAUD_B,VEND_SHELL_B,0.0,Historical,87.55,457,Circular Fund Flow
434,batch_434_loop_2,2,EMP_FRAUD_B -> VEND_SHELL_B -> SUB_PAYBACK_B -> EMP_FRAUD_B,VEND_SHELL_B,SUB_PAYBACK_B,0.0,Historical,96.08,457,Circular Fund Flow
434,batch_434_loop_2,3,EMP_FRAUD_B -> VEND_SHELL_B -> SUB_PAYBACK_B -> EMP_FRAUD_B,SUB_PAYBACK_B,EMP_FRAUD_B,0.0,Historical,90.74,457,Circular Fund Flow
434,batch_434_loop_3,1,EMP_FRAUD_A -> VEND_SHELL_A -> SUB_PAYBACK_A -> EMP_FRAUD_A,EMP_FRAUD_A,VEND_SHELL_A,0.0,Historical,95.14,457,Circular Fund Flow
434,batch_434_loop_3,2,EMP_FRAUD_A -> VEND_SHELL_A -> SUB_PAYBACK_A -> EMP_FRAUD_A,VEND_SHELL_A,SUB_PAYBACK_A,0.0,Historical,94.03,457,Circular Fund Flow
434,batch_434_loop_3,3,EMP_FRAUD_A -> VEND_SHELL_A -> SUB_PAYBACK_A -> EMP_FRAUD_A,SUB_PAYBACK_A,EMP_FRAUD_A,0.0,Historical,91.09,457,Circular Fund Flow
435,batch_435_loop_1,1,EMP_FRAUD_C -> VEND_SHELL_C -> SUB_PAYBACK_C -> EMP_FRAUD_C,EMP_FRAUD_C,VEND_SHELL_C,0.0,Historical,94.27,455,Circular Fund Flow
435,batch_435_loop_1,2,EMP_FRAUD_C -> VEND_SHELL_C -> SUB_PAYBACK_C -> EMP_FRAUD_C,VEND_SHELL_C,SUB_PAYBACK_C,0.0,Historical,95.31,455,Circular Fund Flow
435,batch_435_loop_1,3,EMP_FRAUD_C -> VEND_SHELL_C -> SUB_PAYBACK_C -> EMP_FRAUD_C,SUB_PAYBACK_C,EMP_FRAUD_C,0.0,Historical,86.04,455,Circular Fund Flow
435,batch_435_loop_2,1,EMP_FRAUD_B -> VEND_SHELL_B -> SUB_PAYBACK_B -> EMP_FRAUD_B,EMP_FRAUD_B,VEND_SHELL_B,0.0,Historical,97.74,455,Circular Fund Flow
435,batch_435_loop_2,2,EMP_FRAUD_B -> VEND_SHELL_B -> SUB_PAYBACK_B -> EMP_FRAUD_B,VEND_SHELL_B,SUB_PAYBACK_B,0.0,Historical,96.98,455,Circular Fund Flow
435,batch_435_loop_2,3,EMP_FRAUD_B -> VEND_SHELL_B -> SUB_PAYBACK_B -> EMP_FRAUD_B,SUB_PAYBACK_B,EMP_FRAUD_B,0.0,Historical,96.25,455,Circular Fund Flow
435,batch_435_loop_3,1,EMP_FRAUD_A -> VEND_SHELL_A -> SUB_PAYBACK_A -> EMP_FRAUD_A,EMP_FRAUD_A,VEND_SHELL_A,0.0,Historical,86.76,455,Circular Fund Flow
435,batch_435_loop_3,2,EMP_FRAUD_A -> VEND_SHELL_A -> SUB_PAYBACK_A -> EMP_FRAUD_A,VEND_SHELL_A,SUB_PAYBACK_A,0.0,Historical,89.28,455,Circular Fund Flow
435,batch_435_loop_3,3,EMP_FRAUD_A -> VEND_SHELL_A -> SUB_PAYBACK_A -> EMP_FRAUD_A,SUB_PAYBACK_A,EMP_FRAUD_A,0.0,Historical,94.45,455,Circular Fund Flow
436,batch_436_loop_1,1,EMP_FRAUD_C -> VEND_SHELL_C -> SUB_PAYBACK_C -> EMP_FRAUD_C,EMP_FRAUD_C,VEND_SHELL_C,0.0,Historical,86.87,456,Circular Fund Flow
436,batch_436_loop_1,2,EMP_FRAUD_C -> VEND_SHELL_C -> SUB_PAYBACK_C -> EMP_FRAUD_C,VEND_SHELL_C,SUB_PAYBACK_C,0.0,Historical,94.11,456,Circular Fund Flow
436,batch_436_loop_1,3,EMP_FRAUD_C -> VEND_SHELL_C -> SUB_PAYBACK_C -> EMP_FRAUD_C,SUB_PAYBACK_C,EMP_FRAUD_C,0.0,Historical,89.61,456,Circular Fund Flow
436,batch_436_loop_2,1,EMP_FRAUD_B -> VEND_SHELL_B -> SUB_PAYBACK_B -> EMP_FRAUD_B,EMP_FRAUD_B,VEND_SHELL_B,0.0,Historical,91.95,456,Circular Fund Flow
436,batch_436_loop_2,2,EMP_FRAUD_B -> VEND_SHELL_B -> SUB_PAYBACK_B -> EMP_FRAUD_B,VEND_SHELL_B,SUB_PAYBACK_B,0.0,Historical,93.88,456,Circular Fund Flow
436,batch_436_loop_2,3,EMP_FRAUD_B -> VEND_SHELL_B -> SUB_PAYBACK_B -> EMP_FRAUD_B,SUB_PAYBACK_B,EMP_FRAUD_B,0.0,Historical,85.91,456,Circular Fund Flow
436,batch_436_loop_3,1,EMP_FRAUD_A -> VEND_SHELL_A -> SUB_PAYBACK_A -> EMP_FRAUD_A,EMP_FRAUD_A,VEND_SHELL_A,0.0,Historical,96.07,456,Circular Fund Flow
436,batch_436_loop_3,2,EMP_FRAUD_A -> VEND_SHELL_A -> SUB_PAYBACK_A -> EMP_FRAUD_A,VEND_SHELL_A,SUB_PAYBACK_A,0.0,Historical,94.35,456,Circular Fund Flow
436,batch_436_loop_3,3,EMP_FRAUD_A -> VEND_SHELL_A -> SUB_PAYBACK_A -> EMP_FRAUD_A,SUB_PAYBACK_A,EMP_FRAUD_A,0.0,Historical,94.49,456,Circular Fund Flow
437,batch_437_loop_1,1,EMP_FRAUD_C -> VEND_SHELL_C -> SUB_PAYBACK_C -> EMP_FRAUD_C,EMP_FRAUD_C,VEND_SHELL_C,0.0,Historical,95.97,455,Circular Fund Flow
437,batch_437_loop_1,2,EMP_FRAUD_C -> VEND_SHELL_C -> SUB_PAYBACK_C -> EMP_FRAUD_C,VEND_SHELL_C,SUB_PAYBACK_C,0.0,Historical,92.42,455,Circular Fund Flow
437,batch_437_loop_1,3,EMP_FRAUD_C -> VEND_SHELL_C -> SUB_PAYBACK_C -> EMP_FRAUD_C,SUB_PAYBACK_C,EMP_FRAUD_C,0.0,Historical,92.81,455,Circular Fund Flow
437,batch_437_loop_2,1,EMP_FRAUD_B -> VEND_SHELL_B -> SUB_PAYBACK_B -> EMP_FRAUD_B,EMP_FRAUD_B,VEND_SHELL_B,0.0,Historical,87.35,455,Circular Fund Flow
437,batch_437_loop_2,2,EMP_FRAUD_B -> VEND_SHELL_B -> SUB_PAYBACK_B -> EMP_FRAUD_B,VEND_SHELL_B,SUB_PAYBACK_B,0.0,Historical,94.25,455,Circular Fund Flow
437,batch_437_loop_2,3,EMP_FRAUD_B -> VEND_SHELL_B -> SUB_PAYBACK_B -> EMP_FRAUD_B,SUB_PAYBACK_B,EMP_FRAUD_B,0.0,Historical,91.57,455,Circular Fund Flow
437,batch_437_loop_3,1,EMP_FRAUD_A -> VEND_SHELL_A -> SUB_PAYBACK_A -> EMP_FRAUD_A,EMP_FRAUD_A,VEND_SHELL_A,0.0,Historical,93.76,455,Circular Fund Flow
437,batch_437_loop_3,2,EMP_FRAUD_A -> VEND_SHELL_A -> SUB_PAYBACK_A -> EMP_FRAUD_A,VEND_SHELL_A,SUB_PAYBACK_A,0.0,Historical,86.32,455,Circular Fund Flow
437,batch_437_loop_3,3,EMP_FRAUD_A -> VEND_SHELL_A -> SUB_PAYBACK_A -> EMP_FRAUD_A,SUB_PAYBACK_A,EMP_FRAUD_A,0.0,Historical,96.73,455,Circular Fund Flow
438,batch_438_loop_1,1,EMP_FRAUD_C -> VEND_SHELL_C -> SUB_PAYBACK_C -> EMP_FRAUD_C,EMP_FRAUD_C,VEND_SHELL_C,0.0,Historical,97.61,457,Circular Fund Flow
438,batch_438_loop_1,2,EMP_FRAUD_C -> VEND_SHELL_C -> SUB_PAYBACK_C -> EMP_FRAUD_C,VEND_SHELL_C,SUB_PAYBACK_C,0.0,Historical,91.87,457,Circular Fund Flow
438,batch_438_loop_1,3,EMP_FRAUD_C -> VEND_SHELL_C -> SUB_PAYBACK_C -> EMP_FRAUD_C,SUB_PAYBACK_C,EMP_FRAUD_C,0.0,Historical,93.11,457,Circular Fund Flow
438,batch_438_loop_2,1,EMP_FRAUD_B -> VEND_SHELL_B -> SUB_PAYBACK_B -> EMP_FRAUD_B,EMP_FRAUD_B,VEND_SHELL_B,0.0,Historical,90.9,457,Circular Fund Flow
438,batch_438_loop_2,2,EMP_FRAUD_B -> VEND_SHELL_B -> SUB_PAYBACK_B -> EMP_FRAUD_B,VEND_SHELL_B,SUB_PAYBACK_B,0.0,Historical,94.19,457,Circular Fund Flow
438,batch_438_loop_2,3,EMP_FRAUD_B -> VEND_SHELL_B -> SUB_PAYBACK_B -> EMP_FRAUD_B,SUB_PAYBACK_B,EMP_FRAUD_B,0.0,Historical,87.21,457,Circular Fund Flow
438,batch_438_loop_3,1,EMP_FRAUD_A -> VEND_SHELL_A -> SUB_PAYBACK_A -> EMP_FRAUD_A,EMP_FRAUD_A,VEND_SHELL_A,0.0,Historical,92.15,457,Circular Fund Flow
438,batch_438_loop_3,2,EMP_FRAUD_A -> VEND_SHELL_A -> SUB_PAYBACK_A -> EMP_FRAUD_A,VEND_SHELL_A,SUB_PAYBACK_A,0.0,Historical,86.6,457,Circular Fund Flow
438,batch_438_loop_3,3,EMP_FRAUD_A -> VEND_SHELL_A -> SUB_PAYBACK_A -> EMP_FRAUD_A,SUB_PAYBACK_A,EMP_FRAUD_A,0.0,Historical,88.37,457,Circular Fund Flow
439,batch_439_loop_1,1,EMP_FRAUD_C -> VEND_SHELL_C -> SUB_PAYBACK_C -> EMP_FRAUD_C,EMP_FRAUD_C,VEND_SHELL_C,0.0,Historical,96.59,456,Circular Fund Flow
439,batch_439_loop_1,2,EMP_FRAUD_C -> VEND_SHELL_C -> SUB_PAYBACK_C -> EMP_FRAUD_C,VEND_SHELL_C,SUB_PAYBACK_C,0.0,Historical,86.94,456,Circular Fund Flow
439,batch_439_loop_1,3,EMP_FRAUD_C -> VEND_SHELL_C -> SUB_PAYBACK_C -> EMP_FRAUD_C,SUB_PAYBACK_C,EMP_FRAUD_C,0.0,Historical,93.58,456,Circular Fund Flow
439,batch_439_loop_2,1,EMP_FRAUD_B -> VEND_SHELL_B -> SUB_PAYBACK_B -> EMP_FRAUD_B,EMP_FRAUD_B,VEND_SHELL_B,0.0,Historical,96.66,456,Circular Fund Flow
439,batch_439_loop_2,2,EMP_FRAUD_B -> VEND_SHELL_B -> SUB_PAYBACK_B -> EMP_FRAUD_B,VEND_SHELL_B,SUB_PAYBACK_B,0.0,Historical,97.12,456,Circular Fund Flow
439,batch_439_loop_2,3,EMP_FRAUD_B -> VEND_SHELL_B -> SUB_PAYBACK_B -> EMP_FRAUD_B,SUB_PAYBACK_B,EMP_FRAUD_B,0.0,Historical,90.99,456,Circular Fund Flow
439,batch_439_loop_3,1,EMP_FRAUD_A -> VEND_SHELL_A -> SUB_PAYBACK_A -> EMP_FRAUD_A,EMP_FRAUD_A,VEND_SHELL_A,0.0,Historical,94.64,456,Circular Fund Flow
439,batch_439_loop_3,2,EMP_FRAUD_A -> VEND_SHELL_A -> SUB_PAYBACK_A -> EMP_FRAUD_A,VEND_SHELL_A,SUB_PAYBACK_A,0.0,Historical,97.81,456,Circular Fund Flow
439,batch_439_loop_3,3,EMP_FRAUD_A -> VEND_SHELL_A -> SUB_PAYBACK_A -> EMP_FRAUD_A,SUB_PAYBACK_A,EMP_FRAUD_A,0.0,Historical,92.01,456,Circular Fund Flow
440,batch_440_loop_1,1,EMP_FRAUD_C -> VEND_SHELL_C -> SUB_PAYBACK_C -> EMP_FRAUD_C,EMP_FRAUD_C,VEND_SHELL_C,0.0,Historical,85.93,458,Circular Fund Flow
440,batch_440_loop_1,2,EMP_FRAUD_C -> VEND_SHELL_C -> SUB_PAYBACK_C -> EMP_FRAUD_C,VEND_SHELL_C,SUB_PAYBACK_C,0.0,Historical,94.1,458,Circular Fund Flow
440,batch_440_loop_1,3,EMP_FRAUD_C -> VEND_SHELL_C -> SUB_PAYBACK_C -> EMP_FRAUD_C,SUB_PAYBACK_C,EMP_FRAUD_C,0.0,Historical,92.46,458,Circular Fund Flow
440,batch_440_loop_2,1,EMP_FRAUD_B -> VEND_SHELL_B -> SUB_PAYBACK_B -> EMP_FRAUD_B,EMP_FRAUD_B,VEND_SHELL_B,0.0,Historical,93.1,458,Circular Fund Flow
440,batch_440_loop_2,2,EMP_FRAUD_B -> VEND_SHELL_B -> SUB_PAYBACK_B -> EMP_FRAUD_B,VEND_SHELL_B,SUB_PAYBACK_B,0.0,Historical,97.59,458,Circular Fund Flow
440,batch_440_loop_2,3,EMP_FRAUD_B -> VEND_SHELL_B -> SUB_PAYBACK_B -> EMP_FRAUD_B,SUB_PAYBACK_B,EMP_FRAUD_B,0.0,Historical,96.04,458,Circular Fund Flow
440,batch_440_loop_3,1,EMP_FRAUD_A -> VEND_SHELL_A -> SUB_PAYBACK_A -> EMP_FRAUD_A,EMP_FRAUD_A,VEND_SHELL_A,0.0,Historical,91.64,458,Circular Fund Flow
440,batch_440_loop_3,2,EMP_FRAUD_A -> VEND_SHELL_A -> SUB_PAYBACK_A -> EMP_FRAUD_A,VEND_SHELL_A,SUB_PAYBACK_A,0.0,Historical,86.01,458,Circular Fund Flow
440,batch_440_loop_3,3,EMP_FRAUD_A -> VEND_SHELL_A -> SUB_PAYBACK_A -> EMP_FRAUD_A,SUB_PAYBACK_A,EMP_FRAUD_A,0.0,Historical,92.96,458,Circular Fund Flow
441,batch_441_loop_1,1,EMP_FRAUD_C -> VEND_SHELL_C -> SUB_PAYBACK_C -> EMP_FRAUD_C,EMP_FRAUD_C,VEND_SHELL_C,0.0,Historical,87.48,455,Circular Fund Flow
441,batch_441_loop_1,2,EMP_FRAUD_C -> VEND_SHELL_C -> SUB_PAYBACK_C -> EMP_FRAUD_C,VEND_SHELL_C,SUB_PAYBACK_C,0.0,Historical,87.62,455,Circular Fund Flow
441,batch_441_loop_1,3,EMP_FRAUD_C -> VEND_SHELL_C -> SUB_PAYBACK_C -> EMP_FRAUD_C,SUB_PAYBACK_C,EMP_FRAUD_C,0.0,Historical,95.37,455,Circular Fund Flow
441,batch_441_loop_2,1,EMP_FRAUD_B -> VEND_SHELL_B -> SUB_PAYBACK_B -> EMP_FRAUD_B,EMP_FRAUD_B,VEND_SHELL_B,0.0,Historical,87.01,455,Circular Fund Flow
441,batch_441_loop_2,2,EMP_FRAUD_B -> VEND_SHELL_B -> SUB_PAYBACK_B -> EMP_FRAUD_B,VEND_SHELL_B,SUB_PAYBACK_B,0.0,Historical,92.39,455,Circular Fund Flow
441,batch_441_loop_2,3,EMP_FRAUD_B -> VEND_SHELL_B -> SUB_PAYBACK_B -> EMP_FRAUD_B,SUB_PAYBACK_B,EMP_FRAUD_B,0.0,Historical,85.3,455,Circular Fund Flow
441,batch_441_loop_3,1,EMP_FRAUD_A -> VEND_SHELL_A -> SUB_PAYBACK_A -> EMP_FRAUD_A,EMP_FRAUD_A,VEND_SHELL_A,0.0,Historical,89.42,455,Circular Fund Flow
441,batch_441_loop_3,2,EMP_FRAUD_A -> VEND_SHELL_A -> SUB_PAYBACK_A -> EMP_FRAUD_A,VEND_SHELL_A,SUB_PAYBACK_A,0.0,Historical,92.3,455,Circular Fund Flow
441,batch_441_loop_3,3,EMP_FRAUD_A -> VEND_SHELL_A -> SUB_PAYBACK_A -> EMP_FRAUD_A,SUB_PAYBACK_A,EMP_FRAUD_A,0.0,Historical,90.74,455,Circular Fund Flow
442,batch_442_loop_1,1,EMP_FRAUD_C -> VEND_SHELL_C -> SUB_PAYBACK_C -> EMP_FRAUD_C,EMP_FRAUD_C,VEND_SHELL_C,0.0,Historical,90.4,457,Circular Fund Flow
442,batch_442_loop_1,2,EMP_FRAUD_C -> VEND_SHELL_C -> SUB_PAYBACK_C -> EMP_FRAUD_C,VEND_SHELL_C,SUB_PAYBACK_C,0.0,Historical,95.0,457,Circular Fund Flow
442,batch_442_loop_1,3,EMP_FRAUD_C -> VEND_SHELL_C -> SUB_PAYBACK_C -> EMP_FRAUD_C,SUB_PAYBACK_C,EMP_FRAUD_C,0.0,Historical,98.26,457,Circular Fund Flow
442,batch_442_loop_2,1,EMP_FRAUD_B -> VEND_SHELL_B -> SUB_PAYBACK_B -> EMP_FRAUD_B,EMP_FRAUD_B,VEND_SHELL_B,0.0,Historical,90.45,457,Circular Fund Flow
442,batch_442_loop_2,2,EMP_FRAUD_B -> VEND_SHELL_B -> SUB_PAYBACK_B -> EMP_FRAUD_B,VEND_SHELL_B,SUB_PAYBACK_B,0.0,Historical,85.83,457,Circular Fund Flow
442,batch_442_loop_2,3,EMP_FRAUD_B -> VEND_SHELL_B -> SUB_PAYBACK_B -> EMP_FRAUD_B,SUB_PAYBACK_B,EMP_FRAUD_B,0.0,Historical,92.6,457,Circular Fund Flow
442,batch_442_loop_3,1,EMP_FRAUD_A -> VEND_SHELL_A -> SUB_PAYBACK_A -> EMP_FRAUD_A,EMP_FRAUD_A,VEND_SHELL_A,0.0,Historical,87.74,457,Circular Fund Flow
442,batch_442_loop_3,2,EMP_FRAUD_A -> VEND_SHELL_A -> SUB_PAYBACK_A -> EMP_FRAUD_A,VEND_SHELL_A,SUB_PAYBACK_A,0.0,Historical,91.92,457,Circular Fund Flow
442,batch_442_loop_3,3,EMP_FRAUD_A -> VEND_SHELL_A -> SUB_PAYBACK_A -> EMP_FRAUD_A,SUB_PAYBACK_A,EMP_FRAUD_A,0.0,Historical,93.08,457,Circular Fund Flow
443,batch_443_loop_1,1,EMP_FRAUD_C -> VEND_SHELL_C -> SUB_PAYBACK_C -> EMP_FRAUD_C,EMP_FRAUD_C,VEND_SHELL_C,0.0,Historical,97.99,457,Circular Fund Flow
443,batch_443_loop_1,2,EMP_FRAUD_C -> VEND_SHELL_C -> SUB_PAYBACK_C -> EMP_FRAUD_C,VEND_SHELL_C,SUB_PAYBACK_C,0.0,Historical,94.34,457,Circular Fund Flow
443,batch_443_loop_1,3,EMP_FRAUD_C -> VEND_SHELL_C -> SUB_PAYBACK_C -> EMP_FRAUD_C,SUB_PAYBACK_C,EMP_FRAUD_C,0.0,Historical,94.35,457,Circular Fund Flow
443,batch_443_loop_2,1,EMP_FRAUD_B -> VEND_SHELL_B -> SUB_PAYBACK_B -> EMP_FRAUD_B,EMP_FRAUD_B,VEND_SHELL_B,0.0,Historical,94.56,457,Circular Fund Flow
443,batch_443_loop_2,2,EMP_FRAUD_B -> VEND_SHELL_B -> SUB_PAYBACK_B -> EMP_FRAUD_B,VEND_SHELL_B,SUB_PAYBACK_B,0.0,Historical,90.27,457,Circular Fund Flow
443,batch_443_loop_2,3,EMP_FRAUD_B -> VEND_SHELL_B -> SUB_PAYBACK_B -> EMP_FRAUD_B,SUB_PAYBACK_B,EMP_FRAUD_B,0.0,Historical,91.85,457,Circular Fund Flow
443,batch_443_loop_3,1,EMP_FRAUD_A -> VEND_SHELL_A -> SUB_PAYBACK_A -> EMP_FRAUD_A,EMP_FRAUD_A,VEND_SHELL_A,0.0,Historical,91.65,457,Circular Fund Flow
443,batch_443_loop_3,2,EMP_FRAUD_A -> VEND_SHELL_A -> SUB_PAYBACK_A -> EMP_FRAUD_A,VEND_SHELL_A,SUB_PAYBACK_A,0.0,Historical,93.07,457,Circular Fund Flow
443,batch_443_loop_3,3,EMP_FRAUD_A -> VEND_SHELL_A -> SUB_PAYBACK_A -> EMP_FRAUD_A,SUB_PAYBACK_A,EMP_FRAUD_A,0.0,Historical,87.86,457,Circular Fund Flow
444,batch_444_loop_1,1,EMP_FRAUD_C -> VEND_SHELL_C -> SUB_PAYBACK_C -> EMP_FRAUD_C,EMP_FRAUD_C,VEND_SHELL_C,0.0,Historical,94.02,458,Circular Fund Flow
444,batch_444_loop_1,2,EMP_FRAUD_C -> VEND_SHELL_C -> SUB_PAYBACK_C -> EMP_FRAUD_C,VEND_SHELL_C,SUB_PAYBACK_C,0.0,Historical,97.44,458,Circular Fund Flow
444,batch_444_loop_1,3,EMP_FRAUD_C -> VEND_SHELL_C -> SUB_PAYBACK_C -> EMP_FRAUD_C,SUB_PAYBACK_C,EMP_FRAUD_C,0.0,Historical,93.12,458,Circular Fund Flow
444,batch_444_loop_2,1,EMP_FRAUD_B -> VEND_SHELL_B -> SUB_PAYBACK_B -> EMP_FRAUD_B,EMP_FRAUD_B,VEND_SHELL_B,0.0,Historical,89.89,458,Circular Fund Flow
444,batch_444_loop_2,2,EMP_FRAUD_B -> VEND_SHELL_B -> SUB_PAYBACK_B -> EMP_FRAUD_B,VEND_SHELL_B,SUB_PAYBACK_B,0.0,Historical,91.27,458,Circular Fund Flow
444,batch_444_loop_2,3,EMP_FRAUD_B -> VEND_SHELL_B -> SUB_PAYBACK_B -> EMP_FRAUD_B,SUB_PAYBACK_B,EMP_FRAUD_B,0.0,Historical,96.06,458,Circular Fund Flow
444,batch_444_loop_3,1,EMP_FRAUD_A -> VEND_SHELL_A -> SUB_PAYBACK_A -> EMP_FRAUD_A,EMP_FRAUD_A,VEND_SHELL_A,0.0,Historical,87.25,458,Circular Fund Flow
444,batch_444_loop_3,2,EMP_FRAUD_A -> VEND_SHELL_A -> SUB_PAYBACK_A -> EMP_FRAUD_A,VEND_SHELL_A,SUB_PAYBACK_A,0.0,Historical,93.93,458,Circular Fund Flow
444,batch_444_loop_3,3,EMP_FRAUD_A -> VEND_SHELL_A -> SUB_PAYBACK_A -> EMP_FRAUD_A,SUB_PAYBACK_A,EMP_FRAUD_A,0.0,Historical,93.37,458,Circular Fund Flow
445,batch_445_loop_1,1,EMP_FRAUD_C -> VEND_SHELL_C -> SUB_PAYBACK_C -> EMP_FRAUD_C,EMP_FRAUD_C,VEND_SHELL_C,0.0,Historical,86.57,457,Circular Fund Flow
445,batch_445_loop_1,2,EMP_FRAUD_C -> VEND_SHELL_C -> SUB_PAYBACK_C -> EMP_FRAUD_C,VEND_SHELL_C,SUB_PAYBACK_C,0.0,Historical,95.66,457,Circular Fund Flow
445,batch_445_loop_1,3,EMP_FRAUD_C -> VEND_SHELL_C -> SUB_PAYBACK_C -> EMP_FRAUD_C,SUB_PAYBACK_C,EMP_FRAUD_C,0.0,Historical,96.7,457,Circular Fund Flow
445,batch_445_loop_2,1,EMP_FRAUD_B -> VEND_SHELL_B -> SUB_PAYBACK_B -> EMP_FRAUD_B,EMP_FRAUD_B,VEND_SHELL_B,0.0,Historical,85.22,457,Circular Fund Flow
445,batch_445_loop_2,2,EMP_FRAUD_B -> VEND_SHELL_B -> SUB_PAYBACK_B -> EMP_FRAUD_B,VEND_SHELL_B,SUB_PAYBACK_B,0.0,Historical,96.9,457,Circular Fund Flow
445,batch_445_loop_2,3,EMP_FRAUD_B -> VEND_SHELL_B -> SUB_PAYBACK_B -> EMP_FRAUD_B,SUB_PAYBACK_B,EMP_FRAUD_B,0.0,Historical,88.32,457,Circular Fund Flow
445,batch_445_loop_3,1,EMP_FRAUD_A -> VEND_SHELL_A -> SUB_PAYBACK_A -> EMP_FRAUD_A,EMP_FRAUD_A,VEND_SHELL_A,0.0,Historical,94.68,457,Circular Fund Flow
445,batch_445_loop_3,2,EMP_FRAUD_A -> VEND_SHELL_A -> SUB_PAYBACK_A -> EMP_FRAUD_A,VEND_SHELL_A,SUB_PAYBACK_A,0.0,Historical,95.49,457,Circular Fund Flow
445,batch_445_loop_3,3,EMP_FRAUD_A -> VEND_SHELL_A -> SUB_PAYBACK_A -> EMP_FRAUD_A,SUB_PAYBACK_A,EMP_FRAUD_A,0.0,Historical,86.24,457,Circular Fund Flow
446,batch_446_loop_1,1,EMP_FRAUD_C -> VEND_SHELL_C -> SUB_PAYBACK_C -> EMP_FRAUD_C,EMP_FRAUD_C,VEND_SHELL_C,0.0,Historical,97.19,456,Circular Fund Flow
446,batch_446_loop_1,2,EMP_FRAUD_C -> VEND_SHELL_C -> SUB_PAYBACK_C -> EMP_FRAUD_C,VEND_SHELL_C,SUB_PAYBACK_C,0.0,Historical,86.35,456,Circular Fund Flow
446,batch_446_loop_1,3,EMP_FRAUD_C -> VEND_SHELL_C -> SUB_PAYBACK_C -> EMP_FRAUD_C,SUB_PAYBACK_C,EMP_FRAUD_C,0.0,Historical,91.82,456,Circular Fund Flow
446,batch_446_loop_2,1,EMP_FRAUD_B -> VEND_SHELL_B -> SUB_PAYBACK_B -> EMP_FRAUD_B,EMP_FRAUD_B,VEND_SHELL_B,0.0,Historical,86.15,456,Circular Fund Flow
446,batch_446_loop_2,2,EMP_FRAUD_B -> VEND_SHELL_B -> SUB_PAYBACK_B -> EMP_FRAUD_B,VEND_SHELL_B,SUB_PAYBACK_B,0.0,Historical,96.51,456,Circular Fund Flow
446,batch_446_loop_2,3,EMP_FRAUD_B -> VEND_SHELL_B -> SUB_PAYBACK_B -> EMP_FRAUD_B,SUB_PAYBACK_B,EMP_FRAUD_B,0.0,Historical,95.25,456,Circular Fund Flow
446,batch_446_loop_3,1,EMP_FRAUD_A -> VEND_SHELL_A -> SUB_PAYBACK_A -> EMP_FRAUD_A,EMP_FRAUD_A,VEND_SHELL_A,0.0,Historical,85.06,456,Circular Fund Flow
446,batch_446_loop_3,2,EMP_FRAUD_A -> VEND_SHELL_A -> SUB_PAYBACK_A -> EMP_FRAUD_A,VEND_SHELL_A,SUB_PAYBACK_A,0.0,Historical,93.54,456,Circular Fund Flow
446,batch_446_loop_3,3,EMP_FRAUD_A -> VEND_SHELL_A -> SUB_PAYBACK_A -> EMP_FRAUD_A,SUB_PAYBACK_A,EMP_FRAUD_A,0.0,Historical,86.78,456,Circular Fund Flow
447,batch_447_loop_1,1,EMP_FRAUD_C -> VEND_SHELL_C -> SUB_PAYBACK_C -> EMP_FRAUD_C,EMP_FRAUD_C,VEND_SHELL_C,0.0,Historical,90.22,455,Circular Fund Flow
447,batch_447_loop_1,2,EMP_FRAUD_C -> VEND_SHELL_C -> SUB_PAYBACK_C -> EMP_FRAUD_C,VEND_SHELL_C,SUB_PAYBACK_C,0.0,Historical,92.25,455,Circular Fund Flow
447,batch_447_loop_1,3,EMP_FRAUD_C -> VEND_SHELL_C -> SUB_PAYBACK_C -> EMP_FRAUD_C,SUB_PAYBACK_C,EMP_FRAUD_C,0.0,Historical,98.49,455,Circular Fund Flow
447,batch_447_loop_2,1,EMP_FRAUD_B -> VEND_SHELL_B -> SUB_PAYBACK_B -> EMP_FRAUD_B,EMP_FRAUD_B,VEND_SHELL_B,0.0,Historical,97.08,455,Circular Fund Flow
447,batch_447_loop_2,2,EMP_FRAUD_B -> VEND_SHELL_B -> SUB_PAYBACK_B -> EMP_FRAUD_B,VEND_SHELL_B,SUB_PAYBACK_B,0.0,Historical,89.31,455,Circular Fund Flow
447,batch_447_loop_2,3,EMP_FRAUD_B -> VEND_SHELL_B -> SUB_PAYBACK_B -> EMP_FRAUD_B,SUB_PAYBACK_B,EMP_FRAUD_B,0.0,Historical,86.13,455,Circular Fund Flow
447,batch_447_loop_3,1,EMP_FRAUD_A -> VEND_SHELL_A -> SUB_PAYBACK_A -> EMP_FRAUD_A,EMP_FRAUD_A,VEND_SHELL_A,0.0,Historical,90.02,455,Circular Fund Flow
447,batch_447_loop_3,2,EMP_FRAUD_A -> VEND_SHELL_A -> SUB_PAYBACK_A -> EMP_FRAUD_A,VEND_SHELL_A,SUB_PAYBACK_A,0.0,Historical,90.93,455,Circular Fund Flow
447,batch_447_loop_3,3,EMP_FRAUD_A -> VEND_SHELL_A -> SUB_PAYBACK_A -> EMP_FRAUD_A,SUB_PAYBACK_A,EMP_FRAUD_A,0.0,Historical,85.58,455,Circular Fund Flow
448,batch_448_loop_1,1,EMP_FRAUD_C -> VEND_SHELL_C -> SUB_PAYBACK_C -> EMP_FRAUD_C,EMP_FRAUD_C,VEND_SHELL_C,12630.24,2026-04-18T06:42:42Z,100.0,457,Circular Fund Flow
448,batch_448_loop_1,2,EMP_FRAUD_C -> VEND_SHELL_C -> SUB_PAYBACK_C -> EMP_FRAUD_C,VEND_SHELL_C,SUB_PAYBACK_C,10073.18,2026-04-18T06:42:42Z,100.0,457,Circular Fund Flow
448,batch_448_loop_1,3,EMP_FRAUD_C -> VEND_SHELL_C -> SUB_PAYBACK_C -> EMP_FRAUD_C,SUB_PAYBACK_C,EMP_FRAUD_C,14193.85,2026-04-18T06:42:42Z,100.0,457,Circular Fund Flow
448,batch_448_loop_2,1,EMP_FRAUD_B -> VEND_SHELL_B -> SUB_PAYBACK_B -> EMP_FRAUD_B,EMP_FRAUD_B,VEND_SHELL_B,9324.2,2026-04-18T06:42:42Z,100.0,457,Circular Fund Flow
448,batch_448_loop_2,2,EMP_FRAUD_B -> VEND_SHELL_B -> SUB_PAYBACK_B -> EMP_FRAUD_B,VEND_SHELL_B,SUB_PAYBACK_B,9245.36,2026-04-18T06:42:42Z,100.0,457,Circular Fund Flow
448,batch_448_loop_2,3,EMP_FRAUD_B -> VEND_SHELL_B -> SUB_PAYBACK_B -> EMP_FRAUD_B,SUB_PAYBACK_B,EMP_FRAUD_B,10427.61,2026-04-18T06:42:42Z,100.0,457,Circular Fund Flow
448,batch_448_loop_3,1,EMP_FRAUD_A -> VEND_SHELL_A -> SUB_PAYBACK_A -> EMP_FRAUD_A,EMP_FRAUD_A,VEND_SHELL_A,11034.76,2026-04-18T06:42:42Z,100.0,457,Circular Fund Flow
448,batch_448_loop_3,2,EMP_FRAUD_A -> VEND_SHELL_A -> SUB_PAYBACK_A -> EMP_FRAUD_A,VEND_SHELL_A,SUB_PAYBACK_A,12623.93,2026-04-18T06:42:42Z,100.0,457,Circular Fund Flow
448,batch_448_loop_3,3,EMP_FRAUD_A -> VEND_SHELL_A -> SUB_PAYBACK_A -> EMP_FRAUD_A,SUB_PAYBACK_A,EMP_FRAUD_A,12133.05,2026-04-18T06:42:42Z,100.0,457,Circular Fund Flow
449,batch_449_loop_1,1,EMP_FRAUD_C -> VEND_SHELL_C -> SUB_PAYBACK_C -> EMP_FRAUD_C,EMP_FRAUD_C,VEND_SHELL_C,0.0,Historical,85.44,455,Circular Fund Flow
449,batch_449_loop_1,2,EMP_FRAUD_C -> VEND_SHELL_C -> SUB_PAYBACK_C -> EMP_FRAUD_C,VEND_SHELL_C,SUB_PAYBACK_C,0.0,Historical,90.48,455,Circular Fund Flow
449,batch_449_loop_1,3,EMP_FRAUD_C -> VEND_SHELL_C -> SUB_PAYBACK_C -> EMP_FRAUD_C,SUB_PAYBACK_C,EMP_FRAUD_C,0.0,Historical,97.02,455,Circular Fund Flow
449,batch_449_loop_2,1,EMP_FRAUD_B -> VEND_SHELL_B -> SUB_PAYBACK_B -> EMP_FRAUD_B,EMP_FRAUD_B,VEND_SHELL_B,0.0,Historical,90.91,455,Circular Fund Flow
449,batch_449_loop_2,2,EMP_FRAUD_B -> VEND_SHELL_B -> SUB_PAYBACK_B -> EMP_FRAUD_B,VEND_SHELL_B,SUB_PAYBACK_B,0.0,Historical,96.77,455,Circular Fund Flow
449,batch_449_loop_2,3,EMP_FRAUD_B -> VEND_SHELL_B -> SUB_PAYBACK_B -> EMP_FRAUD_B,SUB_PAYBACK_B,EMP_FRAUD_B,0.0,Historical,86.84,455,Circular Fund Flow
449,batch_449_loop_3,1,EMP_FRAUD_A -> VEND_SHELL_A -> SUB_PAYBACK_A -> EMP_FRAUD_A,EMP_FRAUD_A,VEND_SHELL_A,0.0,Historical,85.92,455,Circular Fund Flow
449,batch_449_loop_3,2,EMP_FRAUD_A -> VEND_SHELL_A -> SUB_PAYBACK_A -> EMP_FRAUD_A,VEND_SHELL_A,SUB_PAYBACK_A,0.0,Historical,91.2,455,Circular Fund Flow
449,batch_449_loop_3,3,EMP_FRAUD_A -> VEND_SHELL_A -> SUB_PAYBACK_A -> EMP_FRAUD_A,SUB_PAYBACK_A,EMP_FRAUD_A,0.0,Historical,89.46,455,Circular Fund Flow
450,batch_450_loop_1,1,EMP_FRAUD_C -> VEND_SHELL_C -> SUB_PAYBACK_C -> EMP_FRAUD_C,EMP_FRAUD_C,VEND_SHELL_C,0.0,Historical,86.74,459,Circular Fund Flow
450,batch_450_loop_1,2,EMP_FRAUD_C -> VEND_SHELL_C -> SUB_PAYBACK_C -> EMP_FRAUD_C,VEND_SHELL_C,SUB_PAYBACK_C,0.0,Historical,98.81,459,Circular Fund Flow
450,batch_450_loop_1,3,EMP_FRAUD_C -> VEND_SHELL_C -> SUB_PAYBACK_C -> EMP_FRAUD_C,SUB_PAYBACK_C,EMP_FRAUD_C,0.0,Historical,90.37,459,Circular Fund Flow
450,batch_450_loop_2,1,EMP_FRAUD_B -> VEND_SHELL_B -> SUB_PAYBACK_B -> EMP_FRAUD_B,EMP_FRAUD_B,VEND_SHELL_B,0.0,Historical,93.34,459,Circular Fund Flow
450,batch_450_loop_2,2,EMP_FRAUD_B -> VEND_SHELL_B -> SUB_PAYBACK_B -> EMP_FRAUD_B,VEND_SHELL_B,SUB_PAYBACK_B,0.0,Historical,89.45,459,Circular Fund Flow
450,batch_450_loop_2,3,EMP_FRAUD_B -> VEND_SHELL_B -> SUB_PAYBACK_B -> EMP_FRAUD_B,SUB_PAYBACK_B,EMP_FRAUD_B,0.0,Historical,85.01,459,Circular Fund Flow
450,batch_450_loop_3,1,EMP_FRAUD_A -> VEND_SHELL_A -> SUB_PAYBACK_A -> EMP_FRAUD_A,EMP_FRAUD_A,VEND_SHELL_A,0.0,Historical,97.51,459,Circular Fund Flow
450,batch_450_loop_3,2,EMP_FRAUD_A -> VEND_SHELL_A -> SUB_PAYBACK_A -> EMP_FRAUD_A,VEND_SHELL_A,SUB_PAYBACK_A,0.0,Historical,88.29,459,Circular Fund Flow
450,batch_450_loop_3,3,EMP_FRAUD_A -> VEND_SHELL_A -> SUB_PAYBACK_A -> EMP_FRAUD_A,SUB_PAYBACK_A,EMP_FRAUD_A,0.0,Historical,98.99,459,Circular Fund Flow
451,batch_451_loop_1,1,EMP_FRAUD_C -> VEND_SHELL_C -> SUB_PAYBACK_C -> EMP_FRAUD_C,EMP_FRAUD_C,VEND_SHELL_C,0.0,Historical,96.3,459,Circular Fund Flow
451,batch_451_loop_1,2,EMP_FRAUD_C -> VEND_SHELL_C -> SUB_PAYBACK_C -> EMP_FRAUD_C,VEND_SHELL_C,SUB_PAYBACK_C,0.0,Historical,87.88,459,Circular Fund Flow
451,batch_451_loop_1,3,EMP_FRAUD_C -> VEND_SHELL_C -> SUB_PAYBACK_C -> EMP_FRAUD_C,SUB_PAYBACK_C,EMP_FRAUD_C,0.0,Historical,88.8,459,Circular Fund Flow
451,batch_451_loop_2,1,EMP_FRAUD_B -> VEND_SHELL_B -> SUB_PAYBACK_B -> EMP_FRAUD_B,EMP_FRAUD_B,VEND_SHELL_B,0.0,Historical,88.62,459,Circular Fund Flow
451,batch_451_loop_2,2,EMP_FRAUD_B -> VEND_SHELL_B -> SUB_PAYBACK_B -> EMP_FRAUD_B,VEND_SHELL_B,SUB_PAYBACK_B,0.0,Historical,91.61,459,Circular Fund Flow
451,batch_451_loop_2,3,EMP_FRAUD_B -> VEND_SHELL_B -> SUB_PAYBACK_B -> EMP_FRAUD_B,SUB_PAYBACK_B,EMP_FRAUD_B,0.0,Historical,90.15,459,Circular Fund Flow
451,batch_451_loop_3,1,EMP_FRAUD_A -> VEND_SHELL_A -> SUB_PAYBACK_A -> EMP_FRAUD_A,EMP_FRAUD_A,VEND_SHELL_A,0.0,Historical,90.23,459,Circular Fund Flow
451,batch_451_loop_3,2,EMP_FRAUD_A -> VEND_SHELL_A -> SUB_PAYBACK_A -> EMP_FRAUD_A,VEND_SHELL_A,SUB_PAYBACK_A,0.0,Historical,86.29,459,Circular Fund Flow
451,batch_451_loop_3,3,EMP_FRAUD_A -> VEND_SHELL_A -> SUB_PAYBACK_A -> EMP_FRAUD_A,SUB_PAYBACK_A,EMP_FRAUD_A,0.0,Historical,89.65,459,Circular Fund Flow
452,batch_452_loop_1,1,EMP_FRAUD_C -> VEND_SHELL_C -> SUB_PAYBACK_C -> EMP_FRAUD_C,EMP_FRAUD_C,VEND_SHELL_C,0.0,Historical,94.89,456,Circular Fund Flow
452,batch_452_loop_1,2,EMP_FRAUD_C -> VEND_SHELL_C -> SUB_PAYBACK_C -> EMP_FRAUD_C,VEND_SHELL_C,SUB_PAYBACK_C,0.0,Historical,91.96,456,Circular Fund Flow
452,batch_452_loop_1,3,EMP_FRAUD_C -> VEND_SHELL_C -> SUB_PAYBACK_C -> EMP_FRAUD_C,SUB_PAYBACK_C,EMP_FRAUD_C,0.0,Historical,92.21,456,Circular Fund Flow
452,batch_452_loop_2,1,EMP_FRAUD_B -> VEND_SHELL_B -> SUB_PAYBACK_B -> EMP_FRAUD_B,EMP_FRAUD_B,VEND_SHELL_B,0.0,Historical,85.43,456,Circular Fund Flow
452,batch_452_loop_2,2,EMP_FRAUD_B -> VEND_SHELL_B -> SUB_PAYBACK_B -> EMP_FRAUD_B,VEND_SHELL_B,SUB_PAYBACK_B,0.0,Historical,96.52,456,Circular Fund Flow
452,batch_452_loop_2,3,EMP_FRAUD_B -> VEND_SHELL_B -> SUB_PAYBACK_B -> EMP_FRAUD_B,SUB_PAYBACK_B,EMP_FRAUD_B,0.0,Historical,92.81,456,Circular Fund Flow
452,batch_452_loop_3,1,EMP_FRAUD_A -> VEND_SHELL_A -> SUB_PAYBACK_A -> EMP_FRAUD_A,EMP_FRAUD_A,VEND_SHELL_A,0.0,Historical,90.34,456,Circular Fund Flow
452,batch_452_loop_3,2,EMP_FRAUD_A -> VEND_SHELL_A -> SUB_PAYBACK_A -> EMP_FRAUD_A,VEND_SHELL_A,SUB_PAYBACK_A,0.0,Historical,85.04,456,Circular Fund Flow
452,batch_452_loop_3,3,EMP_FRAUD_A -> VEND_SHELL_A -> SUB_PAYBACK_A -> EMP_FRAUD_A,SUB_PAYBACK_A,EMP_FRAUD_A,0.0,Historical,86.13,456,Circular Fund Flow
453,batch_453_loop_1,1,EMP_FRAUD_C -> VEND_SHELL_C -> SUB_PAYBACK_C -> EMP_FRAUD_C,EMP_FRAUD_C,VEND_SHELL_C,0.0,Historical,91.94,454,Circular Fund Flow
453,batch_453_loop_1,2,EMP_FRAUD_C -> VEND_SHELL_C -> SUB_PAYBACK_C -> EMP_FRAUD_C,VEND_SHELL_C,SUB_PAYBACK_C,0.0,Historical,92.42,454,Circular Fund Flow
453,batch_453_loop_1,3,EMP_FRAUD_C -> VEND_SHELL_C -> SUB_PAYBACK_C -> EMP_FRAUD_C,SUB_PAYBACK_C,EMP_FRAUD_C,0.0,Historical,92.63,454,Circular Fund Flow
453,batch_453_loop_2,1,EMP_FRAUD_B -> VEND_SHELL_B -> SUB_PAYBACK_B -> EMP_FRAUD_B,EMP_FRAUD_B,VEND_SHELL_B,0.0,Historical,98.94,454,Circular Fund Flow
453,batch_453_loop_2,2,EMP_FRAUD_B -> VEND_SHELL_B -> SUB_PAYBACK_B -> EMP_FRAUD_B,VEND_SHELL_B,SUB_PAYBACK_B,0.0,Historical,88.79,454,Circular Fund Flow
453,batch_453_loop_2,3,EMP_FRAUD_B -> VEND_SHELL_B -> SUB_PAYBACK_B -> EMP_FRAUD_B,SUB_PAYBACK_B,EMP_FRAUD_B,0.0,Historical,87.84,454,Circular Fund Flow
453,batch_453_loop_3,1,EMP_FRAUD_A -> VEND_SHELL_A -> SUB_PAYBACK_A -> EMP_FRAUD_A,EMP_FRAUD_A,VEND_SHELL_A,0.0,Historical,97.91,454,Circular Fund Flow
453,batch_453_loop_3,2,EMP_FRAUD_A -> VEND_SHELL_A -> SUB_PAYBACK_A -> EMP_FRAUD_A,VEND_SHELL_A,SUB_PAYBACK_A,0.0,Historical,95.06,454,Circular Fund Flow
453,batch_453_loop_3,3,EMP_FRAUD_A -> VEND_SHELL_A -> SUB_PAYBACK_A -> EMP_FRAUD_A,SUB_PAYBACK_A,EMP_FRAUD_A,0.0,Historical,94.09,454,Circular Fund Flow
454,batch_454_loop_1,1,EMP_FRAUD_C -> VEND_SHELL_C -> SUB_PAYBACK_C -> EMP_FRAUD_C,EMP_FRAUD_C,VEND_SHELL_C,0.0,Historical,97.57,456,Circular Fund Flow
454,batch_454_loop_1,2,EMP_FRAUD_C -> VEND_SHELL_C -> SUB_PAYBACK_C -> EMP_FRAUD_C,VEND_SHELL_C,SUB_PAYBACK_C,0.0,Historical,96.83,456,Circular Fund Flow
454,batch_454_loop_1,3,EMP_FRAUD_C -> VEND_SHELL_C -> SUB_PAYBACK_C -> EMP_FRAUD_C,SUB_PAYBACK_C,EMP_FRAUD_C,0.0,Historical,85.01,456,Circular Fund Flow
454,batch_454_loop_2,1,EMP_FRAUD_B -> VEND_SHELL_B -> SUB_PAYBACK_B -> EMP_FRAUD_B,EMP_FRAUD_B,VEND_SHELL_B,0.0,Historical,95.95,456,Circular Fund Flow
454,batch_454_loop_2,2,EMP_FRAUD_B -> VEND_SHELL_B -> SUB_PAYBACK_B -> EMP_FRAUD_B,VEND_SHELL_B,SUB_PAYBACK_B,0.0,Historical,98.75,456,Circular Fund Flow
454,batch_454_loop_2,3,EMP_FRAUD_B -> VEND_SHELL_B -> SUB_PAYBACK_B -> EMP_FRAUD_B,SUB_PAYBACK_B,EMP_FRAUD_B,0.0,Historical,97.83,456,Circular Fund Flow
454,batch_454_loop_3,1,EMP_FRAUD_A -> VEND_SHELL_A -> SUB_PAYBACK_A -> EMP_FRAUD_A,EMP_FRAUD_A,VEND_SHELL_A,0.0,Historical,88.65,456,Circular Fund Flow
454,batch_454_loop_3,2,EMP_FRAUD_A -> VEND_SHELL_A -> SUB_PAYBACK_A -> EMP_FRAUD_A,VEND_SHELL_A,SUB_PAYBACK_A,0.0,Historical,92.02,456,Circular Fund Flow
454,batch_454_loop_3,3,EMP_FRAUD_A -> VEND_SHELL_A -> SUB_PAYBACK_A -> EMP_FRAUD_A,SUB_PAYBACK_A,EMP_FRAUD_A,0.0,Historical,96.32,456,Circular Fund Flow
455,batch_455_loop_1,1,EMP_FRAUD_C -> VEND_SHELL_C -> SUB_PAYBACK_C -> EMP_FRAUD_C,EMP_FRAUD_C,VEND_SHELL_C,0.0,Historical,91.57,456,Circular Fund Flow
455,batch_455_loop_1,2,EMP_FRAUD_C -> VEND_SHELL_C -> SUB_PAYBACK_C -> EMP_FRAUD_C,VEND_SHELL_C,SUB_PAYBACK_C,0.0,Historical,94.23,456,Circular Fund Flow
455,batch_455_loop_1,3,EMP_FRAUD_C -> VEND_SHELL_C -> SUB_PAYBACK_C -> EMP_FRAUD_C,SUB_PAYBACK_C,EMP_FRAUD_C,0.0,Historical,90.96,456,Circular Fund Flow
455,batch_455_loop_2,1,EMP_FRAUD_B -> VEND_SHELL_B -> SUB_PAYBACK_B -> EMP_FRAUD_B,EMP_FRAUD_B,VEND_SHELL_B,0.0,Historical,87.77,456,Circular Fund Flow
455,batch_455_loop_2,2,EMP_FRAUD_B -> VEND_SHELL_B -> SUB_PAYBACK_B -> EMP_FRAUD_B,VEND_SHELL_B,SUB_PAYBACK_B,0.0,Historical,92.66,456,Circular Fund Flow
455,batch_455_loop_2,3,EMP_FRAUD_B -> VEND_SHELL_B -> SUB_PAYBACK_B -> EMP_FRAUD_B,SUB_PAYBACK_B,EMP_FRAUD_B,0.0,Historical,93.96,456,Circular Fund Flow
455,batch_455_loop_3,1,EMP_FRAUD_A -> VEND_SHELL_A -> SUB_PAYBACK_A -> EMP_FRAUD_A,EMP_FRAUD_A,VEND_SHELL_A,0.0,Historical,88.54,456,Circular Fund Flow
455,batch_455_loop_3,2,EMP_FRAUD_A -> VEND_SHELL_A -> SUB_PAYBACK_A -> EMP_FRAUD_A,VEND_SHELL_A,SUB_PAYBACK_A,0.0,Historical,91.33,456,Circular Fund Flow
455,batch_455_loop_3,3,EMP_FRAUD_A -> VEND_SHELL_A -> SUB_PAYBACK_A -> EMP_FRAUD_A,SUB_PAYBACK_A,EMP_FRAUD_A,0.0,Historical,85.45,456,Circular Fund Flow
456,batch_456_loop_1,1,EMP_FRAUD_C -> VEND_SHELL_C -> SUB_PAYBACK_C -> EMP_FRAUD_C,EMP_FRAUD_C,VEND_SHELL_C,0.0,Historical,87.9,456,Circular Fund Flow
456,batch_456_loop_1,2,EMP_FRAUD_C -> VEND_SHELL_C -> SUB_PAYBACK_C -> EMP_FRAUD_C,VEND_SHELL_C,SUB_PAYBACK_C,0.0,Historical,88.09,456,Circular Fund Flow
456,batch_456_loop_1,3,EMP_FRAUD_C -> VEND_SHELL_C -> SUB_PAYBACK_C -> EMP_FRAUD_C,SUB_PAYBACK_C,EMP_FRAUD_C,0.0,Historical,95.79,456,Circular Fund Flow
456,batch_456_loop_2,1,EMP_FRAUD_B -> VEND_SHELL_B -> SUB_PAYBACK_B -> EMP_FRAUD_B,EMP_FRAUD_B,VEND_SHELL_B,0.0,Historical,92.02,456,Circular Fund Flow
456,batch_456_loop_2,2,EMP_FRAUD_B -> VEND_SHELL_B -> SUB_PAYBACK_B -> EMP_FRAUD_B,VEND_SHELL_B,SUB_PAYBACK_B,0.0,Historical,94.64,456,Circular Fund Flow
456,batch_456_loop_2,3,EMP_FRAUD_B -> VEND_SHELL_B -> SUB_PAYBACK_B -> EMP_FRAUD_B,SUB_PAYBACK_B,EMP_FRAUD_B,0.0,Historical,85.42,456,Circular Fund Flow
456,batch_456_loop_3,1,EMP_FRAUD_A -> VEND_SHELL_A -> SUB_PAYBACK_A -> EMP_FRAUD_A,EMP_FRAUD_A,VEND_SHELL_A,0.0,Historical,86.67,456,Circular Fund Flow
456,batch_456_loop_3,2,EMP_FRAUD_A -> VEND_SHELL_A -> SUB_PAYBACK_A -> EMP_FRAUD_A,VEND_SHELL_A,SUB_PAYBACK_A,0.0,Historical,89.9,456,Circular Fund Flow
456,batch_456_loop_3,3,EMP_FRAUD_A -> VEND_SHELL_A -> SUB_PAYBACK_A -> EMP_FRAUD_A,SUB_PAYBACK_A,EMP_FRAUD_A,0.0,Historical,93.52,456,Circular Fund Flow
457,batch_457_loop_1,1,EMP_FRAUD_C -> VEND_SHELL_C -> SUB_PAYBACK_C -> EMP_FRAUD_C,EMP_FRAUD_C,VEND_SHELL_C,0.0,Historical,94.9,455,Circular Fund Flow
457,batch_457_loop_1,2,EMP_FRAUD_C -> VEND_SHELL_C -> SUB_PAYBACK_C -> EMP_FRAUD_C,VEND_SHELL_C,SUB_PAYBACK_C,0.0,Historical,91.45,455,Circular Fund Flow
457,batch_457_loop_1,3,EMP_FRAUD_C -> VEND_SHELL_C -> SUB_PAYBACK_C -> EMP_FRAUD_C,SUB_PAYBACK_C,EMP_FRAUD_C,0.0,Historical,94.42,455,Circular Fund Flow
457,batch_457_loop_2,1,EMP_FRAUD_B -> VEND_SHELL_B -> SUB_PAYBACK_B -> EMP_FRAUD_B,EMP_FRAUD_B,VEND_SHELL_B,0.0,Historical,86.61,455,Circular Fund Flow
457,batch_457_loop_2,2,EMP_FRAUD_B -> VEND_SHELL_B -> SUB_PAYBACK_B -> EMP_FRAUD_B,VEND_SHELL_B,SUB_PAYBACK_B,0.0,Historical,89.97,455,Circular Fund Flow
457,batch_457_loop_2,3,EMP_FRAUD_B -> VEND_SHELL_B -> SUB_PAYBACK_B -> EMP_FRAUD_B,SUB_PAYBACK_B,EMP_FRAUD_B,0.0,Historical,85.48,455,Circular Fund Flow
457,batch_457_loop_3,1,EMP_FRAUD_A -> VEND_SHELL_A -> SUB_PAYBACK_A -> EMP_FRAUD_A,EMP_FRAUD_A,VEND_SHELL_A,0.0,Historical,93.7,455,Circular Fund Flow
457,batch_457_loop_3,2,EMP_FRAUD_A -> VEND_SHELL_A -> SUB_PAYBACK_A -> EMP_FRAUD_A,VEND_SHELL_A,SUB_PAYBACK_A,0.0,Historical,85.17,455,Circular Fund Flow
457,batch_457_loop_3,3,EMP_FRAUD_A -> VEND_SHELL_A -> SUB_PAYBACK_A -> EMP_FRAUD_A,SUB_PAYBACK_A,EMP_FRAUD_A,0.0,Historical,86.15,455,Circular Fund Flow
458,batch_458_loop_1,1,EMP_FRAUD_C -> VEND_SHELL_C -> SUB_PAYBACK_C -> EMP_FRAUD_C,EMP_FRAUD_C,VEND_SHELL_C,0.0,Historical,93.01,457,Circular Fund Flow
458,batch_458_loop_1,2,EMP_FRAUD_C -> VEND_SHELL_C -> SUB_PAYBACK_C -> EMP_FRAUD_C,VEND_SHELL_C,SUB_PAYBACK_C,0.0,Historical,91.48,457,Circular Fund Flow
458,batch_458_loop_1,3,EMP_FRAUD_C -> VEND_SHELL_C -> SUB_PAYBACK_C -> EMP_FRAUD_C,SUB_PAYBACK_C,EMP_FRAUD_C,0.0,Historical,87.97,457,Circular Fund Flow
458,batch_458_loop_2,1,EMP_FRAUD_B -> VEND_SHELL_B -> SUB_PAYBACK_B -> EMP_FRAUD_B,EMP_FRAUD_B,VEND_SHELL_B,0.0,Historical,97.85,457,Circular Fund Flow
458,batch_458_loop_2,2,EMP_FRAUD_B -> VEND_SHELL_B -> SUB_PAYBACK_B -> EMP_FRAUD_B,VEND_SHELL_B,SUB_PAYBACK_B,0.0,Historical,98.69,457,Circular Fund Flow
458,batch_458_loop_2,3,EMP_FRAUD_B -> VEND_SHELL_B -> SUB_PAYBACK_B -> EMP_FRAUD_B,SUB_PAYBACK_B,EMP_FRAUD_B,0.0,Historical,95.49,457,Circular Fund Flow
458,batch_458_loop_3,1,EMP_FRAUD_A -> VEND_SHELL_A -> SUB_PAYBACK_A -> EMP_FRAUD_A,EMP_FRAUD_A,VEND_SHELL_A,0.0,Historical,98.47,457,Circular Fund Flow
458,batch_458_loop_3,2,EMP_FRAUD_A -> VEND_SHELL_A -> SUB_PAYBACK_A -> EMP_FRAUD_A,VEND_SHELL_A,SUB_PAYBACK_A,0.0,Historical,94.32,457,Circular Fund Flow
458,batch_458_loop_3,3,EMP_FRAUD_A -> VEND_SHELL_A -> SUB_PAYBACK_A -> EMP_FRAUD_A,SUB_PAYBACK_A,EMP_FRAUD_A,0.0,Historical,87.1,457,Circular Fund Flow
459,batch_459_loop_1,1,EMP_FRAUD_C -> VEND_SHELL_C -> SUB_PAYBACK_C -> EMP_FRAUD_C,EMP_FRAUD_C,VEND_SHELL_C,0.0,Historical,94.7,456,Circular Fund Flow
459,batch_459_loop_1,2,EMP_FRAUD_C -> VEND_SHELL_C -> SUB_PAYBACK_C -> EMP_FRAUD_C,VEND_SHELL_C,SUB_PAYBACK_C,0.0,Historical,90.9,456,Circular Fund Flow
459,batch_459_loop_1,3,EMP_FRAUD_C -> VEND_SHELL_C -> SUB_PAYBACK_C -> EMP_FRAUD_C,SUB_PAYBACK_C,EMP_FRAUD_C,0.0,Historical,93.63,456,Circular Fund Flow
459,batch_459_loop_2,1,EMP_FRAUD_B -> VEND_SHELL_B -> SUB_PAYBACK_B -> EMP_FRAUD_B,EMP_FRAUD_B,VEND_SHELL_B,0.0,Historical,90.51,456,Circular Fund Flow
459,batch_459_loop_2,2,EMP_FRAUD_B -> VEND_SHELL_B -> SUB_PAYBACK_B -> EMP_FRAUD_B,VEND_SHELL_B,SUB_PAYBACK_B,0.0,Historical,86.71,456,Circular Fund Flow
459,batch_459_loop_2,3,EMP_FRAUD_B -> VEND_SHELL_B -> SUB_PAYBACK_B -> EMP_FRAUD_B,SUB_PAYBACK_B,EMP_FRAUD_B,0.0,Historical,94.98,456,Circular Fund Flow
459,batch_459_loop_3,1,EMP_FRAUD_A -> VEND_SHELL_A -> SUB_PAYBACK_A -> EMP_FRAUD_A,EMP_FRAUD_A,VEND_SHELL_A,0.0,Historical,96.71,456,Circular Fund Flow
459,batch_459_loop_3,2,EMP_FRAUD_A -> VEND_SHELL_A -> SUB_PAYBACK_A -> EMP_FRAUD_A,VEND_SHELL_A,SUB_PAYBACK_A,0.0,Historical,89.94,456,Circular Fund Flow
459,batch_459_loop_3,3,EMP_FRAUD_A -> VEND_SHELL_A -> SUB_PAYBACK_A -> EMP_FRAUD_A,SUB_PAYBACK_A,EMP_FRAUD_A,0.0,Historical,89.17,456,Circular Fund Flow
460,batch_460_loop_1,1,EMP_FRAUD_C -> VEND_SHELL_C -> SUB_PAYBACK_C -> EMP_FRAUD_C,EMP_FRAUD_C,VEND_SHELL_C,0.0,Historical,88.88,456,Circular Fund Flow
460,batch_460_loop_1,2,EMP_FRAUD_C -> VEND_SHELL_C -> SUB_PAYBACK_C -> EMP_FRAUD_C,VEND_SHELL_C,SUB_PAYBACK_C,0.0,Historical,87.33,456,Circular Fund Flow
460,batch_460_loop_1,3,EMP_FRAUD_C -> VEND_SHELL_C -> SUB_PAYBACK_C -> EMP_FRAUD_C,SUB_PAYBACK_C,EMP_FRAUD_C,0.0,Historical,95.07,456,Circular Fund Flow
460,batch_460_loop_2,1,EMP_FRAUD_B -> VEND_SHELL_B -> SUB_PAYBACK_B -> EMP_FRAUD_B,EMP_FRAUD_B,VEND_SHELL_B,0.0,Historical,93.98,456,Circular Fund Flow
460,batch_460_loop_2,2,EMP_FRAUD_B -> VEND_SHELL_B -> SUB_PAYBACK_B -> EMP_FRAUD_B,VEND_SHELL_B,SUB_PAYBACK_B,0.0,Historical,93.88,456,Circular Fund Flow
460,batch_460_loop_2,3,EMP_FRAUD_B -> VEND_SHELL_B -> SUB_PAYBACK_B -> EMP_FRAUD_B,SUB_PAYBACK_B,EMP_FRAUD_B,0.0,Historical,85.28,456,Circular Fund Flow
460,batch_460_loop_3,1,EMP_FRAUD_A -> VEND_SHELL_A -> SUB_PAYBACK_A -> EMP_FRAUD_A,EMP_FRAUD_A,VEND_SHELL_A,0.0,Historical,89.95,456,Circular Fund Flow
460,batch_460_loop_3,2,EMP_FRAUD_A -> VEND_SHELL_A -> SUB_PAYBACK_A -> EMP_FRAUD_A,VEND_SHELL_A,SUB_PAYBACK_A,0.0,Historical,90.45,456,Circular Fund Flow
460,batch_460_loop_3,3,EMP_FRAUD_A -> VEND_SHELL_A -> SUB_PAYBACK_A -> EMP_FRAUD_A,SUB_PAYBACK_A,EMP_FRAUD_A,0.0,Historical,92.4,456,Circular Fund Flow
461,batch_461_loop_1,1,EMP_FRAUD_C -> VEND_SHELL_C -> SUB_PAYBACK_C -> EMP_FRAUD_C,EMP_FRAUD_C,VEND_SHELL_C,0.0,Historical,94.2,455,Circular Fund Flow
461,batch_461_loop_1,2,EMP_FRAUD_C -> VEND_SHELL_C -> SUB_PAYBACK_C -> EMP_FRAUD_C,VEND_SHELL_C,SUB_PAYBACK_C,0.0,Historical,94.87,455,Circular Fund Flow
461,batch_461_loop_1,3,EMP_FRAUD_C -> VEND_SHELL_C -> SUB_PAYBACK_C -> EMP_FRAUD_C,SUB_PAYBACK_C,EMP_FRAUD_C,0.0,Historical,96.05,455,Circular Fund Flow
461,batch_461_loop_2,1,EMP_FRAUD_B -> VEND_SHELL_B -> SUB_PAYBACK_B -> EMP_FRAUD_B,EMP_FRAUD_B,VEND_SHELL_B,0.0,Historical,87.87,455,Circular Fund Flow
461,batch_461_loop_2,2,EMP_FRAUD_B -> VEND_SHELL_B -> SUB_PAYBACK_B -> EMP_FRAUD_B,VEND_SHELL_B,SUB_PAYBACK_B,0.0,Historical,96.53,455,Circular Fund Flow
461,batch_461_loop_2,3,EMP_FRAUD_B -> VEND_SHELL_B -> SUB_PAYBACK_B -> EMP_FRAUD_B,SUB_PAYBACK_B,EMP_FRAUD_B,0.0,Historical,87.15,455,Circular Fund Flow
461,batch_461_loop_3,1,EMP_FRAUD_A -> VEND_SHELL_A -> SUB_PAYBACK_A -> EMP_FRAUD_A,EMP_FRAUD_A,VEND_SHELL_A,0.0,Historical,94.05,455,Circular Fund Flow
461,batch_461_loop_3,2,EMP_FRAUD_A -> VEND_SHELL_A -> SUB_PAYBACK_A -> EMP_FRAUD_A,VEND_SHELL_A,SUB_PAYBACK_A,0.0,Historical,85.09,455,Circular Fund Flow
461,batch_461_loop_3,3,EMP_FRAUD_A -> VEND_SHELL_A -> SUB_PAYBACK_A -> EMP_FRAUD_A,SUB_PAYBACK_A,EMP_FRAUD_A,0.0,Historical,87.56,455,Circular Fund Flow
462,batch_462_loop_1,1,EMP_FRAUD_C -> VEND_SHELL_C -> SUB_PAYBACK_C -> EMP_FRAUD_C,EMP_FRAUD_C,VEND_SHELL_C,0.0,Historical,90.79,457,Circular Fund Flow
462,batch_462_loop_1,2,EMP_FRAUD_C -> VEND_SHELL_C -> SUB_PAYBACK_C -> EMP_FRAUD_C,VEND_SHELL_C,SUB_PAYBACK_C,0.0,Historical,91.8,457,Circular Fund Flow
462,batch_462_loop_1,3,EMP_FRAUD_C -> VEND_SHELL_C -> SUB_PAYBACK_C -> EMP_FRAUD_C,SUB_PAYBACK_C,EMP_FRAUD_C,0.0,Historical,96.96,457,Circular Fund Flow
462,batch_462_loop_2,1,EMP_FRAUD_B -> VEND_SHELL_B -> SUB_PAYBACK_B -> EMP_FRAUD_B,EMP_FRAUD_B,VEND_SHELL_B,0.0,Historical,86.61,457,Circular Fund Flow
462,batch_462_loop_2,2,EMP_FRAUD_B -> VEND_SHELL_B -> SUB_PAYBACK_B -> EMP_FRAUD_B,VEND_SHELL_B,SUB_PAYBACK_B,0.0,Historical,87.96,457,Circular Fund Flow
462,batch_462_loop_2,3,EMP_FRAUD_B -> VEND_SHELL_B -> SUB_PAYBACK_B -> EMP_FRAUD_B,SUB_PAYBACK_B,EMP_FRAUD_B,0.0,Historical,92.27,457,Circular Fund Flow
462,batch_462_loop_3,1,EMP_FRAUD_A -> VEND_SHELL_A -> SUB_PAYBACK_A -> EMP_FRAUD_A,EMP_FRAUD_A,VEND_SHELL_A,0.0,Historical,91.8,457,Circular Fund Flow
462,batch_462_loop_3,2,EMP_FRAUD_A -> VEND_SHELL_A -> SUB_PAYBACK_A -> EMP_FRAUD_A,VEND_SHELL_A,SUB_PAYBACK_A,0.0,Historical,91.79,457,Circular Fund Flow
462,batch_462_loop_3,3,EMP_FRAUD_A -> VEND_SHELL_A -> SUB_PAYBACK_A -> EMP_FRAUD_A,SUB_PAYBACK_A,EMP_FRAUD_A,0.0,Historical,92.53,457,Circular Fund Flow
463,batch_463_loop_1,1,EMP_FRAUD_C -> VEND_SHELL_C -> SUB_PAYBACK_C -> EMP_FRAUD_C,EMP_FRAUD_C,VEND_SHELL_C,0.0,Historical,93.41,457,Circular Fund Flow
463,batch_463_loop_1,2,EMP_FRAUD_C -> VEND_SHELL_C -> SUB_PAYBACK_C -> EMP_FRAUD_C,VEND_SHELL_C,SUB_PAYBACK_C,0.0,Historical,97.3,457,Circular Fund Flow
463,batch_463_loop_1,3,EMP_FRAUD_C -> VEND_SHELL_C -> SUB_PAYBACK_C -> EMP_FRAUD_C,SUB_PAYBACK_C,EMP_FRAUD_C,0.0,Historical,92.85,457,Circular Fund Flow
463,batch_463_loop_2,1,EMP_FRAUD_B -> VEND_SHELL_B -> SUB_PAYBACK_B -> EMP_FRAUD_B,EMP_FRAUD_B,VEND_SHELL_B,0.0,Historical,94.52,457,Circular Fund Flow
463,batch_463_loop_2,2,EMP_FRAUD_B -> VEND_SHELL_B -> SUB_PAYBACK_B -> EMP_FRAUD_B,VEND_SHELL_B,SUB_PAYBACK_B,0.0,Historical,89.61,457,Circular Fund Flow
463,batch_463_loop_2,3,EMP_FRAUD_B -> VEND_SHELL_B -> SUB_PAYBACK_B -> EMP_FRAUD_B,SUB_PAYBACK_B,EMP_FRAUD_B,0.0,Historical,87.72,457,Circular Fund Flow
463,batch_463_loop_3,1,EMP_FRAUD_A -> VEND_SHELL_A -> SUB_PAYBACK_A -> EMP_FRAUD_A,EMP_FRAUD_A,VEND_SHELL_A,0.0,Historical,96.4,457,Circular Fund Flow
463,batch_463_loop_3,2,EMP_FRAUD_A -> VEND_SHELL_A -> SUB_PAYBACK_A -> EMP_FRAUD_A,VEND_SHELL_A,SUB_PAYBACK_A,0.0,Historical,90.31,457,Circular Fund Flow
463,batch_463_loop_3,3,EMP_FRAUD_A -> VEND_SHELL_A -> SUB_PAYBACK_A -> EMP_FRAUD_A,SUB_PAYBACK_A,EMP_FRAUD_A,0.0,Historical,92.12,457,Circular Fund Flow
464,batch_464_loop_1,1,EMP_FRAUD_C -> VEND_SHELL_C -> SUB_PAYBACK_C -> EMP_FRAUD_C,EMP_FRAUD_C,VEND_SHELL_C,0.0,Historical,92.57,458,Circular Fund Flow
464,batch_464_loop_1,2,EMP_FRAUD_C -> VEND_SHELL_C -> SUB_PAYBACK_C -> EMP_FRAUD_C,VEND_SHELL_C,SUB_PAYBACK_C,0.0,Historical,91.73,458,Circular Fund Flow
464,batch_464_loop_1,3,EMP_FRAUD_C -> VEND_SHELL_C -> SUB_PAYBACK_C -> EMP_FRAUD_C,SUB_PAYBACK_C,EMP_FRAUD_C,0.0,Historical,98.55,458,Circular Fund Flow
464,batch_464_loop_2,1,EMP_FRAUD_B -> VEND_SHELL_B -> SUB_PAYBACK_B -> EMP_FRAUD_B,EMP_FRAUD_B,VEND_SHELL_B,0.0,Historical,85.35,458,Circular Fund Flow
464,batch_464_loop_2,2,EMP_FRAUD_B -> VEND_SHELL_B -> SUB_PAYBACK_B -> EMP_FRAUD_B,VEND_SHELL_B,SUB_PAYBACK_B,0.0,Historical,91.17,458,Circular Fund Flow
464,batch_464_loop_2,3,EMP_FRAUD_B -> VEND_SHELL_B -> SUB_PAYBACK_B -> EMP_FRAUD_B,SUB_PAYBACK_B,EMP_FRAUD_B,0.0,Historical,96.97,458,Circular Fund Flow
464,batch_464_loop_3,1,EMP_FRAUD_A -> VEND_SHELL_A -> SUB_PAYBACK_A -> EMP_FRAUD_A,EMP_FRAUD_A,VEND_SHELL_A,0.0,Historical,96.54,458,Circular Fund Flow
464,batch_464_loop_3,2,EMP_FRAUD_A -> VEND_SHELL_A -> SUB_PAYBACK_A -> EMP_FRAUD_A,VEND_SHELL_A,SUB_PAYBACK_A,0.0,Historical,96.63,458,Circular Fund Flow
464,batch_464_loop_3,3,EMP_FRAUD_A -> VEND_SHELL_A -> SUB_PAYBACK_A -> EMP_FRAUD_A,SUB_PAYBACK_A,EMP_FRAUD_A,0.0,Historical,96.11,458,Circular Fund Flow
465,batch_465_loop_1,1,EMP_FRAUD_C -> VEND_SHELL_C -> SUB_PAYBACK_C -> EMP_FRAUD_C,EMP_FRAUD_C,VEND_SHELL_C,0.0,Historical,86.09,455,Circular Fund Flow
465,batch_465_loop_1,2,EMP_FRAUD_C -> VEND_SHELL_C -> SUB_PAYBACK_C -> EMP_FRAUD_C,VEND_SHELL_C,SUB_PAYBACK_C,0.0,Historical,95.7,455,Circular Fund Flow
465,batch_465_loop_1,3,EMP_FRAUD_C -> VEND_SHELL_C -> SUB_PAYBACK_C -> EMP_FRAUD_C,SUB_PAYBACK_C,EMP_FRAUD_C,0.0,Historical,87.92,455,Circular Fund Flow
465,batch_465_loop_2,1,EMP_FRAUD_B -> VEND_SHELL_B -> SUB_PAYBACK_B -> EMP_FRAUD_B,EMP_FRAUD_B,VEND_SHELL_B,0.0,Historical,94.64,455,Circular Fund Flow
465,batch_465_loop_2,2,EMP_FRAUD_B -> VEND_SHELL_B -> SUB_PAYBACK_B -> EMP_FRAUD_B,VEND_SHELL_B,SUB_PAYBACK_B,0.0,Historical,98.69,455,Circular Fund Flow
465,batch_465_loop_2,3,EMP_FRAUD_B -> VEND_SHELL_B -> SUB_PAYBACK_B -> EMP_FRAUD_B,SUB_PAYBACK_B,EMP_FRAUD_B,0.0,Historical,88.43,455,Circular Fund Flow
465,batch_465_loop_3,1,EMP_FRAUD_A -> VEND_SHELL_A -> SUB_PAYBACK_A -> EMP_FRAUD_A,EMP_FRAUD_A,VEND_SHELL_A,0.0,Historical,91.54,455,Circular Fund Flow
465,batch_465_loop_3,2,EMP_FRAUD_A -> VEND_SHELL_A -> SUB_PAYBACK_A -> EMP_FRAUD_A,VEND_SHELL_A,SUB_PAYBACK_A,0.0,Historical,87.6,455,Circular Fund Flow
465,batch_465_loop_3,3,EMP_FRAUD_A -> VEND_SHELL_A -> SUB_PAYBACK_A -> EMP_FRAUD_A,SUB_PAYBACK_A,EMP_FRAUD_A,0.0,Historical,93.58,455,Circular Fund Flow
466,batch_466_loop_1,1,EMP_FRAUD_C -> VEND_SHELL_C -> SUB_PAYBACK_C -> EMP_FRAUD_C,EMP_FRAUD_C,VEND_SHELL_C,0.0,Historical,98.18,458,Circular Fund Flow
466,batch_466_loop_1,2,EMP_FRAUD_C -> VEND_SHELL_C -> SUB_PAYBACK_C -> EMP_FRAUD_C,VEND_SHELL_C,SUB_PAYBACK_C,0.0,Historical,97.17,458,Circular Fund Flow
466,batch_466_loop_1,3,EMP_FRAUD_C -> VEND_SHELL_C -> SUB_PAYBACK_C -> EMP_FRAUD_C,SUB_PAYBACK_C,EMP_FRAUD_C,0.0,Historical,89.85,458,Circular Fund Flow
466,batch_466_loop_2,1,EMP_FRAUD_B -> VEND_SHELL_B -> SUB_PAYBACK_B -> EMP_FRAUD_B,EMP_FRAUD_B,VEND_SHELL_B,0.0,Historical,87.09,458,Circular Fund Flow
466,batch_466_loop_2,2,EMP_FRAUD_B -> VEND_SHELL_B -> SUB_PAYBACK_B -> EMP_FRAUD_B,VEND_SHELL_B,SUB_PAYBACK_B,0.0,Historical,85.7,458,Circular Fund Flow
466,batch_466_loop_2,3,EMP_FRAUD_B -> VEND_SHELL_B -> SUB_PAYBACK_B -> EMP_FRAUD_B,SUB_PAYBACK_B,EMP_FRAUD_B,0.0,Historical,97.03,458,Circular Fund Flow
466,batch_466_loop_3,1,EMP_FRAUD_A -> VEND_SHELL_A -> SUB_PAYBACK_A -> EMP_FRAUD_A,EMP_FRAUD_A,VEND_SHELL_A,0.0,Historical,86.46,458,Circular Fund Flow
466,batch_466_loop_3,2,EMP_FRAUD_A -> VEND_SHELL_A -> SUB_PAYBACK_A -> EMP_FRAUD_A,VEND_SHELL_A,SUB_PAYBACK_A,0.0,Historical,95.86,458,Circular Fund Flow
466,batch_466_loop_3,3,EMP_FRAUD_A -> VEND_SHELL_A -> SUB_PAYBACK_A -> EMP_FRAUD_A,SUB_PAYBACK_A,EMP_FRAUD_A,0.0,Historical,97.73,458,Circular Fund Flow
467,batch_467_loop_1,1,EMP_FRAUD_C -> VEND_SHELL_C -> SUB_PAYBACK_C -> EMP_FRAUD_C,EMP_FRAUD_C,VEND_SHELL_C,0.0,Historical,94.94,461,Circular Fund Flow
467,batch_467_loop_1,2,EMP_FRAUD_C -> VEND_SHELL_C -> SUB_PAYBACK_C -> EMP_FRAUD_C,VEND_SHELL_C,SUB_PAYBACK_C,0.0,Historical,96.98,461,Circular Fund Flow
467,batch_467_loop_1,3,EMP_FRAUD_C -> VEND_SHELL_C -> SUB_PAYBACK_C -> EMP_FRAUD_C,SUB_PAYBACK_C,EMP_FRAUD_C,0.0,Historical,87.82,461,Circular Fund Flow
467,batch_467_loop_2,1,EMP_FRAUD_B -> VEND_SHELL_B -> SUB_PAYBACK_B -> EMP_FRAUD_B,EMP_FRAUD_B,VEND_SHELL_B,0.0,Historical,92.74,461,Circular Fund Flow
467,batch_467_loop_2,2,EMP_FRAUD_B -> VEND_SHELL_B -> SUB_PAYBACK_B -> EMP_FRAUD_B,VEND_SHELL_B,SUB_PAYBACK_B,0.0,Historical,85.82,461,Circular Fund Flow
467,batch_467_loop_2,3,EMP_FRAUD_B -> VEND_SHELL_B -> SUB_PAYBACK_B -> EMP_FRAUD_B,SUB_PAYBACK_B,EMP_FRAUD_B,0.0,Historical,87.38,461,Circular Fund Flow
467,batch_467_loop_3,1,EMP_FRAUD_A -> VEND_SHELL_A -> SUB_PAYBACK_A -> EMP_FRAUD_A,EMP_FRAUD_A,VEND_SHELL_A,0.0,Historical,96.83,461,Circular Fund Flow
467,batch_467_loop_3,2,EMP_FRAUD_A -> VEND_SHELL_A -> SUB_PAYBACK_A -> EMP_FRAUD_A,VEND_SHELL_A,SUB_PAYBACK_A,0.0,Historical,86.35,461,Circular Fund Flow
467,batch_467_loop_3,3,EMP_FRAUD_A -> VEND_SHELL_A -> SUB_PAYBACK_A -> EMP_FRAUD_A,SUB_PAYBACK_A,EMP_FRAUD_A,0.0,Historical,88.17,461,Circular Fund Flow
468,batch_468_loop_1,1,EMP_FRAUD_C -> VEND_SHELL_C -> SUB_PAYBACK_C -> EMP_FRAUD_C,EMP_FRAUD_C,VEND_SHELL_C,0.0,Historical,92.85,458,Circular Fund Flow
468,batch_468_loop_1,2,EMP_FRAUD_C -> VEND_SHELL_C -> SUB_PAYBACK_C -> EMP_FRAUD_C,VEND_SHELL_C,SUB_PAYBACK_C,0.0,Historical,96.09,458,Circular Fund Flow
468,batch_468_loop_1,3,EMP_FRAUD_C -> VEND_SHELL_C -> SUB_PAYBACK_C -> EMP_FRAUD_C,SUB_PAYBACK_C,EMP_FRAUD_C,0.0,Historical,89.53,458,Circular Fund Flow
468,batch_468_loop_2,1,EMP_FRAUD_B -> VEND_SHELL_B -> SUB_PAYBACK_B -> EMP_FRAUD_B,EMP_FRAUD_B,VEND_SHELL_B,0.0,Historical,95.34,458,Circular Fund Flow
468,batch_468_loop_2,2,EMP_FRAUD_B -> VEND_SHELL_B -> SUB_PAYBACK_B -> EMP_FRAUD_B,VEND_SHELL_B,SUB_PAYBACK_B,0.0,Historical,96.61,458,Circular Fund Flow
468,batch_468_loop_2,3,EMP_FRAUD_B -> VEND_SHELL_B -> SUB_PAYBACK_B -> EMP_FRAUD_B,SUB_PAYBACK_B,EMP_FRAUD_B,0.0,Historical,86.41,458,Circular Fund Flow
468,batch_468_loop_3,1,EMP_FRAUD_A -> VEND_SHELL_A -> SUB_PAYBACK_A -> EMP_FRAUD_A,EMP_FRAUD_A,VEND_SHELL_A,0.0,Historical,93.86,458,Circular Fund Flow
468,batch_468_loop_3,2,EMP_FRAUD_A -> VEND_SHELL_A -> SUB_PAYBACK_A -> EMP_FRAUD_A,VEND_SHELL_A,SUB_PAYBACK_A,0.0,Historical,96.1,458,Circular Fund Flow
468,batch_468_loop_3,3,EMP_FRAUD_A -> VEND_SHELL_A -> SUB_PAYBACK_A -> EMP_FRAUD_A,SUB_PAYBACK_A,EMP_FRAUD_A,0.0,Historical,89.24,458,Circular Fund Flow
469,batch_469_loop_1,1,EMP_FRAUD_C -> VEND_SHELL_C -> SUB_PAYBACK_C -> EMP_FRAUD_C,EMP_FRAUD_C,VEND_SHELL_C,0.0,Historical,86.86,456,Circular Fund Flow
469,batch_469_loop_1,2,EMP_FRAUD_C -> VEND_SHELL_C -> SUB_PAYBACK_C -> EMP_FRAUD_C,VEND_SHELL_C,SUB_PAYBACK_C,0.0,Historical,94.79,456,Circular Fund Flow
469,batch_469_loop_1,3,EMP_FRAUD_C -> VEND_SHELL_C -> SUB_PAYBACK_C -> EMP_FRAUD_C,SUB_PAYBACK_C,EMP_FRAUD_C,0.0,Historical,94.36,456,Circular Fund Flow
469,batch_469_loop_2,1,EMP_FRAUD_B -> VEND_SHELL_B -> SUB_PAYBACK_B -> EMP_FRAUD_B,EMP_FRAUD_B,VEND_SHELL_B,0.0,Historical,97.91,456,Circular Fund Flow
469,batch_469_loop_2,2,EMP_FRAUD_B -> VEND_SHELL_B -> SUB_PAYBACK_B -> EMP_FRAUD_B,VEND_SHELL_B,SUB_PAYBACK_B,0.0,Historical,94.81,456,Circular Fund Flow
469,batch_469_loop_2,3,EMP_FRAUD_B -> VEND_SHELL_B -> SUB_PAYBACK_B -> EMP_FRAUD_B,SUB_PAYBACK_B,EMP_FRAUD_B,0.0,Historical,95.87,456,Circular Fund Flow
469,batch_469_loop_3,1,EMP_FRAUD_A -> VEND_SHELL_A -> SUB_PAYBACK_A -> EMP_FRAUD_A,EMP_FRAUD_A,VEND_SHELL_A,0.0,Historical,88.95,456,Circular Fund Flow
469,batch_469_loop_3,2,EMP_FRAUD_A -> VEND_SHELL_A -> SUB_PAYBACK_A -> EMP_FRAUD_A,VEND_SHELL_A,SUB_PAYBACK_A,0.0,Historical,97.66,456,Circular Fund Flow
469,batch_469_loop_3,3,EMP_FRAUD_A -> VEND_SHELL_A -> SUB_PAYBACK_A -> EMP_FRAUD_A,SUB_PAYBACK_A,EMP_FRAUD_A,0.0,Historical,89.52,456,Circular Fund Flow
470,batch_470_loop_1,1,EMP_FRAUD_C -> VEND_SHELL_C -> SUB_PAYBACK_C -> EMP_FRAUD_C,EMP_FRAUD_C,VEND_SHELL_C,0.0,Historical,96.11,458,Circular Fund Flow
470,batch_470_loop_1,2,EMP_FRAUD_C -> VEND_SHELL_C -> SUB_PAYBACK_C -> EMP_FRAUD_C,VEND_SHELL_C,SUB_PAYBACK_C,0.0,Historical,94.07,458,Circular Fund Flow
470,batch_470_loop_1,3,EMP_FRAUD_C -> VEND_SHELL_C -> SUB_PAYBACK_C -> EMP_FRAUD_C,SUB_PAYBACK_C,EMP_FRAUD_C,0.0,Historical,97.61,458,Circular Fund Flow
470,batch_470_loop_2,1,EMP_FRAUD_B -> VEND_SHELL_B -> SUB_PAYBACK_B -> EMP_FRAUD_B,EMP_FRAUD_B,VEND_SHELL_B,0.0,Historical,98.21,458,Circular Fund Flow
470,batch_470_loop_2,2,EMP_FRAUD_B -> VEND_SHELL_B -> SUB_PAYBACK_B -> EMP_FRAUD_B,VEND_SHELL_B,SUB_PAYBACK_B,0.0,Historical,93.17,458,Circular Fund Flow
470,batch_470_loop_2,3,EMP_FRAUD_B -> VEND_SHELL_B -> SUB_PAYBACK_B -> EMP_FRAUD_B,SUB_PAYBACK_B,EMP_FRAUD_B,0.0,Historical,94.1,458,Circular Fund Flow
470,batch_470_loop_3,1,EMP_FRAUD_A -> VEND_SHELL_A -> SUB_PAYBACK_A -> EMP_FRAUD_A,EMP_FRAUD_A,VEND_SHELL_A,0.0,Historical,91.22,458,Circular Fund Flow
470,batch_470_loop_3,2,EMP_FRAUD_A -> VEND_SHELL_A -> SUB_PAYBACK_A -> EMP_FRAUD_A,VEND_SHELL_A,SUB_PAYBACK_A,0.0,Historical,85.79,458,Circular Fund Flow
470,batch_470_loop_3,3,EMP_FRAUD_A -> VEND_SHELL_A -> SUB_PAYBACK_A -> EMP_FRAUD_A,SUB_PAYBACK_A,EMP_FRAUD_A,0.0,Historical,93.33,458,Circular Fund Flow
471,batch_471_loop_1,1,EMP_FRAUD_C -> VEND_SHELL_C -> SUB_PAYBACK_C -> EMP_FRAUD_C,EMP_FRAUD_C,VEND_SHELL_C,0.0,Historical,88.11,455,Circular Fund Flow
471,batch_471_loop_1,2,EMP_FRAUD_C -> VEND_SHELL_C -> SUB_PAYBACK_C -> EMP_FRAUD_C,VEND_SHELL_C,SUB_PAYBACK_C,0.0,Historical,94.0,455,Circular Fund Flow
471,batch_471_loop_1,3,EMP_FRAUD_C -> VEND_SHELL_C -> SUB_PAYBACK_C -> EMP_FRAUD_C,SUB_PAYBACK_C,EMP_FRAUD_C,0.0,Historical,94.98,455,Circular Fund Flow
471,batch_471_loop_2,1,EMP_FRAUD_B -> VEND_SHELL_B -> SUB_PAYBACK_B -> EMP_FRAUD_B,EMP_FRAUD_B,VEND_SHELL_B,0.0,Historical,95.65,455,Circular Fund Flow
471,batch_471_loop_2,2,EMP_FRAUD_B -> VEND_SHELL_B -> SUB_PAYBACK_B -> EMP_FRAUD_B,VEND_SHELL_B,SUB_PAYBACK_B,0.0,Historical,85.11,455,Circular Fund Flow
471,batch_471_loop_2,3,EMP_FRAUD_B -> VEND_SHELL_B -> SUB_PAYBACK_B -> EMP_FRAUD_B,SUB_PAYBACK_B,EMP_FRAUD_B,0.0,Historical,93.7,455,Circular Fund Flow
471,batch_471_loop_3,1,EMP_FRAUD_A -> VEND_SHELL_A -> SUB_PAYBACK_A -> EMP_FRAUD_A,EMP_FRAUD_A,VEND_SHELL_A,0.0,Historical,95.24,455,Circular Fund Flow
471,batch_471_loop_3,2,EMP_FRAUD_A -> VEND_SHELL_A -> SUB_PAYBACK_A -> EMP_FRAUD_A,VEND_SHELL_A,SUB_PAYBACK_A,0.0,Historical,89.34,455,Circular Fund Flow
471,batch_471_loop_3,3,EMP_FRAUD_A -> VEND_SHELL_A -> SUB_PAYBACK_A -> EMP_FRAUD_A,SUB_PAYBACK_A,EMP_FRAUD_A,0.0,Historical,86.27,455,Circular Fund Flow
472,batch_472_loop_1,1,EMP_FRAUD_C -> VEND_SHELL_C -> SUB_PAYBACK_C -> EMP_FRAUD_C,EMP_FRAUD_C,VEND_SHELL_C,0.0,Historical,86.24,455,Circular Fund Flow
472,batch_472_loop_1,2,EMP_FRAUD_C -> VEND_SHELL_C -> SUB_PAYBACK_C -> EMP_FRAUD_C,VEND_SHELL_C,SUB_PAYBACK_C,0.0,Historical,86.93,455,Circular Fund Flow
472,batch_472_loop_1,3,EMP_FRAUD_C -> VEND_SHELL_C -> SUB_PAYBACK_C -> EMP_FRAUD_C,SUB_PAYBACK_C,EMP_FRAUD_C,0.0,Historical,85.17,455,Circular Fund Flow
472,batch_472_loop_2,1,EMP_FRAUD_B -> VEND_SHELL_B -> SUB_PAYBACK_B -> EMP_FRAUD_B,EMP_FRAUD_B,VEND_SHELL_B,0.0,Historical,92.42,455,Circular Fund Flow
472,batch_472_loop_2,2,EMP_FRAUD_B -> VEND_SHELL_B -> SUB_PAYBACK_B -> EMP_FRAUD_B,VEND_SHELL_B,SUB_PAYBACK_B,0.0,Historical,94.57,455,Circular Fund Flow
472,batch_472_loop_2,3,EMP_FRAUD_B -> VEND_SHELL_B -> SUB_PAYBACK_B -> EMP_FRAUD_B,SUB_PAYBACK_B,EMP_FRAUD_B,0.0,Historical,90.01,455,Circular Fund Flow
472,batch_472_loop_3,1,EMP_FRAUD_A -> VEND_SHELL_A -> SUB_PAYBACK_A -> EMP_FRAUD_A,EMP_FRAUD_A,VEND_SHELL_A,0.0,Historical,93.11,455,Circular Fund Flow
472,batch_472_loop_3,2,EMP_FRAUD_A -> VEND_SHELL_A -> SUB_PAYBACK_A -> EMP_FRAUD_A,VEND_SHELL_A,SUB_PAYBACK_A,0.0,Historical,97.58,455,Circular Fund Flow
472,batch_472_loop_3,3,EMP_FRAUD_A -> VEND_SHELL_A -> SUB_PAYBACK_A -> EMP_FRAUD_A,SUB_PAYBACK_A,EMP_FRAUD_A,0.0,Historical,86.57,455,Circular Fund Flow
473,batch_473_loop_1,1,EMP_FRAUD_C -> VEND_SHELL_C -> SUB_PAYBACK_C -> EMP_FRAUD_C,EMP_FRAUD_C,VEND_SHELL_C,0.0,Historical,96.55,457,Circular Fund Flow
473,batch_473_loop_1,2,EMP_FRAUD_C -> VEND_SHELL_C -> SUB_PAYBACK_C -> EMP_FRAUD_C,VEND_SHELL_C,SUB_PAYBACK_C,0.0,Historical,94.12,457,Circular Fund Flow
473,batch_473_loop_1,3,EMP_FRAUD_C -> VEND_SHELL_C -> SUB_PAYBACK_C -> EMP_FRAUD_C,SUB_PAYBACK_C,EMP_FRAUD_C,0.0,Historical,95.59,457,Circular Fund Flow
473,batch_473_loop_2,1,EMP_FRAUD_B -> VEND_SHELL_B -> SUB_PAYBACK_B -> EMP_FRAUD_B,EMP_FRAUD_B,VEND_SHELL_B,0.0,Historical,86.23,457,Circular Fund Flow
473,batch_473_loop_2,2,EMP_FRAUD_B -> VEND_SHELL_B -> SUB_PAYBACK_B -> EMP_FRAUD_B,VEND_SHELL_B,SUB_PAYBACK_B,0.0,Historical,87.33,457,Circular Fund Flow
473,batch_473_loop_2,3,EMP_FRAUD_B -> VEND_SHELL_B -> SUB_PAYBACK_B -> EMP_FRAUD_B,SUB_PAYBACK_B,EMP_FRAUD_B,0.0,Historical,93.97,457,Circular Fund Flow
473,batch_473_loop_3,1,EMP_FRAUD_A -> VEND_SHELL_A -> SUB_PAYBACK_A -> EMP_FRAUD_A,EMP_FRAUD_A,VEND_SHELL_A,0.0,Historical,94.59,457,Circular Fund Flow
473,batch_473_loop_3,2,EMP_FRAUD_A -> VEND_SHELL_A -> SUB_PAYBACK_A -> EMP_FRAUD_A,VEND_SHELL_A,SUB_PAYBACK_A,0.0,Historical,88.17,457,Circular Fund Flow
473,batch_473_loop_3,3,EMP_FRAUD_A -> VEND_SHELL_A -> SUB_PAYBACK_A -> EMP_FRAUD_A,SUB_PAYBACK_A,EMP_FRAUD_A,0.0,Historical,98.11,457,Circular Fund Flow
474,batch_474_loop_1,1,EMP_FRAUD_C -> VEND_SHELL_C -> SUB_PAYBACK_C -> EMP_FRAUD_C,EMP_FRAUD_C,VEND_SHELL_C,0.0,Historical,91.58,453,Circular Fund Flow
474,batch_474_loop_1,2,EMP_FRAUD_C -> VEND_SHELL_C -> SUB_PAYBACK_C -> EMP_FRAUD_C,VEND_SHELL_C,SUB_PAYBACK_C,0.0,Historical,93.97,453,Circular Fund Flow
474,batch_474_loop_1,3,EMP_FRAUD_C -> VEND_SHELL_C -> SUB_PAYBACK_C -> EMP_FRAUD_C,SUB_PAYBACK_C,EMP_FRAUD_C,0.0,Historical,90.6,453,Circular Fund Flow
474,batch_474_loop_2,1,EMP_FRAUD_B -> VEND_SHELL_B -> SUB_PAYBACK_B -> EMP_FRAUD_B,EMP_FRAUD_B,VEND_SHELL_B,0.0,Historical,90.75,453,Circular Fund Flow
474,batch_474_loop_2,2,EMP_FRAUD_B -> VEND_SHELL_B -> SUB_PAYBACK_B -> EMP_FRAUD_B,VEND_SHELL_B,SUB_PAYBACK_B,0.0,Historical,97.84,453,Circular Fund Flow
474,batch_474_loop_2,3,EMP_FRAUD_B -> VEND_SHELL_B -> SUB_PAYBACK_B -> EMP_FRAUD_B,SUB_PAYBACK_B,EMP_FRAUD_B,0.0,Historical,87.85,453,Circular Fund Flow
474,batch_474_loop_3,1,EMP_FRAUD_A -> VEND_SHELL_A -> SUB_PAYBACK_A -> EMP_FRAUD_A,EMP_FRAUD_A,VEND_SHELL_A,0.0,Historical,93.03,453,Circular Fund Flow
474,batch_474_loop_3,2,EMP_FRAUD_A -> VEND_SHELL_A -> SUB_PAYBACK_A -> EMP_FRAUD_A,VEND_SHELL_A,SUB_PAYBACK_A,0.0,Historical,95.8,453,Circular Fund Flow
474,batch_474_loop_3,3,EMP_FRAUD_A -> VEND_SHELL_A -> SUB_PAYBACK_A -> EMP_FRAUD_A,SUB_PAYBACK_A,EMP_FRAUD_A,0.0,Historical,88.69,453,Circular Fund Flow
475,batch_475_loop_1,1,EMP_FRAUD_C -> VEND_SHELL_C -> SUB_PAYBACK_C -> EMP_FRAUD_C,EMP_FRAUD_C,VEND_SHELL_C,0.0,Historical,97.84,457,Circular Fund Flow
475,batch_475_loop_1,2,EMP_FRAUD_C -> VEND_SHELL_C -> SUB_PAYBACK_C -> EMP_FRAUD_C,VEND_SHELL_C,SUB_PAYBACK_C,0.0,Historical,89.17,457,Circular Fund Flow
475,batch_475_loop_1,3,EMP_FRAUD_C -> VEND_SHELL_C -> SUB_PAYBACK_C -> EMP_FRAUD_C,SUB_PAYBACK_C,EMP_FRAUD_C,0.0,Historical,86.76,457,Circular Fund Flow
475,batch_475_loop_2,1,EMP_FRAUD_B -> VEND_SHELL_B -> SUB_PAYBACK_B -> EMP_FRAUD_B,EMP_FRAUD_B,VEND_SHELL_B,0.0,Historical,91.94,457,Circular Fund Flow
475,batch_475_loop_2,2,EMP_FRAUD_B -> VEND_SHELL_B -> SUB_PAYBACK_B -> EMP_FRAUD_B,VEND_SHELL_B,SUB_PAYBACK_B,0.0,Historical,97.96,457,Circular Fund Flow
475,batch_475_loop_2,3,EMP_FRAUD_B -> VEND_SHELL_B -> SUB_PAYBACK_B -> EMP_FRAUD_B,SUB_PAYBACK_B,EMP_FRAUD_B,0.0,Historical,92.97,457,Circular Fund Flow
475,batch_475_loop_3,1,EMP_FRAUD_A -> VEND_SHELL_A -> SUB_PAYBACK_A -> EMP_FRAUD_A,EMP_FRAUD_A,VEND_SHELL_A,0.0,Historical,97.91,457,Circular Fund Flow
475,batch_475_loop_3,2,EMP_FRAUD_A -> VEND_SHELL_A -> SUB_PAYBACK_A -> EMP_FRAUD_A,VEND_SHELL_A,SUB_PAYBACK_A,0.0,Historical,97.67,457,Circular Fund Flow
475,batch_475_loop_3,3,EMP_FRAUD_A -> VEND_SHELL_A -> SUB_PAYBACK_A -> EMP_FRAUD_A,SUB_PAYBACK_A,EMP_FRAUD_A,0.0,Historical,90.7,457,Circular Fund Flow
476,batch_476_loop_1,1,EMP_FRAUD_C -> VEND_SHELL_C -> SUB_PAYBACK_C -> EMP_FRAUD_C,EMP_FRAUD_C,VEND_SHELL_C,0.0,Historical,97.79,458,Circular Fund Flow
476,batch_476_loop_1,2,EMP_FRAUD_C -> VEND_SHELL_C -> SUB_PAYBACK_C -> EMP_FRAUD_C,VEND_SHELL_C,SUB_PAYBACK_C,0.0,Historical,91.46,458,Circular Fund Flow
476,batch_476_loop_1,3,EMP_FRAUD_C -> VEND_SHELL_C -> SUB_PAYBACK_C -> EMP_FRAUD_C,SUB_PAYBACK_C,EMP_FRAUD_C,0.0,Historical,89.69,458,Circular Fund Flow
476,batch_476_loop_2,1,EMP_FRAUD_B -> VEND_SHELL_B -> SUB_PAYBACK_B -> EMP_FRAUD_B,EMP_FRAUD_B,VEND_SHELL_B,0.0,Historical,96.13,458,Circular Fund Flow
476,batch_476_loop_2,2,EMP_FRAUD_B -> VEND_SHELL_B -> SUB_PAYBACK_B -> EMP_FRAUD_B,VEND_SHELL_B,SUB_PAYBACK_B,0.0,Historical,86.99,458,Circular Fund Flow
476,batch_476_loop_2,3,EMP_FRAUD_B -> VEND_SHELL_B -> SUB_PAYBACK_B -> EMP_FRAUD_B,SUB_PAYBACK_B,EMP_FRAUD_B,0.0,Historical,87.71,458,Circular Fund Flow
476,batch_476_loop_3,1,EMP_FRAUD_A -> VEND_SHELL_A -> SUB_PAYBACK_A -> EMP_FRAUD_A,EMP_FRAUD_A,VEND_SHELL_A,0.0,Historical,98.12,458,Circular Fund Flow
476,batch_476_loop_3,2,EMP_FRAUD_A -> VEND_SHELL_A -> SUB_PAYBACK_A -> EMP_FRAUD_A,VEND_SHELL_A,SUB_PAYBACK_A,0.0,Historical,88.13,458,Circular Fund Flow
476,batch_476_loop_3,3,EMP_FRAUD_A -> VEND_SHELL_A -> SUB_PAYBACK_A -> EMP_FRAUD_A,SUB_PAYBACK_A,EMP_FRAUD_A,0.0,Historical,89.73,458,Circular Fund Flow
477,batch_477_loop_1,1,EMP_FRAUD_C -> VEND_SHELL_C -> SUB_PAYBACK_C -> EMP_FRAUD_C,EMP_FRAUD_C,VEND_SHELL_C,0.0,Historical,86.38,460,Circular Fund Flow
477,batch_477_loop_1,2,EMP_FRAUD_C -> VEND_SHELL_C -> SUB_PAYBACK_C -> EMP_FRAUD_C,VEND_SHELL_C,SUB_PAYBACK_C,0.0,Historical,87.95,460,Circular Fund Flow
477,batch_477_loop_1,3,EMP_FRAUD_C -> VEND_SHELL_C -> SUB_PAYBACK_C -> EMP_FRAUD_C,SUB_PAYBACK_C,EMP_FRAUD_C,0.0,Historical,96.26,460,Circular Fund Flow
477,batch_477_loop_2,1,EMP_FRAUD_B -> VEND_SHELL_B -> SUB_PAYBACK_B -> EMP_FRAUD_B,EMP_FRAUD_B,VEND_SHELL_B,0.0,Historical,98.38,460,Circular Fund Flow
477,batch_477_loop_2,2,EMP_FRAUD_B -> VEND_SHELL_B -> SUB_PAYBACK_B -> EMP_FRAUD_B,VEND_SHELL_B,SUB_PAYBACK_B,0.0,Historical,90.09,460,Circular Fund Flow
477,batch_477_loop_2,3,EMP_FRAUD_B -> VEND_SHELL_B -> SUB_PAYBACK_B -> EMP_FRAUD_B,SUB_PAYBACK_B,EMP_FRAUD_B,0.0,Historical,96.42,460,Circular Fund Flow
477,batch_477_loop_3,1,EMP_FRAUD_A -> VEND_SHELL_A -> SUB_PAYBACK_A -> EMP_FRAUD_A,EMP_FRAUD_A,VEND_SHELL_A,0.0,Historical,88.83,460,Circular Fund Flow
477,batch_477_loop_3,2,EMP_FRAUD_A -> VEND_SHELL_A -> SUB_PAYBACK_A -> EMP_FRAUD_A,VEND_SHELL_A,SUB_PAYBACK_A,0.0,Historical,85.96,460,Circular Fund Flow
477,batch_477_loop_3,3,EMP_FRAUD_A -> VEND_SHELL_A -> SUB_PAYBACK_A -> EMP_FRAUD_A,SUB_PAYBACK_A,EMP_FRAUD_A,0.0,Historical,91.16,460,Circular Fund Flow
478,batch_478_loop_1,1,EMP_FRAUD_C -> VEND_SHELL_C -> SUB_PAYBACK_C -> EMP_FRAUD_C,EMP_FRAUD_C,VEND_SHELL_C,0.0,Historical,89.69,457,Circular Fund Flow
478,batch_478_loop_1,2,EMP_FRAUD_C -> VEND_SHELL_C -> SUB_PAYBACK_C -> EMP_FRAUD_C,VEND_SHELL_C,SUB_PAYBACK_C,0.0,Historical,85.71,457,Circular Fund Flow
478,batch_478_loop_1,3,EMP_FRAUD_C -> VEND_SHELL_C -> SUB_PAYBACK_C -> EMP_FRAUD_C,SUB_PAYBACK_C,EMP_FRAUD_C,0.0,Historical,89.82,457,Circular Fund Flow
478,batch_478_loop_2,1,EMP_FRAUD_B -> VEND_SHELL_B -> SUB_PAYBACK_B -> EMP_FRAUD_B,EMP_FRAUD_B,VEND_SHELL_B,0.0,Historical,98.99,457,Circular Fund Flow
478,batch_478_loop_2,2,EMP_FRAUD_B -> VEND_SHELL_B -> SUB_PAYBACK_B -> EMP_FRAUD_B,VEND_SHELL_B,SUB_PAYBACK_B,0.0,Historical,85.84,457,Circular Fund Flow
478,batch_478_loop_2,3,EMP_FRAUD_B -> VEND_SHELL_B -> SUB_PAYBACK_B -> EMP_FRAUD_B,SUB_PAYBACK_B,EMP_FRAUD_B,0.0,Historical,98.97,457,Circular Fund Flow
478,batch_478_loop_3,1,EMP_FRAUD_A -> VEND_SHELL_A -> SUB_PAYBACK_A -> EMP_FRAUD_A,EMP_FRAUD_A,VEND_SHELL_A,0.0,Historical,93.69,457,Circular Fund Flow
478,batch_478_loop_3,2,EMP_FRAUD_A -> VEND_SHELL_A -> SUB_PAYBACK_A -> EMP_FRAUD_A,VEND_SHELL_A,SUB_PAYBACK_A,0.0,Historical,87.3,457,Circular Fund Flow
478,batch_478_loop_3,3,EMP_FRAUD_A -> VEND_SHELL_A -> SUB_PAYBACK_A -> EMP_FRAUD_A,SUB_PAYBACK_A,EMP_FRAUD_A,0.0,Historical,90.12,457,Circular Fund Flow
479,batch_479_loop_1,1,EMP_FRAUD_C -> VEND_SHELL_C -> SUB_PAYBACK_C -> EMP_FRAUD_C,EMP_FRAUD_C,VEND_SHELL_C,0.0,Historical,88.98,458,Circular Fund Flow
479,batch_479_loop_1,2,EMP_FRAUD_C -> VEND_SHELL_C -> SUB_PAYBACK_C -> EMP_FRAUD_C,VEND_SHELL_C,SUB_PAYBACK_C,0.0,Historical,98.39,458,Circular Fund Flow
479,batch_479_loop_1,3,EMP_FRAUD_C -> VEND_SHELL_C -> SUB_PAYBACK_C -> EMP_FRAUD_C,SUB_PAYBACK_C,EMP_FRAUD_C,0.0,Historical,91.05,458,Circular Fund Flow
479,batch_479_loop_2,1,EMP_FRAUD_B -> VEND_SHELL_B -> SUB_PAYBACK_B -> EMP_FRAUD_B,EMP_FRAUD_B,VEND_SHELL_B,0.0,Historical,96.72,458,Circular Fund Flow
479,batch_479_loop_2,2,EMP_FRAUD_B -> VEND_SHELL_B -> SUB_PAYBACK_B -> EMP_FRAUD_B,VEND_SHELL_B,SUB_PAYBACK_B,0.0,Historical,93.61,458,Circular Fund Flow
479,batch_479_loop_2,3,EMP_FRAUD_B -> VEND_SHELL_B -> SUB_PAYBACK_B -> EMP_FRAUD_B,SUB_PAYBACK_B,EMP_FRAUD_B,0.0,Historical,93.85,458,Circular Fund Flow
479,batch_479_loop_3,1,EMP_FRAUD_A -> VEND_SHELL_A -> SUB_PAYBACK_A -> EMP_FRAUD_A,EMP_FRAUD_A,VEND_SHELL_A,0.0,Historical,93.47,458,Circular Fund Flow
479,batch_479_loop_3,2,EMP_FRAUD_A -> VEND_SHELL_A -> SUB_PAYBACK_A -> EMP_FRAUD_A,VEND_SHELL_A,SUB_PAYBACK_A,0.0,Historical,88.66,458,Circular Fund Flow
479,batch_479_loop_3,3,EMP_FRAUD_A -> VEND_SHELL_A -> SUB_PAYBACK_A -> EMP_FRAUD_A,SUB_PAYBACK_A,EMP_FRAUD_A,0.0,Historical,86.9,458,Circular Fund Flow
480,batch_480_loop_1,1,EMP_FRAUD_C -> VEND_SHELL_C -> SUB_PAYBACK_C -> EMP_FRAUD_C,EMP_FRAUD_C,VEND_SHELL_C,0.0,Historical,87.32,460,Circular Fund Flow
480,batch_480_loop_1,2,EMP_FRAUD_C -> VEND_SHELL_C -> SUB_PAYBACK_C -> EMP_FRAUD_C,VEND_SHELL_C,SUB_PAYBACK_C,0.0,Historical,91.45,460,Circular Fund Flow
480,batch_480_loop_1,3,EMP_FRAUD_C -> VEND_SHELL_C -> SUB_PAYBACK_C -> EMP_FRAUD_C,SUB_PAYBACK_C,EMP_FRAUD_C,0.0,Historical,87.17,460,Circular Fund Flow
480,batch_480_loop_2,1,EMP_FRAUD_B -> VEND_SHELL_B -> SUB_PAYBACK_B -> EMP_FRAUD_B,EMP_FRAUD_B,VEND_SHELL_B,0.0,Historical,85.12,460,Circular Fund Flow
480,batch_480_loop_2,2,EMP_FRAUD_B -> VEND_SHELL_B -> SUB_PAYBACK_B -> EMP_FRAUD_B,VEND_SHELL_B,SUB_PAYBACK_B,0.0,Historical,96.42,460,Circular Fund Flow
480,batch_480_loop_2,3,EMP_FRAUD_B -> VEND_SHELL_B -> SUB_PAYBACK_B -> EMP_FRAUD_B,SUB_PAYBACK_B,EMP_FRAUD_B,0.0,Historical,98.66,460,Circular Fund Flow
480,batch_480_loop_3,1,EMP_FRAUD_A -> VEND_SHELL_A -> SUB_PAYBACK_A -> EMP_FRAUD_A,EMP_FRAUD_A,VEND_SHELL_A,0.0,Historical,96.51,460,Circular Fund Flow
480,batch_480_loop_3,2,EMP_FRAUD_A -> VEND_SHELL_A -> SUB_PAYBACK_A -> EMP_FRAUD_A,VEND_SHELL_A,SUB_PAYBACK_A,0.0,Historical,89.83,460,Circular Fund Flow
480,batch_480_loop_3,3,EMP_FRAUD_A -> VEND_SHELL_A -> SUB_PAYBACK_A -> EMP_FRAUD_A,SUB_PAYBACK_A,EMP_FRAUD_A,0.0,Historical,85.4,460,Circular Fund Flow
481,batch_481_loop_1,1,EMP_FRAUD_C -> VEND_SHELL_C -> SUB_PAYBACK_C -> EMP_FRAUD_C,EMP_FRAUD_C,VEND_SHELL_C,0.0,Historical,90.79,458,Circular Fund Flow
481,batch_481_loop_1,2,EMP_FRAUD_C -> VEND_SHELL_C -> SUB_PAYBACK_C -> EMP_FRAUD_C,VEND_SHELL_C,SUB_PAYBACK_C,0.0,Historical,92.68,458,Circular Fund Flow
481,batch_481_loop_1,3,EMP_FRAUD_C -> VEND_SHELL_C -> SUB_PAYBACK_C -> EMP_FRAUD_C,SUB_PAYBACK_C,EMP_FRAUD_C,0.0,Historical,97.8,458,Circular Fund Flow
481,batch_481_loop_2,1,EMP_FRAUD_B -> VEND_SHELL_B -> SUB_PAYBACK_B -> EMP_FRAUD_B,EMP_FRAUD_B,VEND_SHELL_B,0.0,Historical,98.38,458,Circular Fund Flow
481,batch_481_loop_2,2,EMP_FRAUD_B -> VEND_SHELL_B -> SUB_PAYBACK_B -> EMP_FRAUD_B,VEND_SHELL_B,SUB_PAYBACK_B,0.0,Historical,86.8,458,Circular Fund Flow
481,batch_481_loop_2,3,EMP_FRAUD_B -> VEND_SHELL_B -> SUB_PAYBACK_B -> EMP_FRAUD_B,SUB_PAYBACK_B,EMP_FRAUD_B,0.0,Historical,95.31,458,Circular Fund Flow
481,batch_481_loop_3,1,EMP_FRAUD_A -> VEND_SHELL_A -> SUB_PAYBACK_A -> EMP_FRAUD_A,EMP_FRAUD_A,VEND_SHELL_A,0.0,Historical,95.59,458,Circular Fund Flow
481,batch_481_loop_3,2,EMP_FRAUD_A -> VEND_SHELL_A -> SUB_PAYBACK_A -> EMP_FRAUD_A,VEND_SHELL_A,SUB_PAYBACK_A,0.0,Historical,94.92,458,Circular Fund Flow
481,batch_481_loop_3,3,EMP_FRAUD_A -> VEND_SHELL_A -> SUB_PAYBACK_A -> EMP_FRAUD_A,SUB_PAYBACK_A,EMP_FRAUD_A,0.0,Historical,96.17,458,Circular Fund Flow
482,batch_482_loop_1,1,EMP_FRAUD_C -> VEND_SHELL_C -> SUB_PAYBACK_C -> EMP_FRAUD_C,EMP_FRAUD_C,VEND_SHELL_C,0.0,Historical,90.41,458,Circular Fund Flow
482,batch_482_loop_1,2,EMP_FRAUD_C -> VEND_SHELL_C -> SUB_PAYBACK_C -> EMP_FRAUD_C,VEND_SHELL_C,SUB_PAYBACK_C,0.0,Historical,98.92,458,Circular Fund Flow
482,batch_482_loop_1,3,EMP_FRAUD_C -> VEND_SHELL_C -> SUB_PAYBACK_C -> EMP_FRAUD_C,SUB_PAYBACK_C,EMP_FRAUD_C,0.0,Historical,94.63,458,Circular Fund Flow
482,batch_482_loop_2,1,EMP_FRAUD_B -> VEND_SHELL_B -> SUB_PAYBACK_B -> EMP_FRAUD_B,EMP_FRAUD_B,VEND_SHELL_B,0.0,Historical,94.92,458,Circular Fund Flow
482,batch_482_loop_2,2,EMP_FRAUD_B -> VEND_SHELL_B -> SUB_PAYBACK_B -> EMP_FRAUD_B,VEND_SHELL_B,SUB_PAYBACK_B,0.0,Historical,88.48,458,Circular Fund Flow
482,batch_482_loop_2,3,EMP_FRAUD_B -> VEND_SHELL_B -> SUB_PAYBACK_B -> EMP_FRAUD_B,SUB_PAYBACK_B,EMP_FRAUD_B,0.0,Historical,96.06,458,Circular Fund Flow
482,batch_482_loop_3,1,EMP_FRAUD_A -> VEND_SHELL_A -> SUB_PAYBACK_A -> EMP_FRAUD_A,EMP_FRAUD_A,VEND_SHELL_A,0.0,Historical,94.27,458,Circular Fund Flow
482,batch_482_loop_3,2,EMP_FRAUD_A -> VEND_SHELL_A -> SUB_PAYBACK_A -> EMP_FRAUD_A,VEND_SHELL_A,SUB_PAYBACK_A,0.0,Historical,86.76,458,Circular Fund Flow
482,batch_482_loop_3,3,EMP_FRAUD_A -> VEND_SHELL_A -> SUB_PAYBACK_A -> EMP_FRAUD_A,SUB_PAYBACK_A,EMP_FRAUD_A,0.0,Historical,97.82,458,Circular Fund Flow
483,batch_483_loop_1,1,EMP_FRAUD_C -> VEND_SHELL_C -> SUB_PAYBACK_C -> EMP_FRAUD_C,EMP_FRAUD_C,VEND_SHELL_C,0.0,Historical,95.87,458,Circular Fund Flow
483,batch_483_loop_1,2,EMP_FRAUD_C -> VEND_SHELL_C -> SUB_PAYBACK_C -> EMP_FRAUD_C,VEND_SHELL_C,SUB_PAYBACK_C,0.0,Historical,92.25,458,Circular Fund Flow
483,batch_483_loop_1,3,EMP_FRAUD_C -> VEND_SHELL_C -> SUB_PAYBACK_C -> EMP_FRAUD_C,SUB_PAYBACK_C,EMP_FRAUD_C,0.0,Historical,96.39,458,Circular Fund Flow
483,batch_483_loop_2,1,EMP_FRAUD_B -> VEND_SHELL_B -> SUB_PAYBACK_B -> EMP_FRAUD_B,EMP_FRAUD_B,VEND_SHELL_B,0.0,Historical,89.96,458,Circular Fund Flow
483,batch_483_loop_2,2,EMP_FRAUD_B -> VEND_SHELL_B -> SUB_PAYBACK_B -> EMP_FRAUD_B,VEND_SHELL_B,SUB_PAYBACK_B,0.0,Historical,96.21,458,Circular Fund Flow
483,batch_483_loop_2,3,EMP_FRAUD_B -> VEND_SHELL_B -> SUB_PAYBACK_B -> EMP_FRAUD_B,SUB_PAYBACK_B,EMP_FRAUD_B,0.0,Historical,96.55,458,Circular Fund Flow
483,batch_483_loop_3,1,EMP_FRAUD_A -> VEND_SHELL_A -> SUB_PAYBACK_A -> EMP_FRAUD_A,EMP_FRAUD_A,VEND_SHELL_A,0.0,Historical,96.8,458,Circular Fund Flow
483,batch_483_loop_3,2,EMP_FRAUD_A -> VEND_SHELL_A -> SUB_PAYBACK_A -> EMP_FRAUD_A,VEND_SHELL_A,SUB_PAYBACK_A,0.0,Historical,87.32,458,Circular Fund Flow
483,batch_483_loop_3,3,EMP_FRAUD_A -> VEND_SHELL_A -> SUB_PAYBACK_A -> EMP_FRAUD_A,SUB_PAYBACK_A,EMP_FRAUD_A,0.0,Historical,90.94,458,Circular Fund Flow
484,batch_484_loop_1,1,EMP_FRAUD_C -> VEND_SHELL_C -> SUB_PAYBACK_C -> EMP_FRAUD_C,EMP_FRAUD_C,VEND_SHELL_C,0.0,Historical,90.05,456,Circular Fund Flow
484,batch_484_loop_1,2,EMP_FRAUD_C -> VEND_SHELL_C -> SUB_PAYBACK_C -> EMP_FRAUD_C,VEND_SHELL_C,SUB_PAYBACK_C,0.0,Historical,94.89,456,Circular Fund Flow
484,batch_484_loop_1,3,EMP_FRAUD_C -> VEND_SHELL_C -> SUB_PAYBACK_C -> EMP_FRAUD_C,SUB_PAYBACK_C,EMP_FRAUD_C,0.0,Historical,97.76,456,Circular Fund Flow
484,batch_484_loop_2,1,EMP_FRAUD_B -> VEND_SHELL_B -> SUB_PAYBACK_B -> EMP_FRAUD_B,EMP_FRAUD_B,VEND_SHELL_B,0.0,Historical,98.13,456,Circular Fund Flow
484,batch_484_loop_2,2,EMP_FRAUD_B -> VEND_SHELL_B -> SUB_PAYBACK_B -> EMP_FRAUD_B,VEND_SHELL_B,SUB_PAYBACK_B,0.0,Historical,95.88,456,Circular Fund Flow
484,batch_484_loop_2,3,EMP_FRAUD_B -> VEND_SHELL_B -> SUB_PAYBACK_B -> EMP_FRAUD_B,SUB_PAYBACK_B,EMP_FRAUD_B,0.0,Historical,98.32,456,Circular Fund Flow
484,batch_484_loop_3,1,EMP_FRAUD_A -> VEND_SHELL_A -> SUB_PAYBACK_A -> EMP_FRAUD_A,EMP_FRAUD_A,VEND_SHELL_A,0.0,Historical,98.48,456,Circular Fund Flow
484,batch_484_loop_3,2,EMP_FRAUD_A -> VEND_SHELL_A -> SUB_PAYBACK_A -> EMP_FRAUD_A,VEND_SHELL_A,SUB_PAYBACK_A,0.0,Historical,89.26,456,Circular Fund Flow
484,batch_484_loop_3,3,EMP_FRAUD_A -> VEND_SHELL_A -> SUB_PAYBACK_A -> EMP_FRAUD_A,SUB_PAYBACK_A,EMP_FRAUD_A,0.0,Historical,95.27,456,Circular Fund Flow
485,batch_485_loop_1,1,EMP_FRAUD_C -> VEND_SHELL_C -> SUB_PAYBACK_C -> EMP_FRAUD_C,EMP_FRAUD_C,VEND_SHELL_C,0.0,Historical,93.96,457,Circular Fund Flow
485,batch_485_loop_1,2,EMP_FRAUD_C -> VEND_SHELL_C -> SUB_PAYBACK_C -> EMP_FRAUD_C,VEND_SHELL_C,SUB_PAYBACK_C,0.0,Historical,97.43,457,Circular Fund Flow
485,batch_485_loop_1,3,EMP_FRAUD_C -> VEND_SHELL_C -> SUB_PAYBACK_C -> EMP_FRAUD_C,SUB_PAYBACK_C,EMP_FRAUD_C,0.0,Historical,98.23,457,Circular Fund Flow
485,batch_485_loop_2,1,EMP_FRAUD_B -> VEND_SHELL_B -> SUB_PAYBACK_B -> EMP_FRAUD_B,EMP_FRAUD_B,VEND_SHELL_B,0.0,Historical,91.23,457,Circular Fund Flow
485,batch_485_loop_2,2,EMP_FRAUD_B -> VEND_SHELL_B -> SUB_PAYBACK_B -> EMP_FRAUD_B,VEND_SHELL_B,SUB_PAYBACK_B,0.0,Historical,95.61,457,Circular Fund Flow
485,batch_485_loop_2,3,EMP_FRAUD_B -> VEND_SHELL_B -> SUB_PAYBACK_B -> EMP_FRAUD_B,SUB_PAYBACK_B,EMP_FRAUD_B,0.0,Historical,95.82,457,Circular Fund Flow
485,batch_485_loop_3,1,EMP_FRAUD_A -> VEND_SHELL_A -> SUB_PAYBACK_A -> EMP_FRAUD_A,EMP_FRAUD_A,VEND_SHELL_A,0.0,Historical,97.06,457,Circular Fund Flow
485,batch_485_loop_3,2,EMP_FRAUD_A -> VEND_SHELL_A -> SUB_PAYBACK_A -> EMP_FRAUD_A,VEND_SHELL_A,SUB_PAYBACK_A,0.0,Historical,90.85,457,Circular Fund Flow
485,batch_485_loop_3,3,EMP_FRAUD_A -> VEND_SHELL_A -> SUB_PAYBACK_A -> EMP_FRAUD_A,SUB_PAYBACK_A,EMP_FRAUD_A,0.0,Historical,88.92,457,Circular Fund Flow
486,batch_486_loop_1,1,EMP_FRAUD_C -> VEND_SHELL_C -> SUB_PAYBACK_C -> EMP_FRAUD_C,EMP_FRAUD_C,VEND_SHELL_C,0.0,Historical,89.16,456,Circular Fund Flow
486,batch_486_loop_1,2,EMP_FRAUD_C -> VEND_SHELL_C -> SUB_PAYBACK_C -> EMP_FRAUD_C,VEND_SHELL_C,SUB_PAYBACK_C,0.0,Historical,98.82,456,Circular Fund Flow
486,batch_486_loop_1,3,EMP_FRAUD_C -> VEND_SHELL_C -> SUB_PAYBACK_C -> EMP_FRAUD_C,SUB_PAYBACK_C,EMP_FRAUD_C,0.0,Historical,87.63,456,Circular Fund Flow
486,batch_486_loop_2,1,EMP_FRAUD_B -> VEND_SHELL_B -> SUB_PAYBACK_B -> EMP_FRAUD_B,EMP_FRAUD_B,VEND_SHELL_B,0.0,Historical,90.2,456,Circular Fund Flow
486,batch_486_loop_2,2,EMP_FRAUD_B -> VEND_SHELL_B -> SUB_PAYBACK_B -> EMP_FRAUD_B,VEND_SHELL_B,SUB_PAYBACK_B,0.0,Historical,93.42,456,Circular Fund Flow
486,batch_486_loop_2,3,EMP_FRAUD_B -> VEND_SHELL_B -> SUB_PAYBACK_B -> EMP_FRAUD_B,SUB_PAYBACK_B,EMP_FRAUD_B,0.0,Historical,91.2,456,Circular Fund Flow
486,batch_486_loop_3,1,EMP_FRAUD_A -> VEND_SHELL_A -> SUB_PAYBACK_A -> EMP_FRAUD_A,EMP_FRAUD_A,VEND_SHELL_A,0.0,Historical,85.84,456,Circular Fund Flow
486,batch_486_loop_3,2,EMP_FRAUD_A -> VEND_SHELL_A -> SUB_PAYBACK_A -> EMP_FRAUD_A,VEND_SHELL_A,SUB_PAYBACK_A,0.0,Historical,88.75,456,Circular Fund Flow
486,batch_486_loop_3,3,EMP_FRAUD_A -> VEND_SHELL_A -> SUB_PAYBACK_A -> EMP_FRAUD_A,SUB_PAYBACK_A,EMP_FRAUD_A,0.0,Historical,89.4,456,Circular Fund Flow
487,batch_487_loop_1,1,EMP_FRAUD_C -> VEND_SHELL_C -> SUB_PAYBACK_C -> EMP_FRAUD_C,EMP_FRAUD_C,VEND_SHELL_C,0.0,Historical,91.08,457,Circular Fund Flow
487,batch_487_loop_1,2,EMP_FRAUD_C -> VEND_SHELL_C -> SUB_PAYBACK_C -> EMP_FRAUD_C,VEND_SHELL_C,SUB_PAYBACK_C,0.0,Historical,98.46,457,Circular Fund Flow
487,batch_487_loop_1,3,EMP_FRAUD_C -> VEND_SHELL_C -> SUB_PAYBACK_C -> EMP_FRAUD_C,SUB_PAYBACK_C,EMP_FRAUD_C,0.0,Historical,96.39,457,Circular Fund Flow
487,batch_487_loop_2,1,EMP_FRAUD_B -> VEND_SHELL_B -> SUB_PAYBACK_B -> EMP_FRAUD_B,EMP_FRAUD_B,VEND_SHELL_B,0.0,Historical,85.14,457,Circular Fund Flow
487,batch_487_loop_2,2,EMP_FRAUD_B -> VEND_SHELL_B -> SUB_PAYBACK_B -> EMP_FRAUD_B,VEND_SHELL_B,SUB_PAYBACK_B,0.0,Historical,92.01,457,Circular Fund Flow
487,batch_487_loop_2,3,EMP_FRAUD_B -> VEND_SHELL_B -> SUB_PAYBACK_B -> EMP_FRAUD_B,SUB_PAYBACK_B,EMP_FRAUD_B,0.0,Historical,92.6,457,Circular Fund Flow
487,batch_487_loop_3,1,EMP_FRAUD_A -> VEND_SHELL_A -> SUB_PAYBACK_A -> EMP_FRAUD_A,EMP_FRAUD_A,VEND_SHELL_A,0.0,Historical,97.87,457,Circular Fund Flow
487,batch_487_loop_3,2,EMP_FRAUD_A -> VEND_SHELL_A -> SUB_PAYBACK_A -> EMP_FRAUD_A,VEND_SHELL_A,SUB_PAYBACK_A,0.0,Historical,93.96,457,Circular Fund Flow
487,batch_487_loop_3,3,EMP_FRAUD_A -> VEND_SHELL_A -> SUB_PAYBACK_A -> EMP_FRAUD_A,SUB_PAYBACK_A,EMP_FRAUD_A,0.0,Historical,94.4,457,Circular Fund Flow
488,batch_488_loop_1,1,EMP_FRAUD_C -> VEND_SHELL_C -> SUB_PAYBACK_C -> EMP_FRAUD_C,EMP_FRAUD_C,VEND_SHELL_C,0.0,Historical,95.72,457,Circular Fund Flow
488,batch_488_loop_1,2,EMP_FRAUD_C -> VEND_SHELL_C -> SUB_PAYBACK_C -> EMP_FRAUD_C,VEND_SHELL_C,SUB_PAYBACK_C,0.0,Historical,87.74,457,Circular Fund Flow
488,batch_488_loop_1,3,EMP_FRAUD_C -> VEND_SHELL_C -> SUB_PAYBACK_C -> EMP_FRAUD_C,SUB_PAYBACK_C,EMP_FRAUD_C,0.0,Historical,89.26,457,Circular Fund Flow
488,batch_488_loop_2,1,EMP_FRAUD_B -> VEND_SHELL_B -> SUB_PAYBACK_B -> EMP_FRAUD_B,EMP_FRAUD_B,VEND_SHELL_B,0.0,Historical,85.43,457,Circular Fund Flow
488,batch_488_loop_2,2,EMP_FRAUD_B -> VEND_SHELL_B -> SUB_PAYBACK_B -> EMP_FRAUD_B,VEND_SHELL_B,SUB_PAYBACK_B,0.0,Historical,97.7,457,Circular Fund Flow
488,batch_488_loop_2,3,EMP_FRAUD_B -> VEND_SHELL_B -> SUB_PAYBACK_B -> EMP_FRAUD_B,SUB_PAYBACK_B,EMP_FRAUD_B,0.0,Historical,97.46,457,Circular Fund Flow
488,batch_488_loop_3,1,EMP_FRAUD_A -> VEND_SHELL_A -> SUB_PAYBACK_A -> EMP_FRAUD_A,EMP_FRAUD_A,VEND_SHELL_A,0.0,Historical,86.76,457,Circular Fund Flow
488,batch_488_loop_3,2,EMP_FRAUD_A -> VEND_SHELL_A -> SUB_PAYBACK_A -> EMP_FRAUD_A,VEND_SHELL_A,SUB_PAYBACK_A,0.0,Historical,86.07,457,Circular Fund Flow
488,batch_488_loop_3,3,EMP_FRAUD_A -> VEND_SHELL_A -> SUB_PAYBACK_A -> EMP_FRAUD_A,SUB_PAYBACK_A,EMP_FRAUD_A,0.0,Historical,91.32,457,Circular Fund Flow
489,batch_489_loop_1,1,EMP_FRAUD_C -> VEND_SHELL_C -> SUB_PAYBACK_C -> EMP_FRAUD_C,EMP_FRAUD_C,VEND_SHELL_C,0.0,Historical,86.85,461,Circular Fund Flow
489,batch_489_loop_1,2,EMP_FRAUD_C -> VEND_SHELL_C -> SUB_PAYBACK_C -> EMP_FRAUD_C,VEND_SHELL_C,SUB_PAYBACK_C,0.0,Historical,98.27,461,Circular Fund Flow
489,batch_489_loop_1,3,EMP_FRAUD_C -> VEND_SHELL_C -> SUB_PAYBACK_C -> EMP_FRAUD_C,SUB_PAYBACK_C,EMP_FRAUD_C,0.0,Historical,88.42,461,Circular Fund Flow
489,batch_489_loop_2,1,EMP_FRAUD_B -> VEND_SHELL_B -> SUB_PAYBACK_B -> EMP_FRAUD_B,EMP_FRAUD_B,VEND_SHELL_B,0.0,Historical,89.22,461,Circular Fund Flow
489,batch_489_loop_2,2,EMP_FRAUD_B -> VEND_SHELL_B -> SUB_PAYBACK_B -> EMP_FRAUD_B,VEND_SHELL_B,SUB_PAYBACK_B,0.0,Historical,87.94,461,Circular Fund Flow
489,batch_489_loop_2,3,EMP_FRAUD_B -> VEND_SHELL_B -> SUB_PAYBACK_B -> EMP_FRAUD_B,SUB_PAYBACK_B,EMP_FRAUD_B,0.0,Historical,85.34,461,Circular Fund Flow
489,batch_489_loop_3,1,EMP_FRAUD_A -> VEND_SHELL_A -> SUB_PAYBACK_A -> EMP_FRAUD_A,EMP_FRAUD_A,VEND_SHELL_A,0.0,Historical,89.79,461,Circular Fund Flow
489,batch_489_loop_3,2,EMP_FRAUD_A -> VEND_SHELL_A -> SUB_PAYBACK_A -> EMP_FRAUD_A,VEND_SHELL_A,SUB_PAYBACK_A,0.0,Historical,88.66,461,Circular Fund Flow
489,batch_489_loop_3,3,EMP_FRAUD_A -> VEND_SHELL_A -> SUB_PAYBACK_A -> EMP_FRAUD_A,SUB_PAYBACK_A,EMP_FRAUD_A,0.0,Historical,86.36,461,Circular Fund Flow
490,batch_490_loop_1,1,EMP_FRAUD_C -> VEND_SHELL_C -> SUB_PAYBACK_C -> EMP_FRAUD_C,EMP_FRAUD_C,VEND_SHELL_C,0.0,Historical,92.16,463,Circular Fund Flow
490,batch_490_loop_1,2,EMP_FRAUD_C -> VEND_SHELL_C -> SUB_PAYBACK_C -> EMP_FRAUD_C,VEND_SHELL_C,SUB_PAYBACK_C,0.0,Historical,92.95,463,Circular Fund Flow
490,batch_490_loop_1,3,EMP_FRAUD_C -> VEND_SHELL_C -> SUB_PAYBACK_C -> EMP_FRAUD_C,SUB_PAYBACK_C,EMP_FRAUD_C,0.0,Historical,88.03,463,Circular Fund Flow
490,batch_490_loop_2,1,EMP_FRAUD_B -> VEND_SHELL_B -> SUB_PAYBACK_B -> EMP_FRAUD_B,EMP_FRAUD_B,VEND_SHELL_B,0.0,Historical,86.98,463,Circular Fund Flow
490,batch_490_loop_2,2,EMP_FRAUD_B -> VEND_SHELL_B -> SUB_PAYBACK_B -> EMP_FRAUD_B,VEND_SHELL_B,SUB_PAYBACK_B,0.0,Historical,96.51,463,Circular Fund Flow
490,batch_490_loop_2,3,EMP_FRAUD_B -> VEND_SHELL_B -> SUB_PAYBACK_B -> EMP_FRAUD_B,SUB_PAYBACK_B,EMP_FRAUD_B,0.0,Historical,85.46,463,Circular Fund Flow
490,batch_490_loop_3,1,EMP_FRAUD_A -> VEND_SHELL_A -> SUB_PAYBACK_A -> EMP_FRAUD_A,EMP_FRAUD_A,VEND_SHELL_A,0.0,Historical,85.81,463,Circular Fund Flow
490,batch_490_loop_3,2,EMP_FRAUD_A -> VEND_SHELL_A -> SUB_PAYBACK_A -> EMP_FRAUD_A,VEND_SHELL_A,SUB_PAYBACK_A,0.0,Historical,90.81,463,Circular Fund Flow
490,batch_490_loop_3,3,EMP_FRAUD_A -> VEND_SHELL_A -> SUB_PAYBACK_A -> EMP_FRAUD_A,SUB_PAYBACK_A,EMP_FRAUD_A,0.0,Historical,91.5,463,Circular Fund Flow
491,batch_491_loop_1,1,EMP_FRAUD_C -> VEND_SHELL_C -> SUB_PAYBACK_C -> EMP_FRAUD_C,EMP_FRAUD_C,VEND_SHELL_C,0.0,Historical,97.36,459,Circular Fund Flow
491,batch_491_loop_1,2,EMP_FRAUD_C -> VEND_SHELL_C -> SUB_PAYBACK_C -> EMP_FRAUD_C,VEND_SHELL_C,SUB_PAYBACK_C,0.0,Historical,90.06,459,Circular Fund Flow
491,batch_491_loop_1,3,EMP_FRAUD_C -> VEND_SHELL_C -> SUB_PAYBACK_C -> EMP_FRAUD_C,SUB_PAYBACK_C,EMP_FRAUD_C,0.0,Historical,86.85,459,Circular Fund Flow
491,batch_491_loop_2,1,EMP_FRAUD_B -> VEND_SHELL_B -> SUB_PAYBACK_B -> EMP_FRAUD_B,EMP_FRAUD_B,VEND_SHELL_B,0.0,Historical,94.57,459,Circular Fund Flow
491,batch_491_loop_2,2,EMP_FRAUD_B -> VEND_SHELL_B -> SUB_PAYBACK_B -> EMP_FRAUD_B,VEND_SHELL_B,SUB_PAYBACK_B,0.0,Historical,98.47,459,Circular Fund Flow
491,batch_491_loop_2,3,EMP_FRAUD_B -> VEND_SHELL_B -> SUB_PAYBACK_B -> EMP_FRAUD_B,SUB_PAYBACK_B,EMP_FRAUD_B,0.0,Historical,85.73,459,Circular Fund Flow
491,batch_491_loop_3,1,EMP_FRAUD_A -> VEND_SHELL_A -> SUB_PAYBACK_A -> EMP_FRAUD_A,EMP_FRAUD_A,VEND_SHELL_A,0.0,Historical,96.36,459,Circular Fund Flow
491,batch_491_loop_3,2,EMP_FRAUD_A -> VEND_SHELL_A -> SUB_PAYBACK_A -> EMP_FRAUD_A,VEND_SHELL_A,SUB_PAYBACK_A,0.0,Historical,94.73,459,Circular Fund Flow
491,batch_491_loop_3,3,EMP_FRAUD_A -> VEND_SHELL_A -> SUB_PAYBACK_A -> EMP_FRAUD_A,SUB_PAYBACK_A,EMP_FRAUD_A,0.0,Historical,92.02,459,Circular Fund Flow
492,batch_492_loop_1,1,EMP_FRAUD_C -> VEND_SHELL_C -> SUB_PAYBACK_C -> EMP_FRAUD_C,EMP_FRAUD_C,VEND_SHELL_C,0.0,Historical,93.12,457,Circular Fund Flow
492,batch_492_loop_1,2,EMP_FRAUD_C -> VEND_SHELL_C -> SUB_PAYBACK_C -> EMP_FRAUD_C,VEND_SHELL_C,SUB_PAYBACK_C,0.0,Historical,89.57,457,Circular Fund Flow
492,batch_492_loop_1,3,EMP_FRAUD_C -> VEND_SHELL_C -> SUB_PAYBACK_C -> EMP_FRAUD_C,SUB_PAYBACK_C,EMP_FRAUD_C,0.0,Historical,87.71,457,Circular Fund Flow
492,batch_492_loop_2,1,EMP_FRAUD_B -> VEND_SHELL_B -> SUB_PAYBACK_B -> EMP_FRAUD_B,EMP_FRAUD_B,VEND_SHELL_B,0.0,Historical,97.7,457,Circular Fund Flow
492,batch_492_loop_2,2,EMP_FRAUD_B -> VEND_SHELL_B -> SUB_PAYBACK_B -> EMP_FRAUD_B,VEND_SHELL_B,SUB_PAYBACK_B,0.0,Historical,90.54,457,Circular Fund Flow
492,batch_492_loop_2,3,EMP_FRAUD_B -> VEND_SHELL_B -> SUB_PAYBACK_B -> EMP_FRAUD_B,SUB_PAYBACK_B,EMP_FRAUD_B,0.0,Historical,92.57,457,Circular Fund Flow
492,batch_492_loop_3,1,EMP_FRAUD_A -> VEND_SHELL_A -> SUB_PAYBACK_A -> EMP_FRAUD_A,EMP_FRAUD_A,VEND_SHELL_A,0.0,Historical,93.38,457,Circular Fund Flow
492,batch_492_loop_3,2,EMP_FRAUD_A -> VEND_SHELL_A -> SUB_PAYBACK_A -> EMP_FRAUD_A,VEND_SHELL_A,SUB_PAYBACK_A,0.0,Historical,96.85,457,Circular Fund Flow
492,batch_492_loop_3,3,EMP_FRAUD_A -> VEND_SHELL_A -> SUB_PAYBACK_A -> EMP_FRAUD_A,SUB_PAYBACK_A,EMP_FRAUD_A,0.0,Historical,89.19,457,Circular Fund Flow
493,batch_493_loop_1,1,EMP_FRAUD_C -> VEND_SHELL_C -> SUB_PAYBACK_C -> EMP_FRAUD_C,EMP_FRAUD_C,VEND_SHELL_C,0.0,Historical,90.7,459,Circular Fund Flow
493,batch_493_loop_1,2,EMP_FRAUD_C -> VEND_SHELL_C -> SUB_PAYBACK_C -> EMP_FRAUD_C,VEND_SHELL_C,SUB_PAYBACK_C,0.0,Historical,91.3,459,Circular Fund Flow
493,batch_493_loop_1,3,EMP_FRAUD_C -> VEND_SHELL_C -> SUB_PAYBACK_C -> EMP_FRAUD_C,SUB_PAYBACK_C,EMP_FRAUD_C,0.0,Historical,91.82,459,Circular Fund Flow
493,batch_493_loop_2,1,EMP_FRAUD_B -> VEND_SHELL_B -> SUB_PAYBACK_B -> EMP_FRAUD_B,EMP_FRAUD_B,VEND_SHELL_B,0.0,Historical,89.66,459,Circular Fund Flow
493,batch_493_loop_2,2,EMP_FRAUD_B -> VEND_SHELL_B -> SUB_PAYBACK_B -> EMP_FRAUD_B,VEND_SHELL_B,SUB_PAYBACK_B,0.0,Historical,89.74,459,Circular Fund Flow
493,batch_493_loop_2,3,EMP_FRAUD_B -> VEND_SHELL_B -> SUB_PAYBACK_B -> EMP_FRAUD_B,SUB_PAYBACK_B,EMP_FRAUD_B,0.0,Historical,98.7,459,Circular Fund Flow
493,batch_493_loop_3,1,EMP_FRAUD_A -> VEND_SHELL_A -> SUB_PAYBACK_A -> EMP_FRAUD_A,EMP_FRAUD_A,VEND_SHELL_A,0.0,Historical,88.63,459,Circular Fund Flow
493,batch_493_loop_3,2,EMP_FRAUD_A -> VEND_SHELL_A -> SUB_PAYBACK_A -> EMP_FRAUD_A,VEND_SHELL_A,SUB_PAYBACK_A,0.0,Historical,94.52,459,Circular Fund Flow
493,batch_493_loop_3,3,EMP_FRAUD_A -> VEND_SHELL_A -> SUB_PAYBACK_A -> EMP_FRAUD_A,SUB_PAYBACK_A,EMP_FRAUD_A,0.0,Historical,85.6,459,Circular Fund Flow
494,batch_494_loop_1,1,EMP_FRAUD_C -> VEND_SHELL_C -> SUB_PAYBACK_C -> EMP_FRAUD_C,EMP_FRAUD_C,VEND_SHELL_C,0.0,Historical,91.2,457,Circular Fund Flow
494,batch_494_loop_1,2,EMP_FRAUD_C -> VEND_SHELL_C -> SUB_PAYBACK_C -> EMP_FRAUD_C,VEND_SHELL_C,SUB_PAYBACK_C,0.0,Historical,88.4,457,Circular Fund Flow
494,batch_494_loop_1,3,EMP_FRAUD_C -> VEND_SHELL_C -> SUB_PAYBACK_C -> EMP_FRAUD_C,SUB_PAYBACK_C,EMP_FRAUD_C,0.0,Historical,86.25,457,Circular Fund Flow
494,batch_494_loop_2,1,EMP_FRAUD_B -> VEND_SHELL_B -> SUB_PAYBACK_B -> EMP_FRAUD_B,EMP_FRAUD_B,VEND_SHELL_B,0.0,Historical,94.02,457,Circular Fund Flow
494,batch_494_loop_2,2,EMP_FRAUD_B -> VEND_SHELL_B -> SUB_PAYBACK_B -> EMP_FRAUD_B,VEND_SHELL_B,SUB_PAYBACK_B,0.0,Historical,91.0,457,Circular Fund Flow
494,batch_494_loop_2,3,EMP_FRAUD_B -> VEND_SHELL_B -> SUB_PAYBACK_B -> EMP_FRAUD_B,SUB_PAYBACK_B,EMP_FRAUD_B,0.0,Historical,92.62,457,Circular Fund Flow
494,batch_494_loop_3,1,EMP_FRAUD_A -> VEND_SHELL_A -> SUB_PAYBACK_A -> EMP_FRAUD_A,EMP_FRAUD_A,VEND_SHELL_A,0.0,Historical,94.6,457,Circular Fund Flow
494,batch_494_loop_3,2,EMP_FRAUD_A -> VEND_SHELL_A -> SUB_PAYBACK_A -> EMP_FRAUD_A,VEND_SHELL_A,SUB_PAYBACK_A,0.0,Historical,93.25,457,Circular Fund Flow
494,batch_494_loop_3,3,EMP_FRAUD_A -> VEND_SHELL_A -> SUB_PAYBACK_A -> EMP_FRAUD_A,SUB_PAYBACK_A,EMP_FRAUD_A,0.0,Historical,94.3,457,Circular Fund Flow
495,batch_495_loop_1,1,EMP_FRAUD_C -> VEND_SHELL_C -> SUB_PAYBACK_C -> EMP_FRAUD_C,EMP_FRAUD_C,VEND_SHELL_C,0.0,Historical,89.39,459,Circular Fund Flow
495,batch_495_loop_1,2,EMP_FRAUD_C -> VEND_SHELL_C -> SUB_PAYBACK_C -> EMP_FRAUD_C,VEND_SHELL_C,SUB_PAYBACK_C,0.0,Historical,98.17,459,Circular Fund Flow
495,batch_495_loop_1,3,EMP_FRAUD_C -> VEND_SHELL_C -> SUB_PAYBACK_C -> EMP_FRAUD_C,SUB_PAYBACK_C,EMP_FRAUD_C,0.0,Historical,97.34,459,Circular Fund Flow
495,batch_495_loop_2,1,EMP_FRAUD_B -> VEND_SHELL_B -> SUB_PAYBACK_B -> EMP_FRAUD_B,EMP_FRAUD_B,VEND_SHELL_B,0.0,Historical,95.73,459,Circular Fund Flow
495,batch_495_loop_2,2,EMP_FRAUD_B -> VEND_SHELL_B -> SUB_PAYBACK_B -> EMP_FRAUD_B,VEND_SHELL_B,SUB_PAYBACK_B,0.0,Historical,93.35,459,Circular Fund Flow
495,batch_495_loop_2,3,EMP_FRAUD_B -> VEND_SHELL_B -> SUB_PAYBACK_B -> EMP_FRAUD_B,SUB_PAYBACK_B,EMP_FRAUD_B,0.0,Historical,91.85,459,Circular Fund Flow
495,batch_495_loop_3,1,EMP_FRAUD_A -> VEND_SHELL_A -> SUB_PAYBACK_A -> EMP_FRAUD_A,EMP_FRAUD_A,VEND_SHELL_A,0.0,Historical,85.89,459,Circular Fund Flow
495,batch_495_loop_3,2,EMP_FRAUD_A -> VEND_SHELL_A -> SUB_PAYBACK_A -> EMP_FRAUD_A,VEND_SHELL_A,SUB_PAYBACK_A,0.0,Historical,89.83,459,Circular Fund Flow
495,batch_495_loop_3,3,EMP_FRAUD_A -> VEND_SHELL_A -> SUB_PAYBACK_A -> EMP_FRAUD_A,SUB_PAYBACK_A,EMP_FRAUD_A,0.0,Historical,98.38,459,Circular Fund Flow
496,batch_496_loop_1,1,EMP_FRAUD_C -> VEND_SHELL_C -> SUB_PAYBACK_C -> EMP_FRAUD_C,EMP_FRAUD_C,VEND_SHELL_C,0.0,Historical,90.99,459,Circular Fund Flow
496,batch_496_loop_1,2,EMP_FRAUD_C -> VEND_SHELL_C -> SUB_PAYBACK_C -> EMP_FRAUD_C,VEND_SHELL_C,SUB_PAYBACK_C,0.0,Historical,87.6,459,Circular Fund Flow
496,batch_496_loop_1,3,EMP_FRAUD_C -> VEND_SHELL_C -> SUB_PAYBACK_C -> EMP_FRAUD_C,SUB_PAYBACK_C,EMP_FRAUD_C,0.0,Historical,94.15,459,Circular Fund Flow
496,batch_496_loop_2,1,EMP_FRAUD_B -> VEND_SHELL_B -> SUB_PAYBACK_B -> EMP_FRAUD_B,EMP_FRAUD_B,VEND_SHELL_B,0.0,Historical,88.16,459,Circular Fund Flow
496,batch_496_loop_2,2,EMP_FRAUD_B -> VEND_SHELL_B -> SUB_PAYBACK_B -> EMP_FRAUD_B,VEND_SHELL_B,SUB_PAYBACK_B,0.0,Historical,94.76,459,Circular Fund Flow
496,batch_496_loop_2,3,EMP_FRAUD_B -> VEND_SHELL_B -> SUB_PAYBACK_B -> EMP_FRAUD_B,SUB_PAYBACK_B,EMP_FRAUD_B,0.0,Historical,95.14,459,Circular Fund Flow
496,batch_496_loop_3,1,EMP_FRAUD_A -> VEND_SHELL_A -> SUB_PAYBACK_A -> EMP_FRAUD_A,EMP_FRAUD_A,VEND_SHELL_A,0.0,Historical,93.87,459,Circular Fund Flow
496,batch_496_loop_3,2,EMP_FRAUD_A -> VEND_SHELL_A -> SUB_PAYBACK_A -> EMP_FRAUD_A,VEND_SHELL_A,SUB_PAYBACK_A,0.0,Historical,91.9,459,Circular Fund Flow
496,batch_496_loop_3,3,EMP_FRAUD_A -> VEND_SHELL_A -> SUB_PAYBACK_A -> EMP_FRAUD_A,SUB_PAYBACK_A,EMP_FRAUD_A,0.0,Historical,89.28,459,Circular Fund Flow
497,batch_497_loop_1,1,EMP_FRAUD_C -> VEND_SHELL_C -> SUB_PAYBACK_C -> EMP_FRAUD_C,EMP_FRAUD_C,VEND_SHELL_C,0.0,Historical,97.53,460,Circular Fund Flow
497,batch_497_loop_1,2,EMP_FRAUD_C -> VEND_SHELL_C -> SUB_PAYBACK_C -> EMP_FRAUD_C,VEND_SHELL_C,SUB_PAYBACK_C,0.0,Historical,95.89,460,Circular Fund Flow
497,batch_497_loop_1,3,EMP_FRAUD_C -> VEND_SHELL_C -> SUB_PAYBACK_C -> EMP_FRAUD_C,SUB_PAYBACK_C,EMP_FRAUD_C,0.0,Historical,92.62,460,Circular Fund Flow
497,batch_497_loop_2,1,EMP_FRAUD_B -> VEND_SHELL_B -> SUB_PAYBACK_B -> EMP_FRAUD_B,EMP_FRAUD_B,VEND_SHELL_B,0.0,Historical,86.18,460,Circular Fund Flow
497,batch_497_loop_2,2,EMP_FRAUD_B -> VEND_SHELL_B -> SUB_PAYBACK_B -> EMP_FRAUD_B,VEND_SHELL_B,SUB_PAYBACK_B,0.0,Historical,95.78,460,Circular Fund Flow
497,batch_497_loop_2,3,EMP_FRAUD_B -> VEND_SHELL_B -> SUB_PAYBACK_B -> EMP_FRAUD_B,SUB_PAYBACK_B,EMP_FRAUD_B,0.0,Historical,97.79,460,Circular Fund Flow
497,batch_497_loop_3,1,EMP_FRAUD_A -> VEND_SHELL_A -> SUB_PAYBACK_A -> EMP_FRAUD_A,EMP_FRAUD_A,VEND_SHELL_A,0.0,Historical,89.05,460,Circular Fund Flow
497,batch_497_loop_3,2,EMP_FRAUD_A -> VEND_SHELL_A -> SUB_PAYBACK_A -> EMP_FRAUD_A,VEND_SHELL_A,SUB_PAYBACK_A,0.0,Historical,98.1,460,Circular Fund Flow
497,batch_497_loop_3,3,EMP_FRAUD_A -> VEND_SHELL_A -> SUB_PAYBACK_A -> EMP_FRAUD_A,SUB_PAYBACK_A,EMP_FRAUD_A,0.0,Historical,86.69,460,Circular Fund Flow
498,batch_498_loop_1,1,EMP_FRAUD_C -> VEND_SHELL_C -> SUB_PAYBACK_C -> EMP_FRAUD_C,EMP_FRAUD_C,VEND_SHELL_C,0.0,Historical,85.43,463,Circular Fund Flow
498,batch_498_loop_1,2,EMP_FRAUD_C -> VEND_SHELL_C -> SUB_PAYBACK_C -> EMP_FRAUD_C,VEND_SHELL_C,SUB_PAYBACK_C,0.0,Historical,88.88,463,Circular Fund Flow
498,batch_498_loop_1,3,EMP_FRAUD_C -> VEND_SHELL_C -> SUB_PAYBACK_C -> EMP_FRAUD_C,SUB_PAYBACK_C,EMP_FRAUD_C,0.0,Historical,89.73,463,Circular Fund Flow
498,batch_498_loop_2,1,EMP_FRAUD_B -> VEND_SHELL_B -> SUB_PAYBACK_B -> EMP_FRAUD_B,EMP_FRAUD_B,VEND_SHELL_B,0.0,Historical,98.92,463,Circular Fund Flow
498,batch_498_loop_2,2,EMP_FRAUD_B -> VEND_SHELL_B -> SUB_PAYBACK_B -> EMP_FRAUD_B,VEND_SHELL_B,SUB_PAYBACK_B,0.0,Historical,94.26,463,Circular Fund Flow
498,batch_498_loop_2,3,EMP_FRAUD_B -> VEND_SHELL_B -> SUB_PAYBACK_B -> EMP_FRAUD_B,SUB_PAYBACK_B,EMP_FRAUD_B,0.0,Historical,98.06,463,Circular Fund Flow
498,batch_498_loop_3,1,EMP_FRAUD_A -> VEND_SHELL_A -> SUB_PAYBACK_A -> EMP_FRAUD_A,EMP_FRAUD_A,VEND_SHELL_A,0.0,Historical,86.22,463,Circular Fund Flow
498,batch_498_loop_3,2,EMP_FRAUD_A -> VEND_SHELL_A -> SUB_PAYBACK_A -> EMP_FRAUD_A,VEND_SHELL_A,SUB_PAYBACK_A,0.0,Historical,89.74,463,Circular Fund Flow
498,batch_498_loop_3,3,EMP_FRAUD_A -> VEND_SHELL_A -> SUB_PAYBACK_A -> EMP_FRAUD_A,SUB_PAYBACK_A,EMP_FRAUD_A,0.0,Historical,87.91,463,Circular Fund Flow
499,batch_499_loop_1,1,EMP_FRAUD_C -> VEND_SHELL_C -> SUB_PAYBACK_C -> EMP_FRAUD_C,EMP_FRAUD_C,VEND_SHELL_C,0.0,Historical,97.23,460,Circular Fund Flow
499,batch_499_loop_1,2,EMP_FRAUD_C -> VEND_SHELL_C -> SUB_PAYBACK_C -> EMP_FRAUD_C,VEND_SHELL_C,SUB_PAYBACK_C,0.0,Historical,92.31,460,Circular Fund Flow
499,batch_499_loop_1,3,EMP_FRAUD_C -> VEND_SHELL_C -> SUB_PAYBACK_C -> EMP_FRAUD_C,SUB_PAYBACK_C,EMP_FRAUD_C,0.0,Historical,89.7,460,Circular Fund Flow
499,batch_499_loop_2,1,EMP_FRAUD_B -> VEND_SHELL_B -> SUB_PAYBACK_B -> EMP_FRAUD_B,EMP_FRAUD_B,VEND_SHELL_B,0.0,Historical,94.44,460,Circular Fund Flow
499,batch_499_loop_2,2,EMP_FRAUD_B -> VEND_SHELL_B -> SUB_PAYBACK_B -> EMP_FRAUD_B,VEND_SHELL_B,SUB_PAYBACK_B,0.0,Historical,96.66,460,Circular Fund Flow
499,batch_499_loop_2,3,EMP_FRAUD_B -> VEND_SHELL_B -> SUB_PAYBACK_B -> EMP_FRAUD_B,SUB_PAYBACK_B,EMP_FRAUD_B,0.0,Historical,95.15,460,Circular Fund Flow
499,batch_499_loop_3,1,EMP_FRAUD_A -> VEND_SHELL_A -> SUB_PAYBACK_A -> EMP_FRAUD_A,EMP_FRAUD_A,VEND_SHELL_A,0.0,Historical,93.16,460,Circular Fund Flow
499,batch_499_loop_3,2,EMP_FRAUD_A -> VEND_SHELL_A -> SUB_PAYBACK_A -> EMP_FRAUD_A,VEND_SHELL_A,SUB_PAYBACK_A,0.0,Historical,85.92,460,Circular Fund Flow
499,batch_499_loop_3,3,EMP_FRAUD_A -> VEND_SHELL_A -> SUB_PAYBACK_A -> EMP_FRAUD_A,SUB_PAYBACK_A,EMP_FRAUD_A,0.0,Historical,91.28,460,Circular Fund Flow
500,batch_500_loop_1,1,EMP_FRAUD_C -> VEND_SHELL_C -> SUB_PAYBACK_C -> EMP_FRAUD_C,EMP_FRAUD_C,VEND_SHELL_C,0.0,Historical,96.78,462,Circular Fund Flow
500,batch_500_loop_1,2,EMP_FRAUD_C -> VEND_SHELL_C -> SUB_PAYBACK_C -> EMP_FRAUD_C,VEND_SHELL_C,SUB_PAYBACK_C,0.0,Historical,89.82,462,Circular Fund Flow
500,batch_500_loop_1,3,EMP_FRAUD_C -> VEND_SHELL_C -> SUB_PAYBACK_C -> EMP_FRAUD_C,SUB_PAYBACK_C,EMP_FRAUD_C,0.0,Historical,92.37,462,Circular Fund Flow
500,batch_500_loop_2,1,EMP_FRAUD_B -> VEND_SHELL_B -> SUB_PAYBACK_B -> EMP_FRAUD_B,EMP_FRAUD_B,VEND_SHELL_B,0.0,Historical,92.45,462,Circular Fund Flow
500,batch_500_loop_2,2,EMP_FRAUD_B -> VEND_SHELL_B -> SUB_PAYBACK_B -> EMP_FRAUD_B,VEND_SHELL_B,SUB_PAYBACK_B,0.0,Historical,89.01,462,Circular Fund Flow
500,batch_500_loop_2,3,EMP_FRAUD_B -> VEND_SHELL_B -> SUB_PAYBACK_B -> EMP_FRAUD_B,SUB_PAYBACK_B,EMP_FRAUD_B,0.0,Historical,97.02,462,Circular Fund Flow
500,batch_500_loop_3,1,EMP_FRAUD_A -> VEND_SHELL_A -> SUB_PAYBACK_A -> EMP_FRAUD_A,EMP_FRAUD_A,VEND_SHELL_A,0.0,Historical,89.86,462,Circular Fund Flow
500,batch_500_loop_3,2,EMP_FRAUD_A -> VEND_SHELL_A -> SUB_PAYBACK_A -> EMP_FRAUD_A,VEND_SHELL_A,SUB_PAYBACK_A,0.0,Historical,87.12,462,Circular Fund Flow
500,batch_500_loop_3,3,EMP_FRAUD_A -> VEND_SHELL_A -> SUB_PAYBACK_A -> EMP_FRAUD_A,SUB_PAYBACK_A,EMP_FRAUD_A,0.0,Historical,93.8,462,Circular Fund Flow
501,batch_501_loop_1,1,EMP_FRAUD_C -> VEND_SHELL_C -> SUB_PAYBACK_C -> EMP_FRAUD_C,EMP_FRAUD_C,VEND_SHELL_C,0.0,Historical,93.25,460,Circular Fund Flow
501,batch_501_loop_1,2,EMP_FRAUD_C -> VEND_SHELL_C -> SUB_PAYBACK_C -> EMP_FRAUD_C,VEND_SHELL_C,SUB_PAYBACK_C,0.0,Historical,88.38,460,Circular Fund Flow
501,batch_501_loop_1,3,EMP_FRAUD_C -> VEND_SHELL_C -> SUB_PAYBACK_C -> EMP_FRAUD_C,SUB_PAYBACK_C,EMP_FRAUD_C,0.0,Historical,89.26,460,Circular Fund Flow
501,batch_501_loop_2,1,EMP_FRAUD_B -> VEND_SHELL_B -> SUB_PAYBACK_B -> EMP_FRAUD_B,EMP_FRAUD_B,VEND_SHELL_B,0.0,Historical,86.09,460,Circular Fund Flow
501,batch_501_loop_2,2,EMP_FRAUD_B -> VEND_SHELL_B -> SUB_PAYBACK_B -> EMP_FRAUD_B,VEND_SHELL_B,SUB_PAYBACK_B,0.0,Historical,91.39,460,Circular Fund Flow
501,batch_501_loop_2,3,EMP_FRAUD_B -> VEND_SHELL_B -> SUB_PAYBACK_B -> EMP_FRAUD_B,SUB_PAYBACK_B,EMP_FRAUD_B,0.0,Historical,94.29,460,Circular Fund Flow
501,batch_501_loop_3,1,EMP_FRAUD_A -> VEND_SHELL_A -> SUB_PAYBACK_A -> EMP_FRAUD_A,EMP_FRAUD_A,VEND_SHELL_A,0.0,Historical,90.1,460,Circular Fund Flow
501,batch_501_loop_3,2,EMP_FRAUD_A -> VEND_SHELL_A -> SUB_PAYBACK_A -> EMP_FRAUD_A,VEND_SHELL_A,SUB_PAYBACK_A,0.0,Historical,92.6,460,Circular Fund Flow
501,batch_501_loop_3,3,EMP_FRAUD_A -> VEND_SHELL_A -> SUB_PAYBACK_A -> EMP_FRAUD_A,SUB_PAYBACK_A,EMP_FRAUD_A,0.0,Historical,92.17,460,Circular Fund Flow
502,batch_502_loop_1,1,EMP_FRAUD_C -> VEND_SHELL_C -> SUB_PAYBACK_C -> EMP_FRAUD_C,EMP_FRAUD_C,VEND_SHELL_C,0.0,Historical,94.23,462,Circular Fund Flow
502,batch_502_loop_1,2,EMP_FRAUD_C -> VEND_SHELL_C -> SUB_PAYBACK_C -> EMP_FRAUD_C,VEND_SHELL_C,SUB_PAYBACK_C,0.0,Historical,94.1,462,Circular Fund Flow
502,batch_502_loop_1,3,EMP_FRAUD_C -> VEND_SHELL_C -> SUB_PAYBACK_C -> EMP_FRAUD_C,SUB_PAYBACK_C,EMP_FRAUD_C,0.0,Historical,88.06,462,Circular Fund Flow
502,batch_502_loop_2,1,EMP_FRAUD_B -> VEND_SHELL_B -> SUB_PAYBACK_B -> EMP_FRAUD_B,EMP_FRAUD_B,VEND_SHELL_B,0.0,Historical,87.93,462,Circular Fund Flow
502,batch_502_loop_2,2,EMP_FRAUD_B -> VEND_SHELL_B -> SUB_PAYBACK_B -> EMP_FRAUD_B,VEND_SHELL_B,SUB_PAYBACK_B,0.0,Historical,87.6,462,Circular Fund Flow
502,batch_502_loop_2,3,EMP_FRAUD_B -> VEND_SHELL_B -> SUB_PAYBACK_B -> EMP_FRAUD_B,SUB_PAYBACK_B,EMP_FRAUD_B,0.0,Historical,90.93,462,Circular Fund Flow
502,batch_502_loop_3,1,EMP_FRAUD_A -> VEND_SHELL_A -> SUB_PAYBACK_A -> EMP_FRAUD_A,EMP_FRAUD_A,VEND_SHELL_A,0.0,Historical,88.32,462,Circular Fund Flow
502,batch_502_loop_3,2,EMP_FRAUD_A -> VEND_SHELL_A -> SUB_PAYBACK_A -> EMP_FRAUD_A,VEND_SHELL_A,SUB_PAYBACK_A,0.0,Historical,85.15,462,Circular Fund Flow
502,batch_502_loop_3,3,EMP_FRAUD_A -> VEND_SHELL_A -> SUB_PAYBACK_A -> EMP_FRAUD_A,SUB_PAYBACK_A,EMP_FRAUD_A,0.0,Historical,97.59,462,Circular Fund Flow
503,batch_503_loop_1,1,EMP_FRAUD_C -> VEND_SHELL_C -> SUB_PAYBACK_C -> EMP_FRAUD_C,EMP_FRAUD_C,VEND_SHELL_C,0.0,Historical,88.22,460,Circular Fund Flow
503,batch_503_loop_1,2,EMP_FRAUD_C -> VEND_SHELL_C -> SUB_PAYBACK_C -> EMP_FRAUD_C,VEND_SHELL_C,SUB_PAYBACK_C,0.0,Historical,87.13,460,Circular Fund Flow
503,batch_503_loop_1,3,EMP_FRAUD_C -> VEND_SHELL_C -> SUB_PAYBACK_C -> EMP_FRAUD_C,SUB_PAYBACK_C,EMP_FRAUD_C,0.0,Historical,90.86,460,Circular Fund Flow
503,batch_503_loop_2,1,EMP_FRAUD_B -> VEND_SHELL_B -> SUB_PAYBACK_B -> EMP_FRAUD_B,EMP_FRAUD_B,VEND_SHELL_B,0.0,Historical,94.19,460,Circular Fund Flow
503,batch_503_loop_2,2,EMP_FRAUD_B -> VEND_SHELL_B -> SUB_PAYBACK_B -> EMP_FRAUD_B,VEND_SHELL_B,SUB_PAYBACK_B,0.0,Historical,85.51,460,Circular Fund Flow
503,batch_503_loop_2,3,EMP_FRAUD_B -> VEND_SHELL_B -> SUB_PAYBACK_B -> EMP_FRAUD_B,SUB_PAYBACK_B,EMP_FRAUD_B,0.0,Historical,94.03,460,Circular Fund Flow
503,batch_503_loop_3,1,EMP_FRAUD_A -> VEND_SHELL_A -> SUB_PAYBACK_A -> EMP_FRAUD_A,EMP_FRAUD_A,VEND_SHELL_A,0.0,Historical,93.51,460,Circular Fund Flow
503,batch_503_loop_3,2,EMP_FRAUD_A -> VEND_SHELL_A -> SUB_PAYBACK_A -> EMP_FRAUD_A,VEND_SHELL_A,SUB_PAYBACK_A,0.0,Historical,87.31,460,Circular Fund Flow
503,batch_503_loop_3,3,EMP_FRAUD_A -> VEND_SHELL_A -> SUB_PAYBACK_A -> EMP_FRAUD_A,SUB_PAYBACK_A,EMP_FRAUD_A,0.0,Historical,92.08,460,Circular Fund Flow
504,batch_504_loop_1,1,EMP_FRAUD_C -> VEND_SHELL_C -> SUB_PAYBACK_C -> EMP_FRAUD_C,EMP_FRAUD_C,VEND_SHELL_C,0.0,Historical,97.96,462,Circular Fund Flow
504,batch_504_loop_1,2,EMP_FRAUD_C -> VEND_SHELL_C -> SUB_PAYBACK_C -> EMP_FRAUD_C,VEND_SHELL_C,SUB_PAYBACK_C,0.0,Historical,95.9,462,Circular Fund Flow
504,batch_504_loop_1,3,EMP_FRAUD_C -> VEND_SHELL_C -> SUB_PAYBACK_C -> EMP_FRAUD_C,SUB_PAYBACK_C,EMP_FRAUD_C,0.0,Historical,96.75,462,Circular Fund Flow
504,batch_504_loop_2,1,EMP_FRAUD_B -> VEND_SHELL_B -> SUB_PAYBACK_B -> EMP_FRAUD_B,EMP_FRAUD_B,VEND_SHELL_B,0.0,Historical,86.65,462,Circular Fund Flow
504,batch_504_loop_2,2,EMP_FRAUD_B -> VEND_SHELL_B -> SUB_PAYBACK_B -> EMP_FRAUD_B,VEND_SHELL_B,SUB_PAYBACK_B,0.0,Historical,86.42,462,Circular Fund Flow
504,batch_504_loop_2,3,EMP_FRAUD_B -> VEND_SHELL_B -> SUB_PAYBACK_B -> EMP_FRAUD_B,SUB_PAYBACK_B,EMP_FRAUD_B,0.0,Historical,92.27,462,Circular Fund Flow
504,batch_504_loop_3,1,EMP_FRAUD_A -> VEND_SHELL_A -> SUB_PAYBACK_A -> EMP_FRAUD_A,EMP_FRAUD_A,VEND_SHELL_A,0.0,Historical,86.82,462,Circular Fund Flow
504,batch_504_loop_3,2,EMP_FRAUD_A -> VEND_SHELL_A -> SUB_PAYBACK_A -> EMP_FRAUD_A,VEND_SHELL_A,SUB_PAYBACK_A,0.0,Historical,93.89,462,Circular Fund Flow
504,batch_504_loop_3,3,EMP_FRAUD_A -> VEND_SHELL_A -> SUB_PAYBACK_A -> EMP_FRAUD_A,SUB_PAYBACK_A,EMP_FRAUD_A,0.0,Historical,87.77,462,Circular Fund Flow
505,batch_505_loop_1,1,EMP_FRAUD_C -> VEND_SHELL_C -> SUB_PAYBACK_C -> EMP_FRAUD_C,EMP_FRAUD_C,VEND_SHELL_C,0.0,Historical,98.58,461,Circular Fund Flow
505,batch_505_loop_1,2,EMP_FRAUD_C -> VEND_SHELL_C -> SUB_PAYBACK_C -> EMP_FRAUD_C,VEND_SHELL_C,SUB_PAYBACK_C,0.0,Historical,97.0,461,Circular Fund Flow
505,batch_505_loop_1,3,EMP_FRAUD_C -> VEND_SHELL_C -> SUB_PAYBACK_C -> EMP_FRAUD_C,SUB_PAYBACK_C,EMP_FRAUD_C,0.0,Historical,96.23,461,Circular Fund Flow
505,batch_505_loop_2,1,EMP_FRAUD_B -> VEND_SHELL_B -> SUB_PAYBACK_B -> EMP_FRAUD_B,EMP_FRAUD_B,VEND_SHELL_B,0.0,Historical,85.75,461,Circular Fund Flow
505,batch_505_loop_2,2,EMP_FRAUD_B -> VEND_SHELL_B -> SUB_PAYBACK_B -> EMP_FRAUD_B,VEND_SHELL_B,SUB_PAYBACK_B,0.0,Historical,91.44,461,Circular Fund Flow
505,batch_505_loop_2,3,EMP_FRAUD_B -> VEND_SHELL_B -> SUB_PAYBACK_B -> EMP_FRAUD_B,SUB_PAYBACK_B,EMP_FRAUD_B,0.0,Historical,95.83,461,Circular Fund Flow
505,batch_505_loop_3,1,EMP_FRAUD_A -> VEND_SHELL_A -> SUB_PAYBACK_A -> EMP_FRAUD_A,EMP_FRAUD_A,VEND_SHELL_A,0.0,Historical,85.34,461,Circular Fund Flow
505,batch_505_loop_3,2,EMP_FRAUD_A -> VEND_SHELL_A -> SUB_PAYBACK_A -> EMP_FRAUD_A,VEND_SHELL_A,SUB_PAYBACK_A,0.0,Historical,86.78,461,Circular Fund Flow
505,batch_505_loop_3,3,EMP_FRAUD_A -> VEND_SHELL_A -> SUB_PAYBACK_A -> EMP_FRAUD_A,SUB_PAYBACK_A,EMP_FRAUD_A,0.0,Historical,95.3,461,Circular Fund Flow
506,batch_506_loop_1,1,EMP_FRAUD_C -> VEND_SHELL_C -> SUB_PAYBACK_C -> EMP_FRAUD_C,EMP_FRAUD_C,VEND_SHELL_C,0.0,Historical,95.83,460,Circular Fund Flow
506,batch_506_loop_1,2,EMP_FRAUD_C -> VEND_SHELL_C -> SUB_PAYBACK_C -> EMP_FRAUD_C,VEND_SHELL_C,SUB_PAYBACK_C,0.0,Historical,90.85,460,Circular Fund Flow
506,batch_506_loop_1,3,EMP_FRAUD_C -> VEND_SHELL_C -> SUB_PAYBACK_C -> EMP_FRAUD_C,SUB_PAYBACK_C,EMP_FRAUD_C,0.0,Historical,95.43,460,Circular Fund Flow
506,batch_506_loop_2,1,EMP_FRAUD_B -> VEND_SHELL_B -> SUB_PAYBACK_B -> EMP_FRAUD_B,EMP_FRAUD_B,VEND_SHELL_B,0.0,Historical,98.98,460,Circular Fund Flow
506,batch_506_loop_2,2,EMP_FRAUD_B -> VEND_SHELL_B -> SUB_PAYBACK_B -> EMP_FRAUD_B,VEND_SHELL_B,SUB_PAYBACK_B,0.0,Historical,92.17,460,Circular Fund Flow
506,batch_506_loop_2,3,EMP_FRAUD_B -> VEND_SHELL_B -> SUB_PAYBACK_B -> EMP_FRAUD_B,SUB_PAYBACK_B,EMP_FRAUD_B,0.0,Historical,93.16,460,Circular Fund Flow
506,batch_506_loop_3,1,EMP_FRAUD_A -> VEND_SHELL_A -> SUB_PAYBACK_A -> EMP_FRAUD_A,EMP_FRAUD_A,VEND_SHELL_A,0.0,Historical,92.23,460,Circular Fund Flow
506,batch_506_loop_3,2,EMP_FRAUD_A -> VEND_SHELL_A -> SUB_PAYBACK_A -> EMP_FRAUD_A,VEND_SHELL_A,SUB_PAYBACK_A,0.0,Historical,85.02,460,Circular Fund Flow
506,batch_506_loop_3,3,EMP_FRAUD_A -> VEND_SHELL_A -> SUB_PAYBACK_A -> EMP_FRAUD_A,SUB_PAYBACK_A,EMP_FRAUD_A,0.0,Historical,89.24,460,Circular Fund Flow
507,batch_507_loop_1,1,EMP_FRAUD_C -> VEND_SHELL_C -> SUB_PAYBACK_C -> EMP_FRAUD_C,EMP_FRAUD_C,VEND_SHELL_C,0.0,Historical,93.27,459,Circular Fund Flow
507,batch_507_loop_1,2,EMP_FRAUD_C -> VEND_SHELL_C -> SUB_PAYBACK_C -> EMP_FRAUD_C,VEND_SHELL_C,SUB_PAYBACK_C,0.0,Historical,97.79,459,Circular Fund Flow
507,batch_507_loop_1,3,EMP_FRAUD_C -> VEND_SHELL_C -> SUB_PAYBACK_C -> EMP_FRAUD_C,SUB_PAYBACK_C,EMP_FRAUD_C,0.0,Historical,89.8,459,Circular Fund Flow
507,batch_507_loop_2,1,EMP_FRAUD_B -> VEND_SHELL_B -> SUB_PAYBACK_B -> EMP_FRAUD_B,EMP_FRAUD_B,VEND_SHELL_B,0.0,Historical,85.01,459,Circular Fund Flow
507,batch_507_loop_2,2,EMP_FRAUD_B -> VEND_SHELL_B -> SUB_PAYBACK_B -> EMP_FRAUD_B,VEND_SHELL_B,SUB_PAYBACK_B,0.0,Historical,95.65,459,Circular Fund Flow
507,batch_507_loop_2,3,EMP_FRAUD_B -> VEND_SHELL_B -> SUB_PAYBACK_B -> EMP_FRAUD_B,SUB_PAYBACK_B,EMP_FRAUD_B,0.0,Historical,87.77,459,Circular Fund Flow
507,batch_507_loop_3,1,EMP_FRAUD_A -> VEND_SHELL_A -> SUB_PAYBACK_A -> EMP_FRAUD_A,EMP_FRAUD_A,VEND_SHELL_A,0.0,Historical,90.44,459,Circular Fund Flow
507,batch_507_loop_3,2,EMP_FRAUD_A -> VEND_SHELL_A -> SUB_PAYBACK_A -> EMP_FRAUD_A,VEND_SHELL_A,SUB_PAYBACK_A,0.0,Historical,97.01,459,Circular Fund Flow
507,batch_507_loop_3,3,EMP_FRAUD_A -> VEND_SHELL_A -> SUB_PAYBACK_A -> EMP_FRAUD_A,SUB_PAYBACK_A,EMP_FRAUD_A,0.0,Historical,91.62,459,Circular Fund Flow
508,batch_508_loop_1,1,EMP_FRAUD_C -> VEND_SHELL_C -> SUB_PAYBACK_C -> EMP_FRAUD_C,EMP_FRAUD_C,VEND_SHELL_C,11537.59,2026-04-18T06:47:42Z,100.0,460,Circular Fund Flow
508,batch_508_loop_1,2,EMP_FRAUD_C -> VEND_SHELL_C -> SUB_PAYBACK_C -> EMP_FRAUD_C,VEND_SHELL_C,SUB_PAYBACK_C,11268.06,2026-04-18T06:47:42Z,100.0,460,Circular Fund Flow
508,batch_508_loop_1,3,EMP_FRAUD_C -> VEND_SHELL_C -> SUB_PAYBACK_C -> EMP_FRAUD_C,SUB_PAYBACK_C,EMP_FRAUD_C,11235.75,2026-04-18T06:47:42Z,100.0,460,Circular Fund Flow
508,batch_508_loop_2,1,EMP_FRAUD_B -> VEND_SHELL_B -> SUB_PAYBACK_B -> EMP_FRAUD_B,EMP_FRAUD_B,VEND_SHELL_B,12504.49,2026-04-18T06:47:42Z,100.0,460,Circular Fund Flow
508,batch_508_loop_2,2,EMP_FRAUD_B -> VEND_SHELL_B -> SUB_PAYBACK_B -> EMP_FRAUD_B,VEND_SHELL_B,SUB_PAYBACK_B,11218.32,2026-04-18T06:47:42Z,100.0,460,Circular Fund Flow
508,batch_508_loop_2,3,EMP_FRAUD_B -> VEND_SHELL_B -> SUB_PAYBACK_B -> EMP_FRAUD_B,SUB_PAYBACK_B,EMP_FRAUD_B,9809.86,2026-04-18T06:47:42Z,100.0,460,Circular Fund Flow
508,batch_508_loop_3,1,EMP_FRAUD_A -> VEND_SHELL_A -> SUB_PAYBACK_A -> EMP_FRAUD_A,EMP_FRAUD_A,VEND_SHELL_A,11121.34,2026-04-18T06:47:42Z,100.0,460,Circular Fund Flow
508,batch_508_loop_3,2,EMP_FRAUD_A -> VEND_SHELL_A -> SUB_PAYBACK_A -> EMP_FRAUD_A,VEND_SHELL_A,SUB_PAYBACK_A,10177.71,2026-04-18T06:47:42Z,100.0,460,Circular Fund Flow
508,batch_508_loop_3,3,EMP_FRAUD_A -> VEND_SHELL_A -> SUB_PAYBACK_A -> EMP_FRAUD_A,SUB_PAYBACK_A,EMP_FRAUD_A,9556.6,2026-04-18T06:47:42Z,100.0,460,Circular Fund Flow
509,batch_509_loop_1,1,EMP_FRAUD_C -> VEND_SHELL_C -> SUB_PAYBACK_C -> EMP_FRAUD_C,EMP_FRAUD_C,VEND_SHELL_C,0.0,Historical,94.79,460,Circular Fund Flow
509,batch_509_loop_1,2,EMP_FRAUD_C -> VEND_SHELL_C -> SUB_PAYBACK_C -> EMP_FRAUD_C,VEND_SHELL_C,SUB_PAYBACK_C,0.0,Historical,87.91,460,Circular Fund Flow
509,batch_509_loop_1,3,EMP_FRAUD_C -> VEND_SHELL_C -> SUB_PAYBACK_C -> EMP_FRAUD_C,SUB_PAYBACK_C,EMP_FRAUD_C,0.0,Historical,91.67,460,Circular Fund Flow
509,batch_509_loop_2,1,EMP_FRAUD_B -> VEND_SHELL_B -> SUB_PAYBACK_B -> EMP_FRAUD_B,EMP_FRAUD_B,VEND_SHELL_B,0.0,Historical,98.8,460,Circular Fund Flow
509,batch_509_loop_2,2,EMP_FRAUD_B -> VEND_SHELL_B -> SUB_PAYBACK_B -> EMP_FRAUD_B,VEND_SHELL_B,SUB_PAYBACK_B,0.0,Historical,90.66,460,Circular Fund Flow
509,batch_509_loop_2,3,EMP_FRAUD_B -> VEND_SHELL_B -> SUB_PAYBACK_B -> EMP_FRAUD_B,SUB_PAYBACK_B,EMP_FRAUD_B,0.0,Historical,91.19,460,Circular Fund Flow
509,batch_509_loop_3,1,EMP_FRAUD_A -> VEND_SHELL_A -> SUB_PAYBACK_A -> EMP_FRAUD_A,EMP_FRAUD_A,VEND_SHELL_A,0.0,Historical,92.41,460,Circular Fund Flow
509,batch_509_loop_3,2,EMP_FRAUD_A -> VEND_SHELL_A -> SUB_PAYBACK_A -> EMP_FRAUD_A,VEND_SHELL_A,SUB_PAYBACK_A,0.0,Historical,85.8,460,Circular Fund Flow
509,batch_509_loop_3,3,EMP_FRAUD_A -> VEND_SHELL_A -> SUB_PAYBACK_A -> EMP_FRAUD_A,SUB_PAYBACK_A,EMP_FRAUD_A,0.0,Historical,95.85,460,Circular Fund Flow
510,batch_510_loop_1,1,EMP_FRAUD_C -> VEND_SHELL_C -> SUB_PAYBACK_C -> EMP_FRAUD_C,EMP_FRAUD_C,VEND_SHELL_C,0.0,Historical,88.29,460,Circular Fund Flow
510,batch_510_loop_1,2,EMP_FRAUD_C -> VEND_SHELL_C -> SUB_PAYBACK_C -> EMP_FRAUD_C,VEND_SHELL_C,SUB_PAYBACK_C,0.0,Historical,85.09,460,Circular Fund Flow
510,batch_510_loop_1,3,EMP_FRAUD_C -> VEND_SHELL_C -> SUB_PAYBACK_C -> EMP_FRAUD_C,SUB_PAYBACK_C,EMP_FRAUD_C,0.0,Historical,89.07,460,Circular Fund Flow
510,batch_510_loop_2,1,EMP_FRAUD_B -> VEND_SHELL_B -> SUB_PAYBACK_B -> EMP_FRAUD_B,EMP_FRAUD_B,VEND_SHELL_B,0.0,Historical,93.65,460,Circular Fund Flow
510,batch_510_loop_2,2,EMP_FRAUD_B -> VEND_SHELL_B -> SUB_PAYBACK_B -> EMP_FRAUD_B,VEND_SHELL_B,SUB_PAYBACK_B,0.0,Historical,93.06,460,Circular Fund Flow
510,batch_510_loop_2,3,EMP_FRAUD_B -> VEND_SHELL_B -> SUB_PAYBACK_B -> EMP_FRAUD_B,SUB_PAYBACK_B,EMP_FRAUD_B,0.0,Historical,93.22,460,Circular Fund Flow
510,batch_510_loop_3,1,EMP_FRAUD_A -> VEND_SHELL_A -> SUB_PAYBACK_A -> EMP_FRAUD_A,EMP_FRAUD_A,VEND_SHELL_A,0.0,Historical,86.67,460,Circular Fund Flow
510,batch_510_loop_3,2,EMP_FRAUD_A -> VEND_SHELL_A -> SUB_PAYBACK_A -> EMP_FRAUD_A,VEND_SHELL_A,SUB_PAYBACK_A,0.0,Historical,94.63,460,Circular Fund Flow
510,batch_510_loop_3,3,EMP_FRAUD_A -> VEND_SHELL_A -> SUB_PAYBACK_A -> EMP_FRAUD_A,SUB_PAYBACK_A,EMP_FRAUD_A,0.0,Historical,87.64,460,Circular Fund Flow
511,batch_511_loop_1,1,EMP_FRAUD_C -> VEND_SHELL_C -> SUB_PAYBACK_C -> EMP_FRAUD_C,EMP_FRAUD_C,VEND_SHELL_C,0.0,Historical,97.71,460,Circular Fund Flow
511,batch_511_loop_1,2,EMP_FRAUD_C -> VEND_SHELL_C -> SUB_PAYBACK_C -> EMP_FRAUD_C,VEND_SHELL_C,SUB_PAYBACK_C,0.0,Historical,88.27,460,Circular Fund Flow
511,batch_511_loop_1,3,EMP_FRAUD_C -> VEND_SHELL_C -> SUB_PAYBACK_C -> EMP_FRAUD_C,SUB_PAYBACK_C,EMP_FRAUD_C,0.0,Historical,89.67,460,Circular Fund Flow
511,batch_511_loop_2,1,EMP_FRAUD_B -> VEND_SHELL_B -> SUB_PAYBACK_B -> EMP_FRAUD_B,EMP_FRAUD_B,VEND_SHELL_B,0.0,Historical,96.78,460,Circular Fund Flow
511,batch_511_loop_2,2,EMP_FRAUD_B -> VEND_SHELL_B -> SUB_PAYBACK_B -> EMP_FRAUD_B,VEND_SHELL_B,SUB_PAYBACK_B,0.0,Historical,88.12,460,Circular Fund Flow
511,batch_511_loop_2,3,EMP_FRAUD_B -> VEND_SHELL_B -> SUB_PAYBACK_B -> EMP_FRAUD_B,SUB_PAYBACK_B,EMP_FRAUD_B,0.0,Historical,86.66,460,Circular Fund Flow
511,batch_511_loop_3,1,EMP_FRAUD_A -> VEND_SHELL_A -> SUB_PAYBACK_A -> EMP_FRAUD_A,EMP_FRAUD_A,VEND_SHELL_A,0.0,Historical,88.21,460,Circular Fund Flow
511,batch_511_loop_3,2,EMP_FRAUD_A -> VEND_SHELL_A -> SUB_PAYBACK_A -> EMP_FRAUD_A,VEND_SHELL_A,SUB_PAYBACK_A,0.0,Historical,88.45,460,Circular Fund Flow
511,batch_511_loop_3,3,EMP_FRAUD_A -> VEND_SHELL_A -> SUB_PAYBACK_A -> EMP_FRAUD_A,SUB_PAYBACK_A,EMP_FRAUD_A,0.0,Historical,93.51,460,Circular Fund Flow
512,batch_512_loop_1,1,EMP_FRAUD_C -> VEND_SHELL_C -> SUB_PAYBACK_C -> EMP_FRAUD_C,EMP_FRAUD_C,VEND_SHELL_C,0.0,Historical,87.82,460,Circular Fund Flow
512,batch_512_loop_1,2,EMP_FRAUD_C -> VEND_SHELL_C -> SUB_PAYBACK_C -> EMP_FRAUD_C,VEND_SHELL_C,SUB_PAYBACK_C,0.0,Historical,95.54,460,Circular Fund Flow
512,batch_512_loop_1,3,EMP_FRAUD_C -> VEND_SHELL_C -> SUB_PAYBACK_C -> EMP_FRAUD_C,SUB_PAYBACK_C,EMP_FRAUD_C,0.0,Historical,94.87,460,Circular Fund Flow
512,batch_512_loop_2,1,EMP_FRAUD_B -> VEND_SHELL_B -> SUB_PAYBACK_B -> EMP_FRAUD_B,EMP_FRAUD_B,VEND_SHELL_B,0.0,Historical,94.45,460,Circular Fund Flow
512,batch_512_loop_2,2,EMP_FRAUD_B -> VEND_SHELL_B -> SUB_PAYBACK_B -> EMP_FRAUD_B,VEND_SHELL_B,SUB_PAYBACK_B,0.0,Historical,97.88,460,Circular Fund Flow
512,batch_512_loop_2,3,EMP_FRAUD_B -> VEND_SHELL_B -> SUB_PAYBACK_B -> EMP_FRAUD_B,SUB_PAYBACK_B,EMP_FRAUD_B,0.0,Historical,94.33,460,Circular Fund Flow
512,batch_512_loop_3,1,EMP_FRAUD_A -> VEND_SHELL_A -> SUB_PAYBACK_A -> EMP_FRAUD_A,EMP_FRAUD_A,VEND_SHELL_A,0.0,Historical,88.01,460,Circular Fund Flow
512,batch_512_loop_3,2,EMP_FRAUD_A -> VEND_SHELL_A -> SUB_PAYBACK_A -> EMP_FRAUD_A,VEND_SHELL_A,SUB_PAYBACK_A,0.0,Historical,94.89,460,Circular Fund Flow
512,batch_512_loop_3,3,EMP_FRAUD_A -> VEND_SHELL_A -> SUB_PAYBACK_A -> EMP_FRAUD_A,SUB_PAYBACK_A,EMP_FRAUD_A,0.0,Historical,92.95,460,Circular Fund Flow
513,batch_513_loop_1,1,EMP_FRAUD_C -> VEND_SHELL_C -> SUB_PAYBACK_C -> EMP_FRAUD_C,EMP_FRAUD_C,VEND_SHELL_C,0.0,Historical,90.95,461,Circular Fund Flow
513,batch_513_loop_1,2,EMP_FRAUD_C -> VEND_SHELL_C -> SUB_PAYBACK_C -> EMP_FRAUD_C,VEND_SHELL_C,SUB_PAYBACK_C,0.0,Historical,90.75,461,Circular Fund Flow
513,batch_513_loop_1,3,EMP_FRAUD_C -> VEND_SHELL_C -> SUB_PAYBACK_C -> EMP_FRAUD_C,SUB_PAYBACK_C,EMP_FRAUD_C,0.0,Historical,97.82,461,Circular Fund Flow
513,batch_513_loop_2,1,EMP_FRAUD_B -> VEND_SHELL_B -> SUB_PAYBACK_B -> EMP_FRAUD_B,EMP_FRAUD_B,VEND_SHELL_B,0.0,Historical,96.1,461,Circular Fund Flow
513,batch_513_loop_2,2,EMP_FRAUD_B -> VEND_SHELL_B -> SUB_PAYBACK_B -> EMP_FRAUD_B,VEND_SHELL_B,SUB_PAYBACK_B,0.0,Historical,97.73,461,Circular Fund Flow
513,batch_513_loop_2,3,EMP_FRAUD_B -> VEND_SHELL_B -> SUB_PAYBACK_B -> EMP_FRAUD_B,SUB_PAYBACK_B,EMP_FRAUD_B,0.0,Historical,97.23,461,Circular Fund Flow
513,batch_513_loop_3,1,EMP_FRAUD_A -> VEND_SHELL_A -> SUB_PAYBACK_A -> EMP_FRAUD_A,EMP_FRAUD_A,VEND_SHELL_A,0.0,Historical,97.32,461,Circular Fund Flow
513,batch_513_loop_3,2,EMP_FRAUD_A -> VEND_SHELL_A -> SUB_PAYBACK_A -> EMP_FRAUD_A,VEND_SHELL_A,SUB_PAYBACK_A,0.0,Historical,90.39,461,Circular Fund Flow
513,batch_513_loop_3,3,EMP_FRAUD_A -> VEND_SHELL_A -> SUB_PAYBACK_A -> EMP_FRAUD_A,SUB_PAYBACK_A,EMP_FRAUD_A,0.0,Historical,91.96,461,Circular Fund Flow
514,batch_514_loop_1,1,EMP_FRAUD_C -> VEND_SHELL_C -> SUB_PAYBACK_C -> EMP_FRAUD_C,EMP_FRAUD_C,VEND_SHELL_C,0.0,Historical,98.52,461,Circular Fund Flow
514,batch_514_loop_1,2,EMP_FRAUD_C -> VEND_SHELL_C -> SUB_PAYBACK_C -> EMP_FRAUD_C,VEND_SHELL_C,SUB_PAYBACK_C,0.0,Historical,88.57,461,Circular Fund Flow
514,batch_514_loop_1,3,EMP_FRAUD_C -> VEND_SHELL_C -> SUB_PAYBACK_C -> EMP_FRAUD_C,SUB_PAYBACK_C,EMP_FRAUD_C,0.0,Historical,95.47,461,Circular Fund Flow
514,batch_514_loop_2,1,EMP_FRAUD_B -> VEND_SHELL_B -> SUB_PAYBACK_B -> EMP_FRAUD_B,EMP_FRAUD_B,VEND_SHELL_B,0.0,Historical,97.74,461,Circular Fund Flow
514,batch_514_loop_2,2,EMP_FRAUD_B -> VEND_SHELL_B -> SUB_PAYBACK_B -> EMP_FRAUD_B,VEND_SHELL_B,SUB_PAYBACK_B,0.0,Historical,85.8,461,Circular Fund Flow
514,batch_514_loop_2,3,EMP_FRAUD_B -> VEND_SHELL_B -> SUB_PAYBACK_B -> EMP_FRAUD_B,SUB_PAYBACK_B,EMP_FRAUD_B,0.0,Historical,86.6,461,Circular Fund Flow
514,batch_514_loop_3,1,EMP_FRAUD_A -> VEND_SHELL_A -> SUB_PAYBACK_A -> EMP_FRAUD_A,EMP_FRAUD_A,VEND_SHELL_A,0.0,Historical,87.67,461,Circular Fund Flow
514,batch_514_loop_3,2,EMP_FRAUD_A -> VEND_SHELL_A -> SUB_PAYBACK_A -> EMP_FRAUD_A,VEND_SHELL_A,SUB_PAYBACK_A,0.0,Historical,94.38,461,Circular Fund Flow
514,batch_514_loop_3,3,EMP_FRAUD_A -> VEND_SHELL_A -> SUB_PAYBACK_A -> EMP_FRAUD_A,SUB_PAYBACK_A,EMP_FRAUD_A,0.0,Historical,96.64,461,Circular Fund Flow
515,batch_515_loop_1,1,EMP_FRAUD_C -> VEND_SHELL_C -> SUB_PAYBACK_C -> EMP_FRAUD_C,EMP_FRAUD_C,VEND_SHELL_C,0.0,Historical,91.61,460,Circular Fund Flow
515,batch_515_loop_1,2,EMP_FRAUD_C -> VEND_SHELL_C -> SUB_PAYBACK_C -> EMP_FRAUD_C,VEND_SHELL_C,SUB_PAYBACK_C,0.0,Historical,86.81,460,Circular Fund Flow
515,batch_515_loop_1,3,EMP_FRAUD_C -> VEND_SHELL_C -> SUB_PAYBACK_C -> EMP_FRAUD_C,SUB_PAYBACK_C,EMP_FRAUD_C,0.0,Historical,90.37,460,Circular Fund Flow
515,batch_515_loop_2,1,EMP_FRAUD_B -> VEND_SHELL_B -> SUB_PAYBACK_B -> EMP_FRAUD_B,EMP_FRAUD_B,VEND_SHELL_B,0.0,Historical,89.11,460,Circular Fund Flow
515,batch_515_loop_2,2,EMP_FRAUD_B -> VEND_SHELL_B -> SUB_PAYBACK_B -> EMP_FRAUD_B,VEND_SHELL_B,SUB_PAYBACK_B,0.0,Historical,87.33,460,Circular Fund Flow
515,batch_515_loop_2,3,EMP_FRAUD_B -> VEND_SHELL_B -> SUB_PAYBACK_B -> EMP_FRAUD_B,SUB_PAYBACK_B,EMP_FRAUD_B,0.0,Historical,98.05,460,Circular Fund Flow
515,batch_515_loop_3,1,EMP_FRAUD_A -> VEND_SHELL_A -> SUB_PAYBACK_A -> EMP_FRAUD_A,EMP_FRAUD_A,VEND_SHELL_A,0.0,Historical,96.82,460,Circular Fund Flow
515,batch_515_loop_3,2,EMP_FRAUD_A -> VEND_SHELL_A -> SUB_PAYBACK_A -> EMP_FRAUD_A,VEND_SHELL_A,SUB_PAYBACK_A,0.0,Historical,86.02,460,Circular Fund Flow
515,batch_515_loop_3,3,EMP_FRAUD_A -> VEND_SHELL_A -> SUB_PAYBACK_A -> EMP_FRAUD_A,SUB_PAYBACK_A,EMP_FRAUD_A,0.0,Historical,94.2,460,Circular Fund Flow
516,batch_516_loop_1,1,EMP_FRAUD_C -> VEND_SHELL_C -> SUB_PAYBACK_C -> EMP_FRAUD_C,EMP_FRAUD_C,VEND_SHELL_C,0.0,Historical,92.57,458,Circular Fund Flow
516,batch_516_loop_1,2,EMP_FRAUD_C -> VEND_SHELL_C -> SUB_PAYBACK_C -> EMP_FRAUD_C,VEND_SHELL_C,SUB_PAYBACK_C,0.0,Historical,91.6,458,Circular Fund Flow
516,batch_516_loop_1,3,EMP_FRAUD_C -> VEND_SHELL_C -> SUB_PAYBACK_C -> EMP_FRAUD_C,SUB_PAYBACK_C,EMP_FRAUD_C,0.0,Historical,92.42,458,Circular Fund Flow
516,batch_516_loop_2,1,EMP_FRAUD_B -> VEND_SHELL_B -> SUB_PAYBACK_B -> EMP_FRAUD_B,EMP_FRAUD_B,VEND_SHELL_B,0.0,Historical,94.8,458,Circular Fund Flow
516,batch_516_loop_2,2,EMP_FRAUD_B -> VEND_SHELL_B -> SUB_PAYBACK_B -> EMP_FRAUD_B,VEND_SHELL_B,SUB_PAYBACK_B,0.0,Historical,86.06,458,Circular Fund Flow
516,batch_516_loop_2,3,EMP_FRAUD_B -> VEND_SHELL_B -> SUB_PAYBACK_B -> EMP_FRAUD_B,SUB_PAYBACK_B,EMP_FRAUD_B,0.0,Historical,90.93,458,Circular Fund Flow
516,batch_516_loop_3,1,EMP_FRAUD_A -> VEND_SHELL_A -> SUB_PAYBACK_A -> EMP_FRAUD_A,EMP_FRAUD_A,VEND_SHELL_A,0.0,Historical,85.67,458,Circular Fund Flow
516,batch_516_loop_3,2,EMP_FRAUD_A -> VEND_SHELL_A -> SUB_PAYBACK_A -> EMP_FRAUD_A,VEND_SHELL_A,SUB_PAYBACK_A,0.0,Historical,94.4,458,Circular Fund Flow
516,batch_516_loop_3,3,EMP_FRAUD_A -> VEND_SHELL_A -> SUB_PAYBACK_A -> EMP_FRAUD_A,SUB_PAYBACK_A,EMP_FRAUD_A,0.0,Historical,91.96,458,Circular Fund Flow
517,batch_517_loop_1,1,EMP_FRAUD_C -> VEND_SHELL_C -> SUB_PAYBACK_C -> EMP_FRAUD_C,EMP_FRAUD_C,VEND_SHELL_C,0.0,Historical,90.98,461,Circular Fund Flow
517,batch_517_loop_1,2,EMP_FRAUD_C -> VEND_SHELL_C -> SUB_PAYBACK_C -> EMP_FRAUD_C,VEND_SHELL_C,SUB_PAYBACK_C,0.0,Historical,86.17,461,Circular Fund Flow
517,batch_517_loop_1,3,EMP_FRAUD_C -> VEND_SHELL_C -> SUB_PAYBACK_C -> EMP_FRAUD_C,SUB_PAYBACK_C,EMP_FRAUD_C,0.0,Historical,92.54,461,Circular Fund Flow
517,batch_517_loop_2,1,EMP_FRAUD_B -> VEND_SHELL_B -> SUB_PAYBACK_B -> EMP_FRAUD_B,EMP_FRAUD_B,VEND_SHELL_B,0.0,Historical,87.05,461,Circular Fund Flow
517,batch_517_loop_2,2,EMP_FRAUD_B -> VEND_SHELL_B -> SUB_PAYBACK_B -> EMP_FRAUD_B,VEND_SHELL_B,SUB_PAYBACK_B,0.0,Historical,93.27,461,Circular Fund Flow
517,batch_517_loop_2,3,EMP_FRAUD_B -> VEND_SHELL_B -> SUB_PAYBACK_B -> EMP_FRAUD_B,SUB_PAYBACK_B,EMP_FRAUD_B,0.0,Historical,89.82,461,Circular Fund Flow
517,batch_517_loop_3,1,EMP_FRAUD_A -> VEND_SHELL_A -> SUB_PAYBACK_A -> EMP_FRAUD_A,EMP_FRAUD_A,VEND_SHELL_A,0.0,Historical,97.89,461,Circular Fund Flow
517,batch_517_loop_3,2,EMP_FRAUD_A -> VEND_SHELL_A -> SUB_PAYBACK_A -> EMP_FRAUD_A,VEND_SHELL_A,SUB_PAYBACK_A,0.0,Historical,87.76,461,Circular Fund Flow
517,batch_517_loop_3,3,EMP_FRAUD_A -> VEND_SHELL_A -> SUB_PAYBACK_A -> EMP_FRAUD_A,SUB_PAYBACK_A,EMP_FRAUD_A,0.0,Historical,98.26,461,Circular Fund Flow
518,batch_518_loop_1,1,EMP_FRAUD_C -> VEND_SHELL_C -> SUB_PAYBACK_C -> EMP_FRAUD_C,EMP_FRAUD_C,VEND_SHELL_C,0.0,Historical,92.32,459,Circular Fund Flow
518,batch_518_loop_1,2,EMP_FRAUD_C -> VEND_SHELL_C -> SUB_PAYBACK_C -> EMP_FRAUD_C,VEND_SHELL_C,SUB_PAYBACK_C,0.0,Historical,88.54,459,Circular Fund Flow
518,batch_518_loop_1,3,EMP_FRAUD_C -> VEND_SHELL_C -> SUB_PAYBACK_C -> EMP_FRAUD_C,SUB_PAYBACK_C,EMP_FRAUD_C,0.0,Historical,88.78,459,Circular Fund Flow
518,batch_518_loop_2,1,EMP_FRAUD_B -> VEND_SHELL_B -> SUB_PAYBACK_B -> EMP_FRAUD_B,EMP_FRAUD_B,VEND_SHELL_B,0.0,Historical,92.63,459,Circular Fund Flow
518,batch_518_loop_2,2,EMP_FRAUD_B -> VEND_SHELL_B -> SUB_PAYBACK_B -> EMP_FRAUD_B,VEND_SHELL_B,SUB_PAYBACK_B,0.0,Historical,88.6,459,Circular Fund Flow
518,batch_518_loop_2,3,EMP_FRAUD_B -> VEND_SHELL_B -> SUB_PAYBACK_B -> EMP_FRAUD_B,SUB_PAYBACK_B,EMP_FRAUD_B,0.0,Historical,85.04,459,Circular Fund Flow
518,batch_518_loop_3,1,EMP_FRAUD_A -> VEND_SHELL_A -> SUB_PAYBACK_A -> EMP_FRAUD_A,EMP_FRAUD_A,VEND_SHELL_A,0.0,Historical,92.95,459,Circular Fund Flow
518,batch_518_loop_3,2,EMP_FRAUD_A -> VEND_SHELL_A -> SUB_PAYBACK_A -> EMP_FRAUD_A,VEND_SHELL_A,SUB_PAYBACK_A,0.0,Historical,93.49,459,Circular Fund Flow
518,batch_518_loop_3,3,EMP_FRAUD_A -> VEND_SHELL_A -> SUB_PAYBACK_A -> EMP_FRAUD_A,SUB_PAYBACK_A,EMP_FRAUD_A,0.0,Historical,89.84,459,Circular Fund Flow
519,batch_519_loop_1,1,EMP_FRAUD_C -> VEND_SHELL_C -> SUB_PAYBACK_C -> EMP_FRAUD_C,EMP_FRAUD_C,VEND_SHELL_C,0.0,Historical,96.86,461,Circular Fund Flow
519,batch_519_loop_1,2,EMP_FRAUD_C -> VEND_SHELL_C -> SUB_PAYBACK_C -> EMP_FRAUD_C,VEND_SHELL_C,SUB_PAYBACK_C,0.0,Historical,98.44,461,Circular Fund Flow
519,batch_519_loop_1,3,EMP_FRAUD_C -> VEND_SHELL_C -> SUB_PAYBACK_C -> EMP_FRAUD_C,SUB_PAYBACK_C,EMP_FRAUD_C,0.0,Historical,90.47,461,Circular Fund Flow
519,batch_519_loop_2,1,EMP_FRAUD_B -> VEND_SHELL_B -> SUB_PAYBACK_B -> EMP_FRAUD_B,EMP_FRAUD_B,VEND_SHELL_B,0.0,Historical,87.31,461,Circular Fund Flow
519,batch_519_loop_2,2,EMP_FRAUD_B -> VEND_SHELL_B -> SUB_PAYBACK_B -> EMP_FRAUD_B,VEND_SHELL_B,SUB_PAYBACK_B,0.0,Historical,92.23,461,Circular Fund Flow
519,batch_519_loop_2,3,EMP_FRAUD_B -> VEND_SHELL_B -> SUB_PAYBACK_B -> EMP_FRAUD_B,SUB_PAYBACK_B,EMP_FRAUD_B,0.0,Historical,86.25,461,Circular Fund Flow
519,batch_519_loop_3,1,EMP_FRAUD_A -> VEND_SHELL_A -> SUB_PAYBACK_A -> EMP_FRAUD_A,EMP_FRAUD_A,VEND_SHELL_A,0.0,Historical,96.71,461,Circular Fund Flow
519,batch_519_loop_3,2,EMP_FRAUD_A -> VEND_SHELL_A -> SUB_PAYBACK_A -> EMP_FRAUD_A,VEND_SHELL_A,SUB_PAYBACK_A,0.0,Historical,92.38,461,Circular Fund Flow
519,batch_519_loop_3,3,EMP_FRAUD_A -> VEND_SHELL_A -> SUB_PAYBACK_A -> EMP_FRAUD_A,SUB_PAYBACK_A,EMP_FRAUD_A,0.0,Historical,85.5,461,Circular Fund Flow
520,batch_520_loop_1,1,EMP_FRAUD_C -> VEND_SHELL_C -> SUB_PAYBACK_C -> EMP_FRAUD_C,EMP_FRAUD_C,VEND_SHELL_C,0.0,Historical,91.73,459,Circular Fund Flow
520,batch_520_loop_1,2,EMP_FRAUD_C -> VEND_SHELL_C -> SUB_PAYBACK_C -> EMP_FRAUD_C,VEND_SHELL_C,SUB_PAYBACK_C,0.0,Historical,88.4,459,Circular Fund Flow
520,batch_520_loop_1,3,EMP_FRAUD_C -> VEND_SHELL_C -> SUB_PAYBACK_C -> EMP_FRAUD_C,SUB_PAYBACK_C,EMP_FRAUD_C,0.0,Historical,94.02,459,Circular Fund Flow
520,batch_520_loop_2,1,EMP_FRAUD_B -> VEND_SHELL_B -> SUB_PAYBACK_B -> EMP_FRAUD_B,EMP_FRAUD_B,VEND_SHELL_B,0.0,Historical,85.7,459,Circular Fund Flow
520,batch_520_loop_2,2,EMP_FRAUD_B -> VEND_SHELL_B -> SUB_PAYBACK_B -> EMP_FRAUD_B,VEND_SHELL_B,SUB_PAYBACK_B,0.0,Historical,85.74,459,Circular Fund Flow
520,batch_520_loop_2,3,EMP_FRAUD_B -> VEND_SHELL_B -> SUB_PAYBACK_B -> EMP_FRAUD_B,SUB_PAYBACK_B,EMP_FRAUD_B,0.0,Historical,89.36,459,Circular Fund Flow
520,batch_520_loop_3,1,EMP_FRAUD_A -> VEND_SHELL_A -> SUB_PAYBACK_A -> EMP_FRAUD_A,EMP_FRAUD_A,VEND_SHELL_A,0.0,Historical,97.87,459,Circular Fund Flow
520,batch_520_loop_3,2,EMP_FRAUD_A -> VEND_SHELL_A -> SUB_PAYBACK_A -> EMP_FRAUD_A,VEND_SHELL_A,SUB_PAYBACK_A,0.0,Historical,98.62,459,Circular Fund Flow
520,batch_520_loop_3,3,EMP_FRAUD_A -> VEND_SHELL_A -> SUB_PAYBACK_A -> EMP_FRAUD_A,SUB_PAYBACK_A,EMP_FRAUD_A,0.0,Historical,98.87,459,Circular Fund Flow
521,batch_521_loop_1,1,EMP_FRAUD_C -> VEND_SHELL_C -> SUB_PAYBACK_C -> EMP_FRAUD_C,EMP_FRAUD_C,VEND_SHELL_C,0.0,Historical,93.74,460,Circular Fund Flow
521,batch_521_loop_1,2,EMP_FRAUD_C -> VEND_SHELL_C -> SUB_PAYBACK_C -> EMP_FRAUD_C,VEND_SHELL_C,SUB_PAYBACK_C,0.0,Historical,93.47,460,Circular Fund Flow
521,batch_521_loop_1,3,EMP_FRAUD_C -> VEND_SHELL_C -> SUB_PAYBACK_C -> EMP_FRAUD_C,SUB_PAYBACK_C,EMP_FRAUD_C,0.0,Historical,98.87,460,Circular Fund Flow
521,batch_521_loop_2,1,EMP_FRAUD_B -> VEND_SHELL_B -> SUB_PAYBACK_B -> EMP_FRAUD_B,EMP_FRAUD_B,VEND_SHELL_B,0.0,Historical,95.82,460,Circular Fund Flow
521,batch_521_loop_2,2,EMP_FRAUD_B -> VEND_SHELL_B -> SUB_PAYBACK_B -> EMP_FRAUD_B,VEND_SHELL_B,SUB_PAYBACK_B,0.0,Historical,94.15,460,Circular Fund Flow
521,batch_521_loop_2,3,EMP_FRAUD_B -> VEND_SHELL_B -> SUB_PAYBACK_B -> EMP_FRAUD_B,SUB_PAYBACK_B,EMP_FRAUD_B,0.0,Historical,96.09,460,Circular Fund Flow
521,batch_521_loop_3,1,EMP_FRAUD_A -> VEND_SHELL_A -> SUB_PAYBACK_A -> EMP_FRAUD_A,EMP_FRAUD_A,VEND_SHELL_A,0.0,Historical,85.07,460,Circular Fund Flow
521,batch_521_loop_3,2,EMP_FRAUD_A -> VEND_SHELL_A -> SUB_PAYBACK_A -> EMP_FRAUD_A,VEND_SHELL_A,SUB_PAYBACK_A,0.0,Historical,91.12,460,Circular Fund Flow
521,batch_521_loop_3,3,EMP_FRAUD_A -> VEND_SHELL_A -> SUB_PAYBACK_A -> EMP_FRAUD_A,SUB_PAYBACK_A,EMP_FRAUD_A,0.0,Historical,98.71,460,Circular Fund Flow
522,batch_522_loop_1,1,EMP_FRAUD_C -> VEND_SHELL_C -> SUB_PAYBACK_C -> EMP_FRAUD_C,EMP_FRAUD_C,VEND_SHELL_C,0.0,Historical,91.63,462,Circular Fund Flow
522,batch_522_loop_1,2,EMP_FRAUD_C -> VEND_SHELL_C -> SUB_PAYBACK_C -> EMP_FRAUD_C,VEND_SHELL_C,SUB_PAYBACK_C,0.0,Historical,97.38,462,Circular Fund Flow
522,batch_522_loop_1,3,EMP_FRAUD_C -> VEND_SHELL_C -> SUB_PAYBACK_C -> EMP_FRAUD_C,SUB_PAYBACK_C,EMP_FRAUD_C,0.0,Historical,92.13,462,Circular Fund Flow
522,batch_522_loop_2,1,EMP_FRAUD_B -> VEND_SHELL_B -> SUB_PAYBACK_B -> EMP_FRAUD_B,EMP_FRAUD_B,VEND_SHELL_B,0.0,Historical,91.37,462,Circular Fund Flow
522,batch_522_loop_2,2,EMP_FRAUD_B -> VEND_SHELL_B -> SUB_PAYBACK_B -> EMP_FRAUD_B,VEND_SHELL_B,SUB_PAYBACK_B,0.0,Historical,86.41,462,Circular Fund Flow
522,batch_522_loop_2,3,EMP_FRAUD_B -> VEND_SHELL_B -> SUB_PAYBACK_B -> EMP_FRAUD_B,SUB_PAYBACK_B,EMP_FRAUD_B,0.0,Historical,90.96,462,Circular Fund Flow
522,batch_522_loop_3,1,EMP_FRAUD_A -> VEND_SHELL_A -> SUB_PAYBACK_A -> EMP_FRAUD_A,EMP_FRAUD_A,VEND_SHELL_A,0.0,Historical,90.42,462,Circular Fund Flow
522,batch_522_loop_3,2,EMP_FRAUD_A -> VEND_SHELL_A -> SUB_PAYBACK_A -> EMP_FRAUD_A,VEND_SHELL_A,SUB_PAYBACK_A,0.0,Historical,96.12,462,Circular Fund Flow
522,batch_522_loop_3,3,EMP_FRAUD_A -> VEND_SHELL_A -> SUB_PAYBACK_A -> EMP_FRAUD_A,SUB_PAYBACK_A,EMP_FRAUD_A,0.0,Historical,87.14,462,Circular Fund Flow
523,batch_523_loop_1,1,EMP_FRAUD_C -> VEND_SHELL_C -> SUB_PAYBACK_C -> EMP_FRAUD_C,EMP_FRAUD_C,VEND_SHELL_C,0.0,Historical,93.19,460,Circular Fund Flow
523,batch_523_loop_1,2,EMP_FRAUD_C -> VEND_SHELL_C -> SUB_PAYBACK_C -> EMP_FRAUD_C,VEND_SHELL_C,SUB_PAYBACK_C,0.0,Historical,91.81,460,Circular Fund Flow
523,batch_523_loop_1,3,EMP_FRAUD_C -> VEND_SHELL_C -> SUB_PAYBACK_C -> EMP_FRAUD_C,SUB_PAYBACK_C,EMP_FRAUD_C,0.0,Historical,91.42,460,Circular Fund Flow
523,batch_523_loop_2,1,EMP_FRAUD_B -> VEND_SHELL_B -> SUB_PAYBACK_B -> EMP_FRAUD_B,EMP_FRAUD_B,VEND_SHELL_B,0.0,Historical,90.16,460,Circular Fund Flow
523,batch_523_loop_2,2,EMP_FRAUD_B -> VEND_SHELL_B -> SUB_PAYBACK_B -> EMP_FRAUD_B,VEND_SHELL_B,SUB_PAYBACK_B,0.0,Historical,96.95,460,Circular Fund Flow
523,batch_523_loop_2,3,EMP_FRAUD_B -> VEND_SHELL_B -> SUB_PAYBACK_B -> EMP_FRAUD_B,SUB_PAYBACK_B,EMP_FRAUD_B,0.0,Historical,87.88,460,Circular Fund Flow
523,batch_523_loop_3,1,EMP_FRAUD_A -> VEND_SHELL_A -> SUB_PAYBACK_A -> EMP_FRAUD_A,EMP_FRAUD_A,VEND_SHELL_A,0.0,Historical,94.4,460,Circular Fund Flow
523,batch_523_loop_3,2,EMP_FRAUD_A -> VEND_SHELL_A -> SUB_PAYBACK_A -> EMP_FRAUD_A,VEND_SHELL_A,SUB_PAYBACK_A,0.0,Historical,94.01,460,Circular Fund Flow
523,batch_523_loop_3,3,EMP_FRAUD_A -> VEND_SHELL_A -> SUB_PAYBACK_A -> EMP_FRAUD_A,SUB_PAYBACK_A,EMP_FRAUD_A,0.0,Historical,86.17,460,Circular Fund Flow
524,batch_524_loop_1,1,EMP_FRAUD_C -> VEND_SHELL_C -> SUB_PAYBACK_C -> EMP_FRAUD_C,EMP_FRAUD_C,VEND_SHELL_C,0.0,Historical,90.94,456,Circular Fund Flow
524,batch_524_loop_1,2,EMP_FRAUD_C -> VEND_SHELL_C -> SUB_PAYBACK_C -> EMP_FRAUD_C,VEND_SHELL_C,SUB_PAYBACK_C,0.0,Historical,98.2,456,Circular Fund Flow
524,batch_524_loop_1,3,EMP_FRAUD_C -> VEND_SHELL_C -> SUB_PAYBACK_C -> EMP_FRAUD_C,SUB_PAYBACK_C,EMP_FRAUD_C,0.0,Historical,89.42,456,Circular Fund Flow
524,batch_524_loop_2,1,EMP_FRAUD_B -> VEND_SHELL_B -> SUB_PAYBACK_B -> EMP_FRAUD_B,EMP_FRAUD_B,VEND_SHELL_B,0.0,Historical,92.26,456,Circular Fund Flow
524,batch_524_loop_2,2,EMP_FRAUD_B -> VEND_SHELL_B -> SUB_PAYBACK_B -> EMP_FRAUD_B,VEND_SHELL_B,SUB_PAYBACK_B,0.0,Historical,96.25,456,Circular Fund Flow
524,batch_524_loop_2,3,EMP_FRAUD_B -> VEND_SHELL_B -> SUB_PAYBACK_B -> EMP_FRAUD_B,SUB_PAYBACK_B,EMP_FRAUD_B,0.0,Historical,87.6,456,Circular Fund Flow
524,batch_524_loop_3,1,EMP_FRAUD_A -> VEND_SHELL_A -> SUB_PAYBACK_A -> EMP_FRAUD_A,EMP_FRAUD_A,VEND_SHELL_A,0.0,Historical,91.85,456,Circular Fund Flow
524,batch_524_loop_3,2,EMP_FRAUD_A -> VEND_SHELL_A -> SUB_PAYBACK_A -> EMP_FRAUD_A,VEND_SHELL_A,SUB_PAYBACK_A,0.0,Historical,96.1,456,Circular Fund Flow
524,batch_524_loop_3,3,EMP_FRAUD_A -> VEND_SHELL_A -> SUB_PAYBACK_A -> EMP_FRAUD_A,SUB_PAYBACK_A,EMP_FRAUD_A,0.0,Historical,93.72,456,Circular Fund Flow
525,batch_525_loop_1,1,EMP_FRAUD_C -> VEND_SHELL_C -> SUB_PAYBACK_C -> EMP_FRAUD_C,EMP_FRAUD_C,VEND_SHELL_C,0.0,Historical,88.47,460,Circular Fund Flow
525,batch_525_loop_1,2,EMP_FRAUD_C -> VEND_SHELL_C -> SUB_PAYBACK_C -> EMP_FRAUD_C,VEND_SHELL_C,SUB_PAYBACK_C,0.0,Historical,92.97,460,Circular Fund Flow
525,batch_525_loop_1,3,EMP_FRAUD_C -> VEND_SHELL_C -> SUB_PAYBACK_C -> EMP_FRAUD_C,SUB_PAYBACK_C,EMP_FRAUD_C,0.0,Historical,97.72,460,Circular Fund Flow
525,batch_525_loop_2,1,EMP_FRAUD_B -> VEND_SHELL_B -> SUB_PAYBACK_B -> EMP_FRAUD_B,EMP_FRAUD_B,VEND_SHELL_B,0.0,Historical,93.12,460,Circular Fund Flow
525,batch_525_loop_2,2,EMP_FRAUD_B -> VEND_SHELL_B -> SUB_PAYBACK_B -> EMP_FRAUD_B,VEND_SHELL_B,SUB_PAYBACK_B,0.0,Historical,98.4,460,Circular Fund Flow
525,batch_525_loop_2,3,EMP_FRAUD_B -> VEND_SHELL_B -> SUB_PAYBACK_B -> EMP_FRAUD_B,SUB_PAYBACK_B,EMP_FRAUD_B,0.0,Historical,85.24,460,Circular Fund Flow
525,batch_525_loop_3,1,EMP_FRAUD_A -> VEND_SHELL_A -> SUB_PAYBACK_A -> EMP_FRAUD_A,EMP_FRAUD_A,VEND_SHELL_A,0.0,Historical,95.16,460,Circular Fund Flow
525,batch_525_loop_3,2,EMP_FRAUD_A -> VEND_SHELL_A -> SUB_PAYBACK_A -> EMP_FRAUD_A,VEND_SHELL_A,SUB_PAYBACK_A,0.0,Historical,95.11,460,Circular Fund Flow
525,batch_525_loop_3,3,EMP_FRAUD_A -> VEND_SHELL_A -> SUB_PAYBACK_A -> EMP_FRAUD_A,SUB_PAYBACK_A,EMP_FRAUD_A,0.0,Historical,91.72,460,Circular Fund Flow
526,batch_526_loop_1,1,EMP_FRAUD_C -> VEND_SHELL_C -> SUB_PAYBACK_C -> EMP_FRAUD_C,EMP_FRAUD_C,VEND_SHELL_C,0.0,Historical,85.84,458,Circular Fund Flow
526,batch_526_loop_1,2,EMP_FRAUD_C -> VEND_SHELL_C -> SUB_PAYBACK_C -> EMP_FRAUD_C,VEND_SHELL_C,SUB_PAYBACK_C,0.0,Historical,91.86,458,Circular Fund Flow
526,batch_526_loop_1,3,EMP_FRAUD_C -> VEND_SHELL_C -> SUB_PAYBACK_C -> EMP_FRAUD_C,SUB_PAYBACK_C,EMP_FRAUD_C,0.0,Historical,88.7,458,Circular Fund Flow
526,batch_526_loop_2,1,EMP_FRAUD_B -> VEND_SHELL_B -> SUB_PAYBACK_B -> EMP_FRAUD_B,EMP_FRAUD_B,VEND_SHELL_B,0.0,Historical,96.98,458,Circular Fund Flow
526,batch_526_loop_2,2,EMP_FRAUD_B -> VEND_SHELL_B -> SUB_PAYBACK_B -> EMP_FRAUD_B,VEND_SHELL_B,SUB_PAYBACK_B,0.0,Historical,88.14,458,Circular Fund Flow
526,batch_526_loop_2,3,EMP_FRAUD_B -> VEND_SHELL_B -> SUB_PAYBACK_B -> EMP_FRAUD_B,SUB_PAYBACK_B,EMP_FRAUD_B,0.0,Historical,90.1,458,Circular Fund Flow
526,batch_526_loop_3,1,EMP_FRAUD_A -> VEND_SHELL_A -> SUB_PAYBACK_A -> EMP_FRAUD_A,EMP_FRAUD_A,VEND_SHELL_A,0.0,Historical,92.26,458,Circular Fund Flow
526,batch_526_loop_3,2,EMP_FRAUD_A -> VEND_SHELL_A -> SUB_PAYBACK_A -> EMP_FRAUD_A,VEND_SHELL_A,SUB_PAYBACK_A,0.0,Historical,92.05,458,Circular Fund Flow
526,batch_526_loop_3,3,EMP_FRAUD_A -> VEND_SHELL_A -> SUB_PAYBACK_A -> EMP_FRAUD_A,SUB_PAYBACK_A,EMP_FRAUD_A,0.0,Historical,95.26,458,Circular Fund Flow
527,batch_527_loop_1,1,EMP_FRAUD_C -> VEND_SHELL_C -> SUB_PAYBACK_C -> EMP_FRAUD_C,EMP_FRAUD_C,VEND_SHELL_C,0.0,Historical,94.86,459,Circular Fund Flow
527,batch_527_loop_1,2,EMP_FRAUD_C -> VEND_SHELL_C -> SUB_PAYBACK_C -> EMP_FRAUD_C,VEND_SHELL_C,SUB_PAYBACK_C,0.0,Historical,85.03,459,Circular Fund Flow
527,batch_527_loop_1,3,EMP_FRAUD_C -> VEND_SHELL_C -> SUB_PAYBACK_C -> EMP_FRAUD_C,SUB_PAYBACK_C,EMP_FRAUD_C,0.0,Historical,98.14,459,Circular Fund Flow
527,batch_527_loop_2,1,EMP_FRAUD_B -> VEND_SHELL_B -> SUB_PAYBACK_B -> EMP_FRAUD_B,EMP_FRAUD_B,VEND_SHELL_B,0.0,Historical,91.52,459,Circular Fund Flow
527,batch_527_loop_2,2,EMP_FRAUD_B -> VEND_SHELL_B -> SUB_PAYBACK_B -> EMP_FRAUD_B,VEND_SHELL_B,SUB_PAYBACK_B,0.0,Historical,85.97,459,Circular Fund Flow
527,batch_527_loop_2,3,EMP_FRAUD_B -> VEND_SHELL_B -> SUB_PAYBACK_B -> EMP_FRAUD_B,SUB_PAYBACK_B,EMP_FRAUD_B,0.0,Historical,85.79,459,Circular Fund Flow
527,batch_527_loop_3,1,EMP_FRAUD_A -> VEND_SHELL_A -> SUB_PAYBACK_A -> EMP_FRAUD_A,EMP_FRAUD_A,VEND_SHELL_A,0.0,Historical,87.47,459,Circular Fund Flow
527,batch_527_loop_3,2,EMP_FRAUD_A -> VEND_SHELL_A -> SUB_PAYBACK_A -> EMP_FRAUD_A,VEND_SHELL_A,SUB_PAYBACK_A,0.0,Historical,88.88,459,Circular Fund Flow
527,batch_527_loop_3,3,EMP_FRAUD_A -> VEND_SHELL_A -> SUB_PAYBACK_A -> EMP_FRAUD_A,SUB_PAYBACK_A,EMP_FRAUD_A,0.0,Historical,94.42,459,Circular Fund Flow
528,batch_528_loop_1,1,EMP_FRAUD_C -> VEND_SHELL_C -> SUB_PAYBACK_C -> EMP_FRAUD_C,EMP_FRAUD_C,VEND_SHELL_C,0.0,Historical,87.69,459,Circular Fund Flow
528,batch_528_loop_1,2,EMP_FRAUD_C -> VEND_SHELL_C -> SUB_PAYBACK_C -> EMP_FRAUD_C,VEND_SHELL_C,SUB_PAYBACK_C,0.0,Historical,88.43,459,Circular Fund Flow
528,batch_528_loop_1,3,EMP_FRAUD_C -> VEND_SHELL_C -> SUB_PAYBACK_C -> EMP_FRAUD_C,SUB_PAYBACK_C,EMP_FRAUD_C,0.0,Historical,96.56,459,Circular Fund Flow
528,batch_528_loop_2,1,EMP_FRAUD_B -> VEND_SHELL_B -> SUB_PAYBACK_B -> EMP_FRAUD_B,EMP_FRAUD_B,VEND_SHELL_B,0.0,Historical,98.82,459,Circular Fund Flow
528,batch_528_loop_2,2,EMP_FRAUD_B -> VEND_SHELL_B -> SUB_PAYBACK_B -> EMP_FRAUD_B,VEND_SHELL_B,SUB_PAYBACK_B,0.0,Historical,97.64,459,Circular Fund Flow
528,batch_528_loop_2,3,EMP_FRAUD_B -> VEND_SHELL_B -> SUB_PAYBACK_B -> EMP_FRAUD_B,SUB_PAYBACK_B,EMP_FRAUD_B,0.0,Historical,92.24,459,Circular Fund Flow
528,batch_528_loop_3,1,EMP_FRAUD_A -> VEND_SHELL_A -> SUB_PAYBACK_A -> EMP_FRAUD_A,EMP_FRAUD_A,VEND_SHELL_A,0.0,Historical,88.64,459,Circular Fund Flow
528,batch_528_loop_3,2,EMP_FRAUD_A -> VEND_SHELL_A -> SUB_PAYBACK_A -> EMP_FRAUD_A,VEND_SHELL_A,SUB_PAYBACK_A,0.0,Historical,98.57,459,Circular Fund Flow
528,batch_528_loop_3,3,EMP_FRAUD_A -> VEND_SHELL_A -> SUB_PAYBACK_A -> EMP_FRAUD_A,SUB_PAYBACK_A,EMP_FRAUD_A,0.0,Historical,87.21,459,Circular Fund Flow
529,batch_529_loop_1,1,EMP_FRAUD_C -> VEND_SHELL_C -> SUB_PAYBACK_C -> EMP_FRAUD_C,EMP_FRAUD_C,VEND_SHELL_C,0.0,Historical,96.26,462,Circular Fund Flow
529,batch_529_loop_1,2,EMP_FRAUD_C -> VEND_SHELL_C -> SUB_PAYBACK_C -> EMP_FRAUD_C,VEND_SHELL_C,SUB_PAYBACK_C,0.0,Historical,95.62,462,Circular Fund Flow
529,batch_529_loop_1,3,EMP_FRAUD_C -> VEND_SHELL_C -> SUB_PAYBACK_C -> EMP_FRAUD_C,SUB_PAYBACK_C,EMP_FRAUD_C,0.0,Historical,89.3,462,Circular Fund Flow
529,batch_529_loop_2,1,EMP_FRAUD_B -> VEND_SHELL_B -> SUB_PAYBACK_B -> EMP_FRAUD_B,EMP_FRAUD_B,VEND_SHELL_B,0.0,Historical,97.18,462,Circular Fund Flow
529,batch_529_loop_2,2,EMP_FRAUD_B -> VEND_SHELL_B -> SUB_PAYBACK_B -> EMP_FRAUD_B,VEND_SHELL_B,SUB_PAYBACK_B,0.0,Historical,92.36,462,Circular Fund Flow
529,batch_529_loop_2,3,EMP_FRAUD_B -> VEND_SHELL_B -> SUB_PAYBACK_B -> EMP_FRAUD_B,SUB_PAYBACK_B,EMP_FRAUD_B,0.0,Historical,90.41,462,Circular Fund Flow
529,batch_529_loop_3,1,EMP_FRAUD_A -> VEND_SHELL_A -> SUB_PAYBACK_A -> EMP_FRAUD_A,EMP_FRAUD_A,VEND_SHELL_A,0.0,Historical,92.85,462,Circular Fund Flow
529,batch_529_loop_3,2,EMP_FRAUD_A -> VEND_SHELL_A -> SUB_PAYBACK_A -> EMP_FRAUD_A,VEND_SHELL_A,SUB_PAYBACK_A,0.0,Historical,93.23,462,Circular Fund Flow
529,batch_529_loop_3,3,EMP_FRAUD_A -> VEND_SHELL_A -> SUB_PAYBACK_A -> EMP_FRAUD_A,SUB_PAYBACK_A,EMP_FRAUD_A,0.0,Historical,86.66,462,Circular Fund Flow
530,batch_530_loop_1,1,EMP_FRAUD_C -> VEND_SHELL_C -> SUB_PAYBACK_C -> EMP_FRAUD_C,EMP_FRAUD_C,VEND_SHELL_C,0.0,Historical,97.74,459,Circular Fund Flow
530,batch_530_loop_1,2,EMP_FRAUD_C -> VEND_SHELL_C -> SUB_PAYBACK_C -> EMP_FRAUD_C,VEND_SHELL_C,SUB_PAYBACK_C,0.0,Historical,89.68,459,Circular Fund Flow
530,batch_530_loop_1,3,EMP_FRAUD_C -> VEND_SHELL_C -> SUB_PAYBACK_C -> EMP_FRAUD_C,SUB_PAYBACK_C,EMP_FRAUD_C,0.0,Historical,89.02,459,Circular Fund Flow
530,batch_530_loop_2,1,EMP_FRAUD_B -> VEND_SHELL_B -> SUB_PAYBACK_B -> EMP_FRAUD_B,EMP_FRAUD_B,VEND_SHELL_B,0.0,Historical,94.09,459,Circular Fund Flow
530,batch_530_loop_2,2,EMP_FRAUD_B -> VEND_SHELL_B -> SUB_PAYBACK_B -> EMP_FRAUD_B,VEND_SHELL_B,SUB_PAYBACK_B,0.0,Historical,91.85,459,Circular Fund Flow
530,batch_530_loop_2,3,EMP_FRAUD_B -> VEND_SHELL_B -> SUB_PAYBACK_B -> EMP_FRAUD_B,SUB_PAYBACK_B,EMP_FRAUD_B,0.0,Historical,92.52,459,Circular Fund Flow
530,batch_530_loop_3,1,EMP_FRAUD_A -> VEND_SHELL_A -> SUB_PAYBACK_A -> EMP_FRAUD_A,EMP_FRAUD_A,VEND_SHELL_A,0.0,Historical,90.6,459,Circular Fund Flow
530,batch_530_loop_3,2,EMP_FRAUD_A -> VEND_SHELL_A -> SUB_PAYBACK_A -> EMP_FRAUD_A,VEND_SHELL_A,SUB_PAYBACK_A,0.0,Historical,92.63,459,Circular Fund Flow
530,batch_530_loop_3,3,EMP_FRAUD_A -> VEND_SHELL_A -> SUB_PAYBACK_A -> EMP_FRAUD_A,SUB_PAYBACK_A,EMP_FRAUD_A,0.0,Historical,90.76,459,Circular Fund Flow
531,batch_531_loop_1,1,EMP_FRAUD_C -> VEND_SHELL_C -> SUB_PAYBACK_C -> EMP_FRAUD_C,EMP_FRAUD_C,VEND_SHELL_C,0.0,Historical,96.05,460,Circular Fund Flow
531,batch_531_loop_1,2,EMP_FRAUD_C -> VEND_SHELL_C -> SUB_PAYBACK_C -> EMP_FRAUD_C,VEND_SHELL_C,SUB_PAYBACK_C,0.0,Historical,86.06,460,Circular Fund Flow
531,batch_531_loop_1,3,EMP_FRAUD_C -> VEND_SHELL_C -> SUB_PAYBACK_C -> EMP_FRAUD_C,SUB_PAYBACK_C,EMP_FRAUD_C,0.0,Historical,96.55,460,Circular Fund Flow
531,batch_531_loop_2,1,EMP_FRAUD_B -> VEND_SHELL_B -> SUB_PAYBACK_B -> EMP_FRAUD_B,EMP_FRAUD_B,VEND_SHELL_B,0.0,Historical,88.05,460,Circular Fund Flow
531,batch_531_loop_2,2,EMP_FRAUD_B -> VEND_SHELL_B -> SUB_PAYBACK_B -> EMP_FRAUD_B,VEND_SHELL_B,SUB_PAYBACK_B,0.0,Historical,87.06,460,Circular Fund Flow
531,batch_531_loop_2,3,EMP_FRAUD_B -> VEND_SHELL_B -> SUB_PAYBACK_B -> EMP_FRAUD_B,SUB_PAYBACK_B,EMP_FRAUD_B,0.0,Historical,89.9,460,Circular Fund Flow
531,batch_531_loop_3,1,EMP_FRAUD_A -> VEND_SHELL_A -> SUB_PAYBACK_A -> EMP_FRAUD_A,EMP_FRAUD_A,VEND_SHELL_A,0.0,Historical,93.65,460,Circular Fund Flow
531,batch_531_loop_3,2,EMP_FRAUD_A -> VEND_SHELL_A -> SUB_PAYBACK_A -> EMP_FRAUD_A,VEND_SHELL_A,SUB_PAYBACK_A,0.0,Historical,92.6,460,Circular Fund Flow
531,batch_531_loop_3,3,EMP_FRAUD_A -> VEND_SHELL_A -> SUB_PAYBACK_A -> EMP_FRAUD_A,SUB_PAYBACK_A,EMP_FRAUD_A,0.0,Historical,92.04,460,Circular Fund Flow
532,batch_532_loop_1,1,EMP_FRAUD_C -> VEND_SHELL_C -> SUB_PAYBACK_C -> EMP_FRAUD_C,EMP_FRAUD_C,VEND_SHELL_C,0.0,Historical,94.43,459,Circular Fund Flow
532,batch_532_loop_1,2,EMP_FRAUD_C -> VEND_SHELL_C -> SUB_PAYBACK_C -> EMP_FRAUD_C,VEND_SHELL_C,SUB_PAYBACK_C,0.0,Historical,89.36,459,Circular Fund Flow
532,batch_532_loop_1,3,EMP_FRAUD_C -> VEND_SHELL_C -> SUB_PAYBACK_C -> EMP_FRAUD_C,SUB_PAYBACK_C,EMP_FRAUD_C,0.0,Historical,94.04,459,Circular Fund Flow
532,batch_532_loop_2,1,EMP_FRAUD_B -> VEND_SHELL_B -> SUB_PAYBACK_B -> EMP_FRAUD_B,EMP_FRAUD_B,VEND_SHELL_B,0.0,Historical,94.38,459,Circular Fund Flow
532,batch_532_loop_2,2,EMP_FRAUD_B -> VEND_SHELL_B -> SUB_PAYBACK_B -> EMP_FRAUD_B,VEND_SHELL_B,SUB_PAYBACK_B,0.0,Historical,88.19,459,Circular Fund Flow
532,batch_532_loop_2,3,EMP_FRAUD_B -> VEND_SHELL_B -> SUB_PAYBACK_B -> EMP_FRAUD_B,SUB_PAYBACK_B,EMP_FRAUD_B,0.0,Historical,85.91,459,Circular Fund Flow
532,batch_532_loop_3,1,EMP_FRAUD_A -> VEND_SHELL_A -> SUB_PAYBACK_A -> EMP_FRAUD_A,EMP_FRAUD_A,VEND_SHELL_A,0.0,Historical,85.73,459,Circular Fund Flow
532,batch_532_loop_3,2,EMP_FRAUD_A -> VEND_SHELL_A -> SUB_PAYBACK_A -> EMP_FRAUD_A,VEND_SHELL_A,SUB_PAYBACK_A,0.0,Historical,96.53,459,Circular Fund Flow
532,batch_532_loop_3,3,EMP_FRAUD_A -> VEND_SHELL_A -> SUB_PAYBACK_A -> EMP_FRAUD_A,SUB_PAYBACK_A,EMP_FRAUD_A,0.0,Historical,86.9,459,Circular Fund Flow
533,batch_533_loop_1,1,EMP_FRAUD_C -> VEND_SHELL_C -> SUB_PAYBACK_C -> EMP_FRAUD_C,EMP_FRAUD_C,VEND_SHELL_C,0.0,Historical,96.91,459,Circular Fund Flow
533,batch_533_loop_1,2,EMP_FRAUD_C -> VEND_SHELL_C -> SUB_PAYBACK_C -> EMP_FRAUD_C,VEND_SHELL_C,SUB_PAYBACK_C,0.0,Historical,90.22,459,Circular Fund Flow
533,batch_533_loop_1,3,EMP_FRAUD_C -> VEND_SHELL_C -> SUB_PAYBACK_C -> EMP_FRAUD_C,SUB_PAYBACK_C,EMP_FRAUD_C,0.0,Historical,90.37,459,Circular Fund Flow
533,batch_533_loop_2,1,EMP_FRAUD_B -> VEND_SHELL_B -> SUB_PAYBACK_B -> EMP_FRAUD_B,EMP_FRAUD_B,VEND_SHELL_B,0.0,Historical,92.13,459,Circular Fund Flow
533,batch_533_loop_2,2,EMP_FRAUD_B -> VEND_SHELL_B -> SUB_PAYBACK_B -> EMP_FRAUD_B,VEND_SHELL_B,SUB_PAYBACK_B,0.0,Historical,96.8,459,Circular Fund Flow
533,batch_533_loop_2,3,EMP_FRAUD_B -> VEND_SHELL_B -> SUB_PAYBACK_B -> EMP_FRAUD_B,SUB_PAYBACK_B,EMP_FRAUD_B,0.0,Historical,89.15,459,Circular Fund Flow
533,batch_533_loop_3,1,EMP_FRAUD_A -> VEND_SHELL_A -> SUB_PAYBACK_A -> EMP_FRAUD_A,EMP_FRAUD_A,VEND_SHELL_A,0.0,Historical,87.71,459,Circular Fund Flow
533,batch_533_loop_3,2,EMP_FRAUD_A -> VEND_SHELL_A -> SUB_PAYBACK_A -> EMP_FRAUD_A,VEND_SHELL_A,SUB_PAYBACK_A,0.0,Historical,98.39,459,Circular Fund Flow
533,batch_533_loop_3,3,EMP_FRAUD_A -> VEND_SHELL_A -> SUB_PAYBACK_A -> EMP_FRAUD_A,SUB_PAYBACK_A,EMP_FRAUD_A,0.0,Historical,93.99,459,Circular Fund Flow
534,batch_534_loop_1,1,EMP_FRAUD_C -> VEND_SHELL_C -> SUB_PAYBACK_C -> EMP_FRAUD_C,EMP_FRAUD_C,VEND_SHELL_C,0.0,Historical,86.33,461,Circular Fund Flow
534,batch_534_loop_1,2,EMP_FRAUD_C -> VEND_SHELL_C -> SUB_PAYBACK_C -> EMP_FRAUD_C,VEND_SHELL_C,SUB_PAYBACK_C,0.0,Historical,96.07,461,Circular Fund Flow
534,batch_534_loop_1,3,EMP_FRAUD_C -> VEND_SHELL_C -> SUB_PAYBACK_C -> EMP_FRAUD_C,SUB_PAYBACK_C,EMP_FRAUD_C,0.0,Historical,87.09,461,Circular Fund Flow
534,batch_534_loop_2,1,EMP_FRAUD_B -> VEND_SHELL_B -> SUB_PAYBACK_B -> EMP_FRAUD_B,EMP_FRAUD_B,VEND_SHELL_B,0.0,Historical,90.97,461,Circular Fund Flow
534,batch_534_loop_2,2,EMP_FRAUD_B -> VEND_SHELL_B -> SUB_PAYBACK_B -> EMP_FRAUD_B,VEND_SHELL_B,SUB_PAYBACK_B,0.0,Historical,92.53,461,Circular Fund Flow
534,batch_534_loop_2,3,EMP_FRAUD_B -> VEND_SHELL_B -> SUB_PAYBACK_B -> EMP_FRAUD_B,SUB_PAYBACK_B,EMP_FRAUD_B,0.0,Historical,93.02,461,Circular Fund Flow
534,batch_534_loop_3,1,EMP_FRAUD_A -> VEND_SHELL_A -> SUB_PAYBACK_A -> EMP_FRAUD_A,EMP_FRAUD_A,VEND_SHELL_A,0.0,Historical,86.93,461,Circular Fund Flow
534,batch_534_loop_3,2,EMP_FRAUD_A -> VEND_SHELL_A -> SUB_PAYBACK_A -> EMP_FRAUD_A,VEND_SHELL_A,SUB_PAYBACK_A,0.0,Historical,87.69,461,Circular Fund Flow
534,batch_534_loop_3,3,EMP_FRAUD_A -> VEND_SHELL_A -> SUB_PAYBACK_A -> EMP_FRAUD_A,SUB_PAYBACK_A,EMP_FRAUD_A,0.0,Historical,95.09,461,Circular Fund Flow
535,batch_535_loop_1,1,EMP_FRAUD_C -> VEND_SHELL_C -> SUB_PAYBACK_C -> EMP_FRAUD_C,EMP_FRAUD_C,VEND_SHELL_C,0.0,Historical,89.01,461,Circular Fund Flow
535,batch_535_loop_1,2,EMP_FRAUD_C -> VEND_SHELL_C -> SUB_PAYBACK_C -> EMP_FRAUD_C,VEND_SHELL_C,SUB_PAYBACK_C,0.0,Historical,86.8,461,Circular Fund Flow
535,batch_535_loop_1,3,EMP_FRAUD_C -> VEND_SHELL_C -> SUB_PAYBACK_C -> EMP_FRAUD_C,SUB_PAYBACK_C,EMP_FRAUD_C,0.0,Historical,88.22,461,Circular Fund Flow
535,batch_535_loop_2,1,EMP_FRAUD_B -> VEND_SHELL_B -> SUB_PAYBACK_B -> EMP_FRAUD_B,EMP_FRAUD_B,VEND_SHELL_B,0.0,Historical,87.22,461,Circular Fund Flow
535,batch_535_loop_2,2,EMP_FRAUD_B -> VEND_SHELL_B -> SUB_PAYBACK_B -> EMP_FRAUD_B,VEND_SHELL_B,SUB_PAYBACK_B,0.0,Historical,98.27,461,Circular Fund Flow
535,batch_535_loop_2,3,EMP_FRAUD_B -> VEND_SHELL_B -> SUB_PAYBACK_B -> EMP_FRAUD_B,SUB_PAYBACK_B,EMP_FRAUD_B,0.0,Historical,91.47,461,Circular Fund Flow
535,batch_535_loop_3,1,EMP_FRAUD_A -> VEND_SHELL_A -> SUB_PAYBACK_A -> EMP_FRAUD_A,EMP_FRAUD_A,VEND_SHELL_A,0.0,Historical,96.38,461,Circular Fund Flow
535,batch_535_loop_3,2,EMP_FRAUD_A -> VEND_SHELL_A -> SUB_PAYBACK_A -> EMP_FRAUD_A,VEND_SHELL_A,SUB_PAYBACK_A,0.0,Historical,90.05,461,Circular Fund Flow
535,batch_535_loop_3,3,EMP_FRAUD_A -> VEND_SHELL_A -> SUB_PAYBACK_A -> EMP_FRAUD_A,SUB_PAYBACK_A,EMP_FRAUD_A,0.0,Historical,86.41,461,Circular Fund Flow
536,batch_536_loop_1,1,EMP_FRAUD_C -> VEND_SHELL_C -> SUB_PAYBACK_C -> EMP_FRAUD_C,EMP_FRAUD_C,VEND_SHELL_C,0.0,Historical,87.08,459,Circular Fund Flow
536,batch_536_loop_1,2,EMP_FRAUD_C -> VEND_SHELL_C -> SUB_PAYBACK_C -> EMP_FRAUD_C,VEND_SHELL_C,SUB_PAYBACK_C,0.0,Historical,87.3,459,Circular Fund Flow
536,batch_536_loop_1,3,EMP_FRAUD_C -> VEND_SHELL_C -> SUB_PAYBACK_C -> EMP_FRAUD_C,SUB_PAYBACK_C,EMP_FRAUD_C,0.0,Historical,91.83,459,Circular Fund Flow
536,batch_536_loop_2,1,EMP_FRAUD_B -> VEND_SHELL_B -> SUB_PAYBACK_B -> EMP_FRAUD_B,EMP_FRAUD_B,VEND_SHELL_B,0.0,Historical,94.48,459,Circular Fund Flow
536,batch_536_loop_2,2,EMP_FRAUD_B -> VEND_SHELL_B -> SUB_PAYBACK_B -> EMP_FRAUD_B,VEND_SHELL_B,SUB_PAYBACK_B,0.0,Historical,87.39,459,Circular Fund Flow
536,batch_536_loop_2,3,EMP_FRAUD_B -> VEND_SHELL_B -> SUB_PAYBACK_B -> EMP_FRAUD_B,SUB_PAYBACK_B,EMP_FRAUD_B,0.0,Historical,91.9,459,Circular Fund Flow
536,batch_536_loop_3,1,EMP_FRAUD_A -> VEND_SHELL_A -> SUB_PAYBACK_A -> EMP_FRAUD_A,EMP_FRAUD_A,VEND_SHELL_A,0.0,Historical,95.24,459,Circular Fund Flow
536,batch_536_loop_3,2,EMP_FRAUD_A -> VEND_SHELL_A -> SUB_PAYBACK_A -> EMP_FRAUD_A,VEND_SHELL_A,SUB_PAYBACK_A,0.0,Historical,94.02,459,Circular Fund Flow
536,batch_536_loop_3,3,EMP_FRAUD_A -> VEND_SHELL_A -> SUB_PAYBACK_A -> EMP_FRAUD_A,SUB_PAYBACK_A,EMP_FRAUD_A,0.0,Historical,97.1,459,Circular Fund Flow
537,batch_537_loop_1,1,EMP_FRAUD_C -> VEND_SHELL_C -> SUB_PAYBACK_C -> EMP_FRAUD_C,EMP_FRAUD_C,VEND_SHELL_C,0.0,Historical,92.14,461,Circular Fund Flow
537,batch_537_loop_1,2,EMP_FRAUD_C -> VEND_SHELL_C -> SUB_PAYBACK_C -> EMP_FRAUD_C,VEND_SHELL_C,SUB_PAYBACK_C,0.0,Historical,94.98,461,Circular Fund Flow
537,batch_537_loop_1,3,EMP_FRAUD_C -> VEND_SHELL_C -> SUB_PAYBACK_C -> EMP_FRAUD_C,SUB_PAYBACK_C,EMP_FRAUD_C,0.0,Historical,92.2,461,Circular Fund Flow
537,batch_537_loop_2,1,EMP_FRAUD_B -> VEND_SHELL_B -> SUB_PAYBACK_B -> EMP_FRAUD_B,EMP_FRAUD_B,VEND_SHELL_B,0.0,Historical,92.09,461,Circular Fund Flow
537,batch_537_loop_2,2,EMP_FRAUD_B -> VEND_SHELL_B -> SUB_PAYBACK_B -> EMP_FRAUD_B,VEND_SHELL_B,SUB_PAYBACK_B,0.0,Historical,92.66,461,Circular Fund Flow
537,batch_537_loop_2,3,EMP_FRAUD_B -> VEND_SHELL_B -> SUB_PAYBACK_B -> EMP_FRAUD_B,SUB_PAYBACK_B,EMP_FRAUD_B,0.0,Historical,89.87,461,Circular Fund Flow
537,batch_537_loop_3,1,EMP_FRAUD_A -> VEND_SHELL_A -> SUB_PAYBACK_A -> EMP_FRAUD_A,EMP_FRAUD_A,VEND_SHELL_A,0.0,Historical,92.64,461,Circular Fund Flow
537,batch_537_loop_3,2,EMP_FRAUD_A -> VEND_SHELL_A -> SUB_PAYBACK_A -> EMP_FRAUD_A,VEND_SHELL_A,SUB_PAYBACK_A,0.0,Historical,86.89,461,Circular Fund Flow
537,batch_537_loop_3,3,EMP_FRAUD_A -> VEND_SHELL_A -> SUB_PAYBACK_A -> EMP_FRAUD_A,SUB_PAYBACK_A,EMP_FRAUD_A,0.0,Historical,92.31,461,Circular Fund Flow
538,batch_538_loop_1,1,EMP_FRAUD_C -> VEND_SHELL_C -> SUB_PAYBACK_C -> EMP_FRAUD_C,EMP_FRAUD_C,VEND_SHELL_C,0.0,Historical,95.49,460,Circular Fund Flow
538,batch_538_loop_1,2,EMP_FRAUD_C -> VEND_SHELL_C -> SUB_PAYBACK_C -> EMP_FRAUD_C,VEND_SHELL_C,SUB_PAYBACK_C,0.0,Historical,97.29,460,Circular Fund Flow
538,batch_538_loop_1,3,EMP_FRAUD_C -> VEND_SHELL_C -> SUB_PAYBACK_C -> EMP_FRAUD_C,SUB_PAYBACK_C,EMP_FRAUD_C,0.0,Historical,88.32,460,Circular Fund Flow
538,batch_538_loop_2,1,EMP_FRAUD_B -> VEND_SHELL_B -> SUB_PAYBACK_B -> EMP_FRAUD_B,EMP_FRAUD_B,VEND_SHELL_B,0.0,Historical,97.43,460,Circular Fund Flow
538,batch_538_loop_2,2,EMP_FRAUD_B -> VEND_SHELL_B -> SUB_PAYBACK_B -> EMP_FRAUD_B,VEND_SHELL_B,SUB_PAYBACK_B,0.0,Historical,85.02,460,Circular Fund Flow
538,batch_538_loop_2,3,EMP_FRAUD_B -> VEND_SHELL_B -> SUB_PAYBACK_B -> EMP_FRAUD_B,SUB_PAYBACK_B,EMP_FRAUD_B,0.0,Historical,92.36,460,Circular Fund Flow
538,batch_538_loop_3,1,EMP_FRAUD_A -> VEND_SHELL_A -> SUB_PAYBACK_A -> EMP_FRAUD_A,EMP_FRAUD_A,VEND_SHELL_A,0.0,Historical,95.7,460,Circular Fund Flow
538,batch_538_loop_3,2,EMP_FRAUD_A -> VEND_SHELL_A -> SUB_PAYBACK_A -> EMP_FRAUD_A,VEND_SHELL_A,SUB_PAYBACK_A,0.0,Historical,94.5,460,Circular Fund Flow
538,batch_538_loop_3,3,EMP_FRAUD_A -> VEND_SHELL_A -> SUB_PAYBACK_A -> EMP_FRAUD_A,SUB_PAYBACK_A,EMP_FRAUD_A,0.0,Historical,86.55,460,Circular Fund Flow
539,batch_539_loop_1,1,EMP_FRAUD_C -> VEND_SHELL_C -> SUB_PAYBACK_C -> EMP_FRAUD_C,EMP_FRAUD_C,VEND_SHELL_C,0.0,Historical,94.88,461,Circular Fund Flow
539,batch_539_loop_1,2,EMP_FRAUD_C -> VEND_SHELL_C -> SUB_PAYBACK_C -> EMP_FRAUD_C,VEND_SHELL_C,SUB_PAYBACK_C,0.0,Historical,92.09,461,Circular Fund Flow
539,batch_539_loop_1,3,EMP_FRAUD_C -> VEND_SHELL_C -> SUB_PAYBACK_C -> EMP_FRAUD_C,SUB_PAYBACK_C,EMP_FRAUD_C,0.0,Historical,98.19,461,Circular Fund Flow
539,batch_539_loop_2,1,EMP_FRAUD_B -> VEND_SHELL_B -> SUB_PAYBACK_B -> EMP_FRAUD_B,EMP_FRAUD_B,VEND_SHELL_B,0.0,Historical,98.08,461,Circular Fund Flow
539,batch_539_loop_2,2,EMP_FRAUD_B -> VEND_SHELL_B -> SUB_PAYBACK_B -> EMP_FRAUD_B,VEND_SHELL_B,SUB_PAYBACK_B,0.0,Historical,85.1,461,Circular Fund Flow
539,batch_539_loop_2,3,EMP_FRAUD_B -> VEND_SHELL_B -> SUB_PAYBACK_B -> EMP_FRAUD_B,SUB_PAYBACK_B,EMP_FRAUD_B,0.0,Historical,92.29,461,Circular Fund Flow
539,batch_539_loop_3,1,EMP_FRAUD_A -> VEND_SHELL_A -> SUB_PAYBACK_A -> EMP_FRAUD_A,EMP_FRAUD_A,VEND_SHELL_A,0.0,Historical,94.32,461,Circular Fund Flow
539,batch_539_loop_3,2,EMP_FRAUD_A -> VEND_SHELL_A -> SUB_PAYBACK_A -> EMP_FRAUD_A,VEND_SHELL_A,SUB_PAYBACK_A,0.0,Historical,87.66,461,Circular Fund Flow
539,batch_539_loop_3,3,EMP_FRAUD_A -> VEND_SHELL_A -> SUB_PAYBACK_A -> EMP_FRAUD_A,SUB_PAYBACK_A,EMP_FRAUD_A,0.0,Historical,88.57,461,Circular Fund Flow
540,batch_540_loop_1,1,EMP_FRAUD_C -> VEND_SHELL_C -> SUB_PAYBACK_C -> EMP_FRAUD_C,EMP_FRAUD_C,VEND_SHELL_C,0.0,Historical,89.09,462,Circular Fund Flow
540,batch_540_loop_1,2,EMP_FRAUD_C -> VEND_SHELL_C -> SUB_PAYBACK_C -> EMP_FRAUD_C,VEND_SHELL_C,SUB_PAYBACK_C,0.0,Historical,87.32,462,Circular Fund Flow
540,batch_540_loop_1,3,EMP_FRAUD_C -> VEND_SHELL_C -> SUB_PAYBACK_C -> EMP_FRAUD_C,SUB_PAYBACK_C,EMP_FRAUD_C,0.0,Historical,97.46,462,Circular Fund Flow
540,batch_540_loop_2,1,EMP_FRAUD_B -> VEND_SHELL_B -> SUB_PAYBACK_B -> EMP_FRAUD_B,EMP_FRAUD_B,VEND_SHELL_B,0.0,Historical,91.66,462,Circular Fund Flow
540,batch_540_loop_2,2,EMP_FRAUD_B -> VEND_SHELL_B -> SUB_PAYBACK_B -> EMP_FRAUD_B,VEND_SHELL_B,SUB_PAYBACK_B,0.0,Historical,91.51,462,Circular Fund Flow
540,batch_540_loop_2,3,EMP_FRAUD_B -> VEND_SHELL_B -> SUB_PAYBACK_B -> EMP_FRAUD_B,SUB_PAYBACK_B,EMP_FRAUD_B,0.0,Historical,89.23,462,Circular Fund Flow
540,batch_540_loop_3,1,EMP_FRAUD_A -> VEND_SHELL_A -> SUB_PAYBACK_A -> EMP_FRAUD_A,EMP_FRAUD_A,VEND_SHELL_A,0.0,Historical,89.0,462,Circular Fund Flow
540,batch_540_loop_3,2,EMP_FRAUD_A -> VEND_SHELL_A -> SUB_PAYBACK_A -> EMP_FRAUD_A,VEND_SHELL_A,SUB_PAYBACK_A,0.0,Historical,91.52,462,Circular Fund Flow
540,batch_540_loop_3,3,EMP_FRAUD_A -> VEND_SHELL_A -> SUB_PAYBACK_A -> EMP_FRAUD_A,SUB_PAYBACK_A,EMP_FRAUD_A,0.0,Historical,92.25,462,Circular Fund Flow
541,batch_541_loop_1,1,EMP_FRAUD_C -> VEND_SHELL_C -> SUB_PAYBACK_C -> EMP_FRAUD_C,EMP_FRAUD_C,VEND_SHELL_C,0.0,Historical,97.08,462,Circular Fund Flow
541,batch_541_loop_1,2,EMP_FRAUD_C -> VEND_SHELL_C -> SUB_PAYBACK_C -> EMP_FRAUD_C,VEND_SHELL_C,SUB_PAYBACK_C,0.0,Historical,87.81,462,Circular Fund Flow
541,batch_541_loop_1,3,EMP_FRAUD_C -> VEND_SHELL_C -> SUB_PAYBACK_C -> EMP_FRAUD_C,SUB_PAYBACK_C,EMP_FRAUD_C,0.0,Historical,89.93,462,Circular Fund Flow
541,batch_541_loop_2,1,EMP_FRAUD_B -> VEND_SHELL_B -> SUB_PAYBACK_B -> EMP_FRAUD_B,EMP_FRAUD_B,VEND_SHELL_B,0.0,Historical,92.2,462,Circular Fund Flow
541,batch_541_loop_2,2,EMP_FRAUD_B -> VEND_SHELL_B -> SUB_PAYBACK_B -> EMP_FRAUD_B,VEND_SHELL_B,SUB_PAYBACK_B,0.0,Historical,85.28,462,Circular Fund Flow
541,batch_541_loop_2,3,EMP_FRAUD_B -> VEND_SHELL_B -> SUB_PAYBACK_B -> EMP_FRAUD_B,SUB_PAYBACK_B,EMP_FRAUD_B,0.0,Historical,86.01,462,Circular Fund Flow
541,batch_541_loop_3,1,EMP_FRAUD_A -> VEND_SHELL_A -> SUB_PAYBACK_A -> EMP_FRAUD_A,EMP_FRAUD_A,VEND_SHELL_A,0.0,Historical,97.06,462,Circular Fund Flow
541,batch_541_loop_3,2,EMP_FRAUD_A -> VEND_SHELL_A -> SUB_PAYBACK_A -> EMP_FRAUD_A,VEND_SHELL_A,SUB_PAYBACK_A,0.0,Historical,92.43,462,Circular Fund Flow
541,batch_541_loop_3,3,EMP_FRAUD_A -> VEND_SHELL_A -> SUB_PAYBACK_A -> EMP_FRAUD_A,SUB_PAYBACK_A,EMP_FRAUD_A,0.0,Historical,98.62,462,Circular Fund Flow
542,batch_542_loop_1,1,EMP_FRAUD_C -> VEND_SHELL_C -> SUB_PAYBACK_C -> EMP_FRAUD_C,EMP_FRAUD_C,VEND_SHELL_C,0.0,Historical,93.08,463,Circular Fund Flow
542,batch_542_loop_1,2,EMP_FRAUD_C -> VEND_SHELL_C -> SUB_PAYBACK_C -> EMP_FRAUD_C,VEND_SHELL_C,SUB_PAYBACK_C,0.0,Historical,90.81,463,Circular Fund Flow
542,batch_542_loop_1,3,EMP_FRAUD_C -> VEND_SHELL_C -> SUB_PAYBACK_C -> EMP_FRAUD_C,SUB_PAYBACK_C,EMP_FRAUD_C,0.0,Historical,94.75,463,Circular Fund Flow
542,batch_542_loop_2,1,EMP_FRAUD_B -> VEND_SHELL_B -> SUB_PAYBACK_B -> EMP_FRAUD_B,EMP_FRAUD_B,VEND_SHELL_B,0.0,Historical,93.75,463,Circular Fund Flow
542,batch_542_loop_2,2,EMP_FRAUD_B -> VEND_SHELL_B -> SUB_PAYBACK_B -> EMP_FRAUD_B,VEND_SHELL_B,SUB_PAYBACK_B,0.0,Historical,95.33,463,Circular Fund Flow
542,batch_542_loop_2,3,EMP_FRAUD_B -> VEND_SHELL_B -> SUB_PAYBACK_B -> EMP_FRAUD_B,SUB_PAYBACK_B,EMP_FRAUD_B,0.0,Historical,87.34,463,Circular Fund Flow
542,batch_542_loop_3,1,EMP_FRAUD_A -> VEND_SHELL_A -> SUB_PAYBACK_A -> EMP_FRAUD_A,EMP_FRAUD_A,VEND_SHELL_A,0.0,Historical,98.04,463,Circular Fund Flow
542,batch_542_loop_3,2,EMP_FRAUD_A -> VEND_SHELL_A -> SUB_PAYBACK_A -> EMP_FRAUD_A,VEND_SHELL_A,SUB_PAYBACK_A,0.0,Historical,93.41,463,Circular Fund Flow
542,batch_542_loop_3,3,EMP_FRAUD_A -> VEND_SHELL_A -> SUB_PAYBACK_A -> EMP_FRAUD_A,SUB_PAYBACK_A,EMP_FRAUD_A,0.0,Historical,96.97,463,Circular Fund Flow
543,batch_543_loop_1,1,EMP_FRAUD_C -> VEND_SHELL_C -> SUB_PAYBACK_C -> EMP_FRAUD_C,EMP_FRAUD_C,VEND_SHELL_C,0.0,Historical,97.31,466,Circular Fund Flow
543,batch_543_loop_1,2,EMP_FRAUD_C -> VEND_SHELL_C -> SUB_PAYBACK_C -> EMP_FRAUD_C,VEND_SHELL_C,SUB_PAYBACK_C,0.0,Historical,87.77,466,Circular Fund Flow
543,batch_543_loop_1,3,EMP_FRAUD_C -> VEND_SHELL_C -> SUB_PAYBACK_C -> EMP_FRAUD_C,SUB_PAYBACK_C,EMP_FRAUD_C,0.0,Historical,89.36,466,Circular Fund Flow
543,batch_543_loop_2,1,EMP_FRAUD_B -> VEND_SHELL_B -> SUB_PAYBACK_B -> EMP_FRAUD_B,EMP_FRAUD_B,VEND_SHELL_B,0.0,Historical,96.59,466,Circular Fund Flow
543,batch_543_loop_2,2,EMP_FRAUD_B -> VEND_SHELL_B -> SUB_PAYBACK_B -> EMP_FRAUD_B,VEND_SHELL_B,SUB_PAYBACK_B,0.0,Historical,85.38,466,Circular Fund Flow
543,batch_543_loop_2,3,EMP_FRAUD_B -> VEND_SHELL_B -> SUB_PAYBACK_B -> EMP_FRAUD_B,SUB_PAYBACK_B,EMP_FRAUD_B,0.0,Historical,95.13,466,Circular Fund Flow
543,batch_543_loop_3,1,EMP_FRAUD_A -> VEND_SHELL_A -> SUB_PAYBACK_A -> EMP_FRAUD_A,EMP_FRAUD_A,VEND_SHELL_A,0.0,Historical,88.31,466,Circular Fund Flow
543,batch_543_loop_3,2,EMP_FRAUD_A -> VEND_SHELL_A -> SUB_PAYBACK_A -> EMP_FRAUD_A,VEND_SHELL_A,SUB_PAYBACK_A,0.0,Historical,98.45,466,Circular Fund Flow
543,batch_543_loop_3,3,EMP_FRAUD_A -> VEND_SHELL_A -> SUB_PAYBACK_A -> EMP_FRAUD_A,SUB_PAYBACK_A,EMP_FRAUD_A,0.0,Historical,94.88,466,Circular Fund Flow
544,batch_544_loop_1,1,EMP_FRAUD_C -> VEND_SHELL_C -> SUB_PAYBACK_C -> EMP_FRAUD_C,EMP_FRAUD_C,VEND_SHELL_C,0.0,Historical,94.56,461,Circular Fund Flow
544,batch_544_loop_1,2,EMP_FRAUD_C -> VEND_SHELL_C -> SUB_PAYBACK_C -> EMP_FRAUD_C,VEND_SHELL_C,SUB_PAYBACK_C,0.0,Historical,95.0,461,Circular Fund Flow
544,batch_544_loop_1,3,EMP_FRAUD_C -> VEND_SHELL_C -> SUB_PAYBACK_C -> EMP_FRAUD_C,SUB_PAYBACK_C,EMP_FRAUD_C,0.0,Historical,93.35,461,Circular Fund Flow
544,batch_544_loop_2,1,EMP_FRAUD_B -> VEND_SHELL_B -> SUB_PAYBACK_B -> EMP_FRAUD_B,EMP_FRAUD_B,VEND_SHELL_B,0.0,Historical,91.71,461,Circular Fund Flow
544,batch_544_loop_2,2,EMP_FRAUD_B -> VEND_SHELL_B -> SUB_PAYBACK_B -> EMP_FRAUD_B,VEND_SHELL_B,SUB_PAYBACK_B,0.0,Historical,85.97,461,Circular Fund Flow
544,batch_544_loop_2,3,EMP_FRAUD_B -> VEND_SHELL_B -> SUB_PAYBACK_B -> EMP_FRAUD_B,SUB_PAYBACK_B,EMP_FRAUD_B,0.0,Historical,93.36,461,Circular Fund Flow
544,batch_544_loop_3,1,EMP_FRAUD_A -> VEND_SHELL_A -> SUB_PAYBACK_A -> EMP_FRAUD_A,EMP_FRAUD_A,VEND_SHELL_A,0.0,Historical,91.81,461,Circular Fund Flow
544,batch_544_loop_3,2,EMP_FRAUD_A -> VEND_SHELL_A -> SUB_PAYBACK_A -> EMP_FRAUD_A,VEND_SHELL_A,SUB_PAYBACK_A,0.0,Historical,88.65,461,Circular Fund Flow
544,batch_544_loop_3,3,EMP_FRAUD_A -> VEND_SHELL_A -> SUB_PAYBACK_A -> EMP_FRAUD_A,SUB_PAYBACK_A,EMP_FRAUD_A,0.0,Historical,86.98,461,Circular Fund Flow
545,batch_545_loop_1,1,EMP_FRAUD_C -> VEND_SHELL_C -> SUB_PAYBACK_C -> EMP_FRAUD_C,EMP_FRAUD_C,VEND_SHELL_C,0.0,Historical,97.32,468,Circular Fund Flow
545,batch_545_loop_1,2,EMP_FRAUD_C -> VEND_SHELL_C -> SUB_PAYBACK_C -> EMP_FRAUD_C,VEND_SHELL_C,SUB_PAYBACK_C,0.0,Historical,94.22,468,Circular Fund Flow
545,batch_545_loop_1,3,EMP_FRAUD_C -> VEND_SHELL_C -> SUB_PAYBACK_C -> EMP_FRAUD_C,SUB_PAYBACK_C,EMP_FRAUD_C,0.0,Historical,95.46,468,Circular Fund Flow
545,batch_545_loop_2,1,EMP_FRAUD_B -> VEND_SHELL_B -> SUB_PAYBACK_B -> EMP_FRAUD_B,EMP_FRAUD_B,VEND_SHELL_B,0.0,Historical,85.08,468,Circular Fund Flow
545,batch_545_loop_2,2,EMP_FRAUD_B -> VEND_SHELL_B -> SUB_PAYBACK_B -> EMP_FRAUD_B,VEND_SHELL_B,SUB_PAYBACK_B,0.0,Historical,86.51,468,Circular Fund Flow
545,batch_545_loop_2,3,EMP_FRAUD_B -> VEND_SHELL_B -> SUB_PAYBACK_B -> EMP_FRAUD_B,SUB_PAYBACK_B,EMP_FRAUD_B,0.0,Historical,95.14,468,Circular Fund Flow
545,batch_545_loop_3,1,EMP_FRAUD_A -> VEND_SHELL_A -> SUB_PAYBACK_A -> EMP_FRAUD_A,EMP_FRAUD_A,VEND_SHELL_A,0.0,Historical,88.25,468,Circular Fund Flow
545,batch_545_loop_3,2,EMP_FRAUD_A -> VEND_SHELL_A -> SUB_PAYBACK_A -> EMP_FRAUD_A,VEND_SHELL_A,SUB_PAYBACK_A,0.0,Historical,86.8,468,Circular Fund Flow
545,batch_545_loop_3,3,EMP_FRAUD_A -> VEND_SHELL_A -> SUB_PAYBACK_A -> EMP_FRAUD_A,SUB_PAYBACK_A,EMP_FRAUD_A,0.0,Historical,88.94,468,Circular Fund Flow
546,batch_546_loop_1,1,EMP_FRAUD_C -> VEND_SHELL_C -> SUB_PAYBACK_C -> EMP_FRAUD_C,EMP_FRAUD_C,VEND_SHELL_C,0.0,Historical,98.31,468,Circular Fund Flow
546,batch_546_loop_1,2,EMP_FRAUD_C -> VEND_SHELL_C -> SUB_PAYBACK_C -> EMP_FRAUD_C,VEND_SHELL_C,SUB_PAYBACK_C,0.0,Historical,92.47,468,Circular Fund Flow
546,batch_546_loop_1,3,EMP_FRAUD_C -> VEND_SHELL_C -> SUB_PAYBACK_C -> EMP_FRAUD_C,SUB_PAYBACK_C,EMP_FRAUD_C,0.0,Historical,86.6,468,Circular Fund Flow
546,batch_546_loop_2,1,EMP_FRAUD_B -> VEND_SHELL_B -> SUB_PAYBACK_B -> EMP_FRAUD_B,EMP_FRAUD_B,VEND_SHELL_B,0.0,Historical,93.89,468,Circular Fund Flow
546,batch_546_loop_2,2,EMP_FRAUD_B -> VEND_SHELL_B -> SUB_PAYBACK_B -> EMP_FRAUD_B,VEND_SHELL_B,SUB_PAYBACK_B,0.0,Historical,85.42,468,Circular Fund Flow
546,batch_546_loop_2,3,EMP_FRAUD_B -> VEND_SHELL_B -> SUB_PAYBACK_B -> EMP_FRAUD_B,SUB_PAYBACK_B,EMP_FRAUD_B,0.0,Historical,89.68,468,Circular Fund Flow
546,batch_546_loop_3,1,EMP_FRAUD_A -> VEND_SHELL_A -> SUB_PAYBACK_A -> EMP_FRAUD_A,EMP_FRAUD_A,VEND_SHELL_A,0.0,Historical,97.89,468,Circular Fund Flow
546,batch_546_loop_3,2,EMP_FRAUD_A -> VEND_SHELL_A -> SUB_PAYBACK_A -> EMP_FRAUD_A,VEND_SHELL_A,SUB_PAYBACK_A,0.0,Historical,95.74,468,Circular Fund Flow
546,batch_546_loop_3,3,EMP_FRAUD_A -> VEND_SHELL_A -> SUB_PAYBACK_A -> EMP_FRAUD_A,SUB_PAYBACK_A,EMP_FRAUD_A,0.0,Historical,88.73,468,Circular Fund Flow
547,batch_547_loop_1,1,EMP_FRAUD_C -> VEND_SHELL_C -> SUB_PAYBACK_C -> EMP_FRAUD_C,EMP_FRAUD_C,VEND_SHELL_C,0.0,Historical,92.43,468,Circular Fund Flow
547,batch_547_loop_1,2,EMP_FRAUD_C -> VEND_SHELL_C -> SUB_PAYBACK_C -> EMP_FRAUD_C,VEND_SHELL_C,SUB_PAYBACK_C,0.0,Historical,98.46,468,Circular Fund Flow
547,batch_547_loop_1,3,EMP_FRAUD_C -> VEND_SHELL_C -> SUB_PAYBACK_C -> EMP_FRAUD_C,SUB_PAYBACK_C,EMP_FRAUD_C,0.0,Historical,89.28,468,Circular Fund Flow
547,batch_547_loop_2,1,EMP_FRAUD_B -> VEND_SHELL_B -> SUB_PAYBACK_B -> EMP_FRAUD_B,EMP_FRAUD_B,VEND_SHELL_B,0.0,Historical,95.94,468,Circular Fund Flow
547,batch_547_loop_2,2,EMP_FRAUD_B -> VEND_SHELL_B -> SUB_PAYBACK_B -> EMP_FRAUD_B,VEND_SHELL_B,SUB_PAYBACK_B,0.0,Historical,90.49,468,Circular Fund Flow
547,batch_547_loop_2,3,EMP_FRAUD_B -> VEND_SHELL_B -> SUB_PAYBACK_B -> EMP_FRAUD_B,SUB_PAYBACK_B,EMP_FRAUD_B,0.0,Historical,97.09,468,Circular Fund Flow
547,batch_547_loop_3,1,EMP_FRAUD_A -> VEND_SHELL_A -> SUB_PAYBACK_A -> EMP_FRAUD_A,EMP_FRAUD_A,VEND_SHELL_A,0.0,Historical,88.21,468,Circular Fund Flow
547,batch_547_loop_3,2,EMP_FRAUD_A -> VEND_SHELL_A -> SUB_PAYBACK_A -> EMP_FRAUD_A,VEND_SHELL_A,SUB_PAYBACK_A,0.0,Historical,92.21,468,Circular Fund Flow
547,batch_547_loop_3,3,EMP_FRAUD_A -> VEND_SHELL_A -> SUB_PAYBACK_A -> EMP_FRAUD_A,SUB_PAYBACK_A,EMP_FRAUD_A,0.0,Historical,91.78,468,Circular Fund Flow
548,batch_548_loop_1,1,EMP_FRAUD_C -> VEND_SHELL_C -> SUB_PAYBACK_C -> EMP_FRAUD_C,EMP_FRAUD_C,VEND_SHELL_C,0.0,Historical,95.74,462,Circular Fund Flow
548,batch_548_loop_1,2,EMP_FRAUD_C -> VEND_SHELL_C -> SUB_PAYBACK_C -> EMP_FRAUD_C,VEND_SHELL_C,SUB_PAYBACK_C,0.0,Historical,89.75,462,Circular Fund Flow
548,batch_548_loop_1,3,EMP_FRAUD_C -> VEND_SHELL_C -> SUB_PAYBACK_C -> EMP_FRAUD_C,SUB_PAYBACK_C,EMP_FRAUD_C,0.0,Historical,96.82,462,Circular Fund Flow
548,batch_548_loop_2,1,EMP_FRAUD_B -> VEND_SHELL_B -> SUB_PAYBACK_B -> EMP_FRAUD_B,EMP_FRAUD_B,VEND_SHELL_B,0.0,Historical,86.84,462,Circular Fund Flow
548,batch_548_loop_2,2,EMP_FRAUD_B -> VEND_SHELL_B -> SUB_PAYBACK_B -> EMP_FRAUD_B,VEND_SHELL_B,SUB_PAYBACK_B,0.0,Historical,91.02,462,Circular Fund Flow
548,batch_548_loop_2,3,EMP_FRAUD_B -> VEND_SHELL_B -> SUB_PAYBACK_B -> EMP_FRAUD_B,SUB_PAYBACK_B,EMP_FRAUD_B,0.0,Historical,92.24,462,Circular Fund Flow
548,batch_548_loop_3,1,EMP_FRAUD_A -> VEND_SHELL_A -> SUB_PAYBACK_A -> EMP_FRAUD_A,EMP_FRAUD_A,VEND_SHELL_A,0.0,Historical,89.06,462,Circular Fund Flow
548,batch_548_loop_3,2,EMP_FRAUD_A -> VEND_SHELL_A -> SUB_PAYBACK_A -> EMP_FRAUD_A,VEND_SHELL_A,SUB_PAYBACK_A,0.0,Historical,86.64,462,Circular Fund Flow
548,batch_548_loop_3,3,EMP_FRAUD_A -> VEND_SHELL_A -> SUB_PAYBACK_A -> EMP_FRAUD_A,SUB_PAYBACK_A,EMP_FRAUD_A,0.0,Historical,90.59,462,Circular Fund Flow
549,batch_549_loop_1,1,EMP_FRAUD_C -> VEND_SHELL_C -> SUB_PAYBACK_C -> EMP_FRAUD_C,EMP_FRAUD_C,VEND_SHELL_C,0.0,Historical,88.11,460,Circular Fund Flow
549,batch_549_loop_1,2,EMP_FRAUD_C -> VEND_SHELL_C -> SUB_PAYBACK_C -> EMP_FRAUD_C,VEND_SHELL_C,SUB_PAYBACK_C,0.0,Historical,90.41,460,Circular Fund Flow
549,batch_549_loop_1,3,EMP_FRAUD_C -> VEND_SHELL_C -> SUB_PAYBACK_C -> EMP_FRAUD_C,SUB_PAYBACK_C,EMP_FRAUD_C,0.0,Historical,86.72,460,Circular Fund Flow
549,batch_549_loop_2,1,EMP_FRAUD_B -> VEND_SHELL_B -> SUB_PAYBACK_B -> EMP_FRAUD_B,EMP_FRAUD_B,VEND_SHELL_B,0.0,Historical,94.83,460,Circular Fund Flow
549,batch_549_loop_2,2,EMP_FRAUD_B -> VEND_SHELL_B -> SUB_PAYBACK_B -> EMP_FRAUD_B,VEND_SHELL_B,SUB_PAYBACK_B,0.0,Historical,89.55,460,Circular Fund Flow
549,batch_549_loop_2,3,EMP_FRAUD_B -> VEND_SHELL_B -> SUB_PAYBACK_B -> EMP_FRAUD_B,SUB_PAYBACK_B,EMP_FRAUD_B,0.0,Historical,89.94,460,Circular Fund Flow
549,batch_549_loop_3,1,EMP_FRAUD_A -> VEND_SHELL_A -> SUB_PAYBACK_A -> EMP_FRAUD_A,EMP_FRAUD_A,VEND_SHELL_A,0.0,Historical,94.46,460,Circular Fund Flow
549,batch_549_loop_3,2,EMP_FRAUD_A -> VEND_SHELL_A -> SUB_PAYBACK_A -> EMP_FRAUD_A,VEND_SHELL_A,SUB_PAYBACK_A,0.0,Historical,90.51,460,Circular Fund Flow
549,batch_549_loop_3,3,EMP_FRAUD_A -> VEND_SHELL_A -> SUB_PAYBACK_A -> EMP_FRAUD_A,SUB_PAYBACK_A,EMP_FRAUD_A,0.0,Historical,85.52,460,Circular Fund Flow
550,batch_550_loop_1,1,EMP_FRAUD_C -> VEND_SHELL_C -> SUB_PAYBACK_C -> EMP_FRAUD_C,EMP_FRAUD_C,VEND_SHELL_C,0.0,Historical,86.25,459,Circular Fund Flow
550,batch_550_loop_1,2,EMP_FRAUD_C -> VEND_SHELL_C -> SUB_PAYBACK_C -> EMP_FRAUD_C,VEND_SHELL_C,SUB_PAYBACK_C,0.0,Historical,86.03,459,Circular Fund Flow
550,batch_550_loop_1,3,EMP_FRAUD_C -> VEND_SHELL_C -> SUB_PAYBACK_C -> EMP_FRAUD_C,SUB_PAYBACK_C,EMP_FRAUD_C,0.0,Historical,86.45,459,Circular Fund Flow
550,batch_550_loop_2,1,EMP_FRAUD_B -> VEND_SHELL_B -> SUB_PAYBACK_B -> EMP_FRAUD_B,EMP_FRAUD_B,VEND_SHELL_B,0.0,Historical,92.51,459,Circular Fund Flow
550,batch_550_loop_2,2,EMP_FRAUD_B -> VEND_SHELL_B -> SUB_PAYBACK_B -> EMP_FRAUD_B,VEND_SHELL_B,SUB_PAYBACK_B,0.0,Historical,86.07,459,Circular Fund Flow
550,batch_550_loop_2,3,EMP_FRAUD_B -> VEND_SHELL_B -> SUB_PAYBACK_B -> EMP_FRAUD_B,SUB_PAYBACK_B,EMP_FRAUD_B,0.0,Historical,98.78,459,Circular Fund Flow
550,batch_550_loop_3,1,EMP_FRAUD_A -> VEND_SHELL_A -> SUB_PAYBACK_A -> EMP_FRAUD_A,EMP_FRAUD_A,VEND_SHELL_A,0.0,Historical,87.14,459,Circular Fund Flow
550,batch_550_loop_3,2,EMP_FRAUD_A -> VEND_SHELL_A -> SUB_PAYBACK_A -> EMP_FRAUD_A,VEND_SHELL_A,SUB_PAYBACK_A,0.0,Historical,90.02,459,Circular Fund Flow
550,batch_550_loop_3,3,EMP_FRAUD_A -> VEND_SHELL_A -> SUB_PAYBACK_A -> EMP_FRAUD_A,SUB_PAYBACK_A,EMP_FRAUD_A,0.0,Historical,86.22,459,Circular Fund Flow
551,batch_551_loop_1,1,EMP_FRAUD_C -> VEND_SHELL_C -> SUB_PAYBACK_C -> EMP_FRAUD_C,EMP_FRAUD_C,VEND_SHELL_C,0.0,Historical,97.31,460,Circular Fund Flow
551,batch_551_loop_1,2,EMP_FRAUD_C -> VEND_SHELL_C -> SUB_PAYBACK_C -> EMP_FRAUD_C,VEND_SHELL_C,SUB_PAYBACK_C,0.0,Historical,88.34,460,Circular Fund Flow
551,batch_551_loop_1,3,EMP_FRAUD_C -> VEND_SHELL_C -> SUB_PAYBACK_C -> EMP_FRAUD_C,SUB_PAYBACK_C,EMP_FRAUD_C,0.0,Historical,97.89,460,Circular Fund Flow
551,batch_551_loop_2,1,EMP_FRAUD_B -> VEND_SHELL_B -> SUB_PAYBACK_B -> EMP_FRAUD_B,EMP_FRAUD_B,VEND_SHELL_B,0.0,Historical,97.86,460,Circular Fund Flow
551,batch_551_loop_2,2,EMP_FRAUD_B -> VEND_SHELL_B -> SUB_PAYBACK_B -> EMP_FRAUD_B,VEND_SHELL_B,SUB_PAYBACK_B,0.0,Historical,93.3,460,Circular Fund Flow
551,batch_551_loop_2,3,EMP_FRAUD_B -> VEND_SHELL_B -> SUB_PAYBACK_B -> EMP_FRAUD_B,SUB_PAYBACK_B,EMP_FRAUD_B,0.0,Historical,90.38,460,Circular Fund Flow
551,batch_551_loop_3,1,EMP_FRAUD_A -> VEND_SHELL_A -> SUB_PAYBACK_A -> EMP_FRAUD_A,EMP_FRAUD_A,VEND_SHELL_A,0.0,Historical,87.34,460,Circular Fund Flow
551,batch_551_loop_3,2,EMP_FRAUD_A -> VEND_SHELL_A -> SUB_PAYBACK_A -> EMP_FRAUD_A,VEND_SHELL_A,SUB_PAYBACK_A,0.0,Historical,92.96,460,Circular Fund Flow
551,batch_551_loop_3,3,EMP_FRAUD_A -> VEND_SHELL_A -> SUB_PAYBACK_A -> EMP_FRAUD_A,SUB_PAYBACK_A,EMP_FRAUD_A,0.0,Historical,92.82,460,Circular Fund Flow
552,batch_552_loop_1,1,EMP_FRAUD_C -> VEND_SHELL_C -> SUB_PAYBACK_C -> EMP_FRAUD_C,EMP_FRAUD_C,VEND_SHELL_C,0.0,Historical,98.5,461,Circular Fund Flow
552,batch_552_loop_1,2,EMP_FRAUD_C -> VEND_SHELL_C -> SUB_PAYBACK_C -> EMP_FRAUD_C,VEND_SHELL_C,SUB_PAYBACK_C,0.0,Historical,89.03,461,Circular Fund Flow
552,batch_552_loop_1,3,EMP_FRAUD_C -> VEND_SHELL_C -> SUB_PAYBACK_C -> EMP_FRAUD_C,SUB_PAYBACK_C,EMP_FRAUD_C,0.0,Historical,92.79,461,Circular Fund Flow
552,batch_552_loop_2,1,EMP_FRAUD_B -> VEND_SHELL_B -> SUB_PAYBACK_B -> EMP_FRAUD_B,EMP_FRAUD_B,VEND_SHELL_B,0.0,Historical,94.34,461,Circular Fund Flow
552,batch_552_loop_2,2,EMP_FRAUD_B -> VEND_SHELL_B -> SUB_PAYBACK_B -> EMP_FRAUD_B,VEND_SHELL_B,SUB_PAYBACK_B,0.0,Historical,86.38,461,Circular Fund Flow
552,batch_552_loop_2,3,EMP_FRAUD_B -> VEND_SHELL_B -> SUB_PAYBACK_B -> EMP_FRAUD_B,SUB_PAYBACK_B,EMP_FRAUD_B,0.0,Historical,90.79,461,Circular Fund Flow
552,batch_552_loop_3,1,EMP_FRAUD_A -> VEND_SHELL_A -> SUB_PAYBACK_A -> EMP_FRAUD_A,EMP_FRAUD_A,VEND_SHELL_A,0.0,Historical,85.72,461,Circular Fund Flow
552,batch_552_loop_3,2,EMP_FRAUD_A -> VEND_SHELL_A -> SUB_PAYBACK_A -> EMP_FRAUD_A,VEND_SHELL_A,SUB_PAYBACK_A,0.0,Historical,90.74,461,Circular Fund Flow
552,batch_552_loop_3,3,EMP_FRAUD_A -> VEND_SHELL_A -> SUB_PAYBACK_A -> EMP_FRAUD_A,SUB_PAYBACK_A,EMP_FRAUD_A,0.0,Historical,85.82,461,Circular Fund Flow
553,batch_553_loop_1,1,EMP_FRAUD_C -> VEND_SHELL_C -> SUB_PAYBACK_C -> EMP_FRAUD_C,EMP_FRAUD_C,VEND_SHELL_C,0.0,Historical,97.83,460,Circular Fund Flow
553,batch_553_loop_1,2,EMP_FRAUD_C -> VEND_SHELL_C -> SUB_PAYBACK_C -> EMP_FRAUD_C,VEND_SHELL_C,SUB_PAYBACK_C,0.0,Historical,96.03,460,Circular Fund Flow
553,batch_553_loop_1,3,EMP_FRAUD_C -> VEND_SHELL_C -> SUB_PAYBACK_C -> EMP_FRAUD_C,SUB_PAYBACK_C,EMP_FRAUD_C,0.0,Historical,88.93,460,Circular Fund Flow
553,batch_553_loop_2,1,EMP_FRAUD_B -> VEND_SHELL_B -> SUB_PAYBACK_B -> EMP_FRAUD_B,EMP_FRAUD_B,VEND_SHELL_B,0.0,Historical,89.42,460,Circular Fund Flow
553,batch_553_loop_2,2,EMP_FRAUD_B -> VEND_SHELL_B -> SUB_PAYBACK_B -> EMP_FRAUD_B,VEND_SHELL_B,SUB_PAYBACK_B,0.0,Historical,94.21,460,Circular Fund Flow
553,batch_553_loop_2,3,EMP_FRAUD_B -> VEND_SHELL_B -> SUB_PAYBACK_B -> EMP_FRAUD_B,SUB_PAYBACK_B,EMP_FRAUD_B,0.0,Historical,90.96,460,Circular Fund Flow
553,batch_553_loop_3,1,EMP_FRAUD_A -> VEND_SHELL_A -> SUB_PAYBACK_A -> EMP_FRAUD_A,EMP_FRAUD_A,VEND_SHELL_A,0.0,Historical,89.61,460,Circular Fund Flow
553,batch_553_loop_3,2,EMP_FRAUD_A -> VEND_SHELL_A -> SUB_PAYBACK_A -> EMP_FRAUD_A,VEND_SHELL_A,SUB_PAYBACK_A,0.0,Historical,92.94,460,Circular Fund Flow
553,batch_553_loop_3,3,EMP_FRAUD_A -> VEND_SHELL_A -> SUB_PAYBACK_A -> EMP_FRAUD_A,SUB_PAYBACK_A,EMP_FRAUD_A,0.0,Historical,94.85,460,Circular Fund Flow
554,batch_554_loop_1,1,EMP_FRAUD_C -> VEND_SHELL_C -> SUB_PAYBACK_C -> EMP_FRAUD_C,EMP_FRAUD_C,VEND_SHELL_C,0.0,Historical,86.13,460,Circular Fund Flow
554,batch_554_loop_1,2,EMP_FRAUD_C -> VEND_SHELL_C -> SUB_PAYBACK_C -> EMP_FRAUD_C,VEND_SHELL_C,SUB_PAYBACK_C,0.0,Historical,96.45,460,Circular Fund Flow
554,batch_554_loop_1,3,EMP_FRAUD_C -> VEND_SHELL_C -> SUB_PAYBACK_C -> EMP_FRAUD_C,SUB_PAYBACK_C,EMP_FRAUD_C,0.0,Historical,93.47,460,Circular Fund Flow
554,batch_554_loop_2,1,EMP_FRAUD_B -> VEND_SHELL_B -> SUB_PAYBACK_B -> EMP_FRAUD_B,EMP_FRAUD_B,VEND_SHELL_B,0.0,Historical,87.23,460,Circular Fund Flow
554,batch_554_loop_2,2,EMP_FRAUD_B -> VEND_SHELL_B -> SUB_PAYBACK_B -> EMP_FRAUD_B,VEND_SHELL_B,SUB_PAYBACK_B,0.0,Historical,98.45,460,Circular Fund Flow
554,batch_554_loop_2,3,EMP_FRAUD_B -> VEND_SHELL_B -> SUB_PAYBACK_B -> EMP_FRAUD_B,SUB_PAYBACK_B,EMP_FRAUD_B,0.0,Historical,90.65,460,Circular Fund Flow
554,batch_554_loop_3,1,EMP_FRAUD_A -> VEND_SHELL_A -> SUB_PAYBACK_A -> EMP_FRAUD_A,EMP_FRAUD_A,VEND_SHELL_A,0.0,Historical,85.14,460,Circular Fund Flow
554,batch_554_loop_3,2,EMP_FRAUD_A -> VEND_SHELL_A -> SUB_PAYBACK_A -> EMP_FRAUD_A,VEND_SHELL_A,SUB_PAYBACK_A,0.0,Historical,88.52,460,Circular Fund Flow
554,batch_554_loop_3,3,EMP_FRAUD_A -> VEND_SHELL_A -> SUB_PAYBACK_A -> EMP_FRAUD_A,SUB_PAYBACK_A,EMP_FRAUD_A,0.0,Historical,92.7,460,Circular Fund Flow
555,batch_555_loop_1,1,EMP_FRAUD_C -> VEND_SHELL_C -> SUB_PAYBACK_C -> EMP_FRAUD_C,EMP_FRAUD_C,VEND_SHELL_C,0.0,Historical,92.63,461,Circular Fund Flow
555,batch_555_loop_1,2,EMP_FRAUD_C -> VEND_SHELL_C -> SUB_PAYBACK_C -> EMP_FRAUD_C,VEND_SHELL_C,SUB_PAYBACK_C,0.0,Historical,90.81,461,Circular Fund Flow
555,batch_555_loop_1,3,EMP_FRAUD_C -> VEND_SHELL_C -> SUB_PAYBACK_C -> EMP_FRAUD_C,SUB_PAYBACK_C,EMP_FRAUD_C,0.0,Historical,85.87,461,Circular Fund Flow
555,batch_555_loop_2,1,EMP_FRAUD_B -> VEND_SHELL_B -> SUB_PAYBACK_B -> EMP_FRAUD_B,EMP_FRAUD_B,VEND_SHELL_B,0.0,Historical,93.62,461,Circular Fund Flow
555,batch_555_loop_2,2,EMP_FRAUD_B -> VEND_SHELL_B -> SUB_PAYBACK_B -> EMP_FRAUD_B,VEND_SHELL_B,SUB_PAYBACK_B,0.0,Historical,91.73,461,Circular Fund Flow
555,batch_555_loop_2,3,EMP_FRAUD_B -> VEND_SHELL_B -> SUB_PAYBACK_B -> EMP_FRAUD_B,SUB_PAYBACK_B,EMP_FRAUD_B,0.0,Historical,94.54,461,Circular Fund Flow
555,batch_555_loop_3,1,EMP_FRAUD_A -> VEND_SHELL_A -> SUB_PAYBACK_A -> EMP_FRAUD_A,EMP_FRAUD_A,VEND_SHELL_A,0.0,Historical,87.17,461,Circular Fund Flow
555,batch_555_loop_3,2,EMP_FRAUD_A -> VEND_SHELL_A -> SUB_PAYBACK_A -> EMP_FRAUD_A,VEND_SHELL_A,SUB_PAYBACK_A,0.0,Historical,93.72,461,Circular Fund Flow
555,batch_555_loop_3,3,EMP_FRAUD_A -> VEND_SHELL_A -> SUB_PAYBACK_A -> EMP_FRAUD_A,SUB_PAYBACK_A,EMP_FRAUD_A,0.0,Historical,94.52,461,Circular Fund Flow
556,batch_556_loop_1,1,EMP_FRAUD_C -> VEND_SHELL_C -> SUB_PAYBACK_C -> EMP_FRAUD_C,EMP_FRAUD_C,VEND_SHELL_C,0.0,Historical,91.73,460,Circular Fund Flow
556,batch_556_loop_1,2,EMP_FRAUD_C -> VEND_SHELL_C -> SUB_PAYBACK_C -> EMP_FRAUD_C,VEND_SHELL_C,SUB_PAYBACK_C,0.0,Historical,92.44,460,Circular Fund Flow
556,batch_556_loop_1,3,EMP_FRAUD_C -> VEND_SHELL_C -> SUB_PAYBACK_C -> EMP_FRAUD_C,SUB_PAYBACK_C,EMP_FRAUD_C,0.0,Historical,88.67,460,Circular Fund Flow
556,batch_556_loop_2,1,EMP_FRAUD_B -> VEND_SHELL_B -> SUB_PAYBACK_B -> EMP_FRAUD_B,EMP_FRAUD_B,VEND_SHELL_B,0.0,Historical,94.62,460,Circular Fund Flow
556,batch_556_loop_2,2,EMP_FRAUD_B -> VEND_SHELL_B -> SUB_PAYBACK_B -> EMP_FRAUD_B,VEND_SHELL_B,SUB_PAYBACK_B,0.0,Historical,88.04,460,Circular Fund Flow
556,batch_556_loop_2,3,EMP_FRAUD_B -> VEND_SHELL_B -> SUB_PAYBACK_B -> EMP_FRAUD_B,SUB_PAYBACK_B,EMP_FRAUD_B,0.0,Historical,97.31,460,Circular Fund Flow
556,batch_556_loop_3,1,EMP_FRAUD_A -> VEND_SHELL_A -> SUB_PAYBACK_A -> EMP_FRAUD_A,EMP_FRAUD_A,VEND_SHELL_A,0.0,Historical,87.59,460,Circular Fund Flow
556,batch_556_loop_3,2,EMP_FRAUD_A -> VEND_SHELL_A -> SUB_PAYBACK_A -> EMP_FRAUD_A,VEND_SHELL_A,SUB_PAYBACK_A,0.0,Historical,98.16,460,Circular Fund Flow
556,batch_556_loop_3,3,EMP_FRAUD_A -> VEND_SHELL_A -> SUB_PAYBACK_A -> EMP_FRAUD_A,SUB_PAYBACK_A,EMP_FRAUD_A,0.0,Historical,93.27,460,Circular Fund Flow
557,batch_557_loop_1,1,EMP_FRAUD_C -> VEND_SHELL_C -> SUB_PAYBACK_C -> EMP_FRAUD_C,EMP_FRAUD_C,VEND_SHELL_C,0.0,Historical,96.21,462,Circular Fund Flow
557,batch_557_loop_1,2,EMP_FRAUD_C -> VEND_SHELL_C -> SUB_PAYBACK_C -> EMP_FRAUD_C,VEND_SHELL_C,SUB_PAYBACK_C,0.0,Historical,96.88,462,Circular Fund Flow
557,batch_557_loop_1,3,EMP_FRAUD_C -> VEND_SHELL_C -> SUB_PAYBACK_C -> EMP_FRAUD_C,SUB_PAYBACK_C,EMP_FRAUD_C,0.0,Historical,93.5,462,Circular Fund Flow
557,batch_557_loop_2,1,EMP_FRAUD_B -> VEND_SHELL_B -> SUB_PAYBACK_B -> EMP_FRAUD_B,EMP_FRAUD_B,VEND_SHELL_B,0.0,Historical,98.77,462,Circular Fund Flow
557,batch_557_loop_2,2,EMP_FRAUD_B -> VEND_SHELL_B -> SUB_PAYBACK_B -> EMP_FRAUD_B,VEND_SHELL_B,SUB_PAYBACK_B,0.0,Historical,93.8,462,Circular Fund Flow
557,batch_557_loop_2,3,EMP_FRAUD_B -> VEND_SHELL_B -> SUB_PAYBACK_B -> EMP_FRAUD_B,SUB_PAYBACK_B,EMP_FRAUD_B,0.0,Historical,96.73,462,Circular Fund Flow
557,batch_557_loop_3,1,EMP_FRAUD_A -> VEND_SHELL_A -> SUB_PAYBACK_A -> EMP_FRAUD_A,EMP_FRAUD_A,VEND_SHELL_A,0.0,Historical,97.46,462,Circular Fund Flow
557,batch_557_loop_3,2,EMP_FRAUD_A -> VEND_SHELL_A -> SUB_PAYBACK_A -> EMP_FRAUD_A,VEND_SHELL_A,SUB_PAYBACK_A,0.0,Historical,97.76,462,Circular Fund Flow
557,batch_557_loop_3,3,EMP_FRAUD_A -> VEND_SHELL_A -> SUB_PAYBACK_A -> EMP_FRAUD_A,SUB_PAYBACK_A,EMP_FRAUD_A,0.0,Historical,98.15,462,Circular Fund Flow
558,batch_558_loop_1,1,EMP_FRAUD_C -> VEND_SHELL_C -> SUB_PAYBACK_C -> EMP_FRAUD_C,EMP_FRAUD_C,VEND_SHELL_C,0.0,Historical,96.87,461,Circular Fund Flow
558,batch_558_loop_1,2,EMP_FRAUD_C -> VEND_SHELL_C -> SUB_PAYBACK_C -> EMP_FRAUD_C,VEND_SHELL_C,SUB_PAYBACK_C,0.0,Historical,95.9,461,Circular Fund Flow
558,batch_558_loop_1,3,EMP_FRAUD_C -> VEND_SHELL_C -> SUB_PAYBACK_C -> EMP_FRAUD_C,SUB_PAYBACK_C,EMP_FRAUD_C,0.0,Historical,85.96,461,Circular Fund Flow
558,batch_558_loop_2,1,EMP_FRAUD_B -> VEND_SHELL_B -> SUB_PAYBACK_B -> EMP_FRAUD_B,EMP_FRAUD_B,VEND_SHELL_B,0.0,Historical,91.47,461,Circular Fund Flow
558,batch_558_loop_2,2,EMP_FRAUD_B -> VEND_SHELL_B -> SUB_PAYBACK_B -> EMP_FRAUD_B,VEND_SHELL_B,SUB_PAYBACK_B,0.0,Historical,91.43,461,Circular Fund Flow
558,batch_558_loop_2,3,EMP_FRAUD_B -> VEND_SHELL_B -> SUB_PAYBACK_B -> EMP_FRAUD_B,SUB_PAYBACK_B,EMP_FRAUD_B,0.0,Historical,91.97,461,Circular Fund Flow
558,batch_558_loop_3,1,EMP_FRAUD_A -> VEND_SHELL_A -> SUB_PAYBACK_A -> EMP_FRAUD_A,EMP_FRAUD_A,VEND_SHELL_A,0.0,Historical,85.13,461,Circular Fund Flow
558,batch_558_loop_3,2,EMP_FRAUD_A -> VEND_SHELL_A -> SUB_PAYBACK_A -> EMP_FRAUD_A,VEND_SHELL_A,SUB_PAYBACK_A,0.0,Historical,97.38,461,Circular Fund Flow
558,batch_558_loop_3,3,EMP_FRAUD_A -> VEND_SHELL_A -> SUB_PAYBACK_A -> EMP_FRAUD_A,SUB_PAYBACK_A,EMP_FRAUD_A,0.0,Historical,89.89,461,Circular Fund Flow
559,batch_559_loop_1,1,EMP_FRAUD_C -> VEND_SHELL_C -> SUB_PAYBACK_C -> EMP_FRAUD_C,EMP_FRAUD_C,VEND_SHELL_C,0.0,Historical,97.41,460,Circular Fund Flow
559,batch_559_loop_1,2,EMP_FRAUD_C -> VEND_SHELL_C -> SUB_PAYBACK_C -> EMP_FRAUD_C,VEND_SHELL_C,SUB_PAYBACK_C,0.0,Historical,89.85,460,Circular Fund Flow
559,batch_559_loop_1,3,EMP_FRAUD_C -> VEND_SHELL_C -> SUB_PAYBACK_C -> EMP_FRAUD_C,SUB_PAYBACK_C,EMP_FRAUD_C,0.0,Historical,94.53,460,Circular Fund Flow
559,batch_559_loop_2,1,EMP_FRAUD_B -> VEND_SHELL_B -> SUB_PAYBACK_B -> EMP_FRAUD_B,EMP_FRAUD_B,VEND_SHELL_B,0.0,Historical,85.35,460,Circular Fund Flow
559,batch_559_loop_2,2,EMP_FRAUD_B -> VEND_SHELL_B -> SUB_PAYBACK_B -> EMP_FRAUD_B,VEND_SHELL_B,SUB_PAYBACK_B,0.0,Historical,98.77,460,Circular Fund Flow
559,batch_559_loop_2,3,EMP_FRAUD_B -> VEND_SHELL_B -> SUB_PAYBACK_B -> EMP_FRAUD_B,SUB_PAYBACK_B,EMP_FRAUD_B,0.0,Historical,94.67,460,Circular Fund Flow
559,batch_559_loop_3,1,EMP_FRAUD_A -> VEND_SHELL_A -> SUB_PAYBACK_A -> EMP_FRAUD_A,EMP_FRAUD_A,VEND_SHELL_A,0.0,Historical,90.08,460,Circular Fund Flow
559,batch_559_loop_3,2,EMP_FRAUD_A -> VEND_SHELL_A -> SUB_PAYBACK_A -> EMP_FRAUD_A,VEND_SHELL_A,SUB_PAYBACK_A,0.0,Historical,87.73,460,Circular Fund Flow
559,batch_559_loop_3,3,EMP_FRAUD_A -> VEND_SHELL_A -> SUB_PAYBACK_A -> EMP_FRAUD_A,SUB_PAYBACK_A,EMP_FRAUD_A,0.0,Historical,98.0,460,Circular Fund Flow
560,batch_560_loop_1,1,EMP_FRAUD_C -> VEND_SHELL_C -> SUB_PAYBACK_C -> EMP_FRAUD_C,EMP_FRAUD_C,VEND_SHELL_C,0.0,Historical,94.62,456,Circular Fund Flow
560,batch_560_loop_1,2,EMP_FRAUD_C -> VEND_SHELL_C -> SUB_PAYBACK_C -> EMP_FRAUD_C,VEND_SHELL_C,SUB_PAYBACK_C,0.0,Historical,98.72,456,Circular Fund Flow
560,batch_560_loop_1,3,EMP_FRAUD_C -> VEND_SHELL_C -> SUB_PAYBACK_C -> EMP_FRAUD_C,SUB_PAYBACK_C,EMP_FRAUD_C,0.0,Historical,89.43,456,Circular Fund Flow
560,batch_560_loop_2,1,EMP_FRAUD_B -> VEND_SHELL_B -> SUB_PAYBACK_B -> EMP_FRAUD_B,EMP_FRAUD_B,VEND_SHELL_B,0.0,Historical,94.63,456,Circular Fund Flow
560,batch_560_loop_2,2,EMP_FRAUD_B -> VEND_SHELL_B -> SUB_PAYBACK_B -> EMP_FRAUD_B,VEND_SHELL_B,SUB_PAYBACK_B,0.0,Historical,91.88,456,Circular Fund Flow
560,batch_560_loop_2,3,EMP_FRAUD_B -> VEND_SHELL_B -> SUB_PAYBACK_B -> EMP_FRAUD_B,SUB_PAYBACK_B,EMP_FRAUD_B,0.0,Historical,97.46,456,Circular Fund Flow
560,batch_560_loop_3,1,EMP_FRAUD_A -> VEND_SHELL_A -> SUB_PAYBACK_A -> EMP_FRAUD_A,EMP_FRAUD_A,VEND_SHELL_A,0.0,Historical,86.99,456,Circular Fund Flow
560,batch_560_loop_3,2,EMP_FRAUD_A -> VEND_SHELL_A -> SUB_PAYBACK_A -> EMP_FRAUD_A,VEND_SHELL_A,SUB_PAYBACK_A,0.0,Historical,94.64,456,Circular Fund Flow
560,batch_560_loop_3,3,EMP_FRAUD_A -> VEND_SHELL_A -> SUB_PAYBACK_A -> EMP_FRAUD_A,SUB_PAYBACK_A,EMP_FRAUD_A,0.0,Historical,91.92,456,Circular Fund Flow
561,batch_561_loop_1,1,EMP_FRAUD_C -> VEND_SHELL_C -> SUB_PAYBACK_C -> EMP_FRAUD_C,EMP_FRAUD_C,VEND_SHELL_C,0.0,Historical,86.73,457,Circular Fund Flow
561,batch_561_loop_1,2,EMP_FRAUD_C -> VEND_SHELL_C -> SUB_PAYBACK_C -> EMP_FRAUD_C,VEND_SHELL_C,SUB_PAYBACK_C,0.0,Historical,87.31,457,Circular Fund Flow
561,batch_561_loop_1,3,EMP_FRAUD_C -> VEND_SHELL_C -> SUB_PAYBACK_C -> EMP_FRAUD_C,SUB_PAYBACK_C,EMP_FRAUD_C,0.0,Historical,89.53,457,Circular Fund Flow
561,batch_561_loop_2,1,EMP_FRAUD_B -> VEND_SHELL_B -> SUB_PAYBACK_B -> EMP_FRAUD_B,EMP_FRAUD_B,VEND_SHELL_B,0.0,Historical,94.68,457,Circular Fund Flow
561,batch_561_loop_2,2,EMP_FRAUD_B -> VEND_SHELL_B -> SUB_PAYBACK_B -> EMP_FRAUD_B,VEND_SHELL_B,SUB_PAYBACK_B,0.0,Historical,89.85,457,Circular Fund Flow
561,batch_561_loop_2,3,EMP_FRAUD_B -> VEND_SHELL_B -> SUB_PAYBACK_B -> EMP_FRAUD_B,SUB_PAYBACK_B,EMP_FRAUD_B,0.0,Historical,94.96,457,Circular Fund Flow
561,batch_561_loop_3,1,EMP_FRAUD_A -> VEND_SHELL_A -> SUB_PAYBACK_A -> EMP_FRAUD_A,EMP_FRAUD_A,VEND_SHELL_A,0.0,Historical,87.2,457,Circular Fund Flow
561,batch_561_loop_3,2,EMP_FRAUD_A -> VEND_SHELL_A -> SUB_PAYBACK_A -> EMP_FRAUD_A,VEND_SHELL_A,SUB_PAYBACK_A,0.0,Historical,96.46,457,Circular Fund Flow
561,batch_561_loop_3,3,EMP_FRAUD_A -> VEND_SHELL_A -> SUB_PAYBACK_A -> EMP_FRAUD_A,SUB_PAYBACK_A,EMP_FRAUD_A,0.0,Historical,91.13,457,Circular Fund Flow
562,batch_562_loop_1,1,EMP_FRAUD_C -> VEND_SHELL_C -> SUB_PAYBACK_C -> EMP_FRAUD_C,EMP_FRAUD_C,VEND_SHELL_C,0.0,Historical,97.92,457,Circular Fund Flow
562,batch_562_loop_1,2,EMP_FRAUD_C -> VEND_SHELL_C -> SUB_PAYBACK_C -> EMP_FRAUD_C,VEND_SHELL_C,SUB_PAYBACK_C,0.0,Historical,95.25,457,Circular Fund Flow
562,batch_562_loop_1,3,EMP_FRAUD_C -> VEND_SHELL_C -> SUB_PAYBACK_C -> EMP_FRAUD_C,SUB_PAYBACK_C,EMP_FRAUD_C,0.0,Historical,94.52,457,Circular Fund Flow
562,batch_562_loop_2,1,EMP_FRAUD_B -> VEND_SHELL_B -> SUB_PAYBACK_B -> EMP_FRAUD_B,EMP_FRAUD_B,VEND_SHELL_B,0.0,Historical,93.1,457,Circular Fund Flow
562,batch_562_loop_2,2,EMP_FRAUD_B -> VEND_SHELL_B -> SUB_PAYBACK_B -> EMP_FRAUD_B,VEND_SHELL_B,SUB_PAYBACK_B,0.0,Historical,90.49,457,Circular Fund Flow
562,batch_562_loop_2,3,EMP_FRAUD_B -> VEND_SHELL_B -> SUB_PAYBACK_B -> EMP_FRAUD_B,SUB_PAYBACK_B,EMP_FRAUD_B,0.0,Historical,92.18,457,Circular Fund Flow
562,batch_562_loop_3,1,EMP_FRAUD_A -> VEND_SHELL_A -> SUB_PAYBACK_A -> EMP_FRAUD_A,EMP_FRAUD_A,VEND_SHELL_A,0.0,Historical,87.14,457,Circular Fund Flow
562,batch_562_loop_3,2,EMP_FRAUD_A -> VEND_SHELL_A -> SUB_PAYBACK_A -> EMP_FRAUD_A,VEND_SHELL_A,SUB_PAYBACK_A,0.0,Historical,86.32,457,Circular Fund Flow
562,batch_562_loop_3,3,EMP_FRAUD_A -> VEND_SHELL_A -> SUB_PAYBACK_A -> EMP_FRAUD_A,SUB_PAYBACK_A,EMP_FRAUD_A,0.0,Historical,89.57,457,Circular Fund Flow
563,batch_563_loop_1,1,EMP_FRAUD_C -> VEND_SHELL_C -> SUB_PAYBACK_C -> EMP_FRAUD_C,EMP_FRAUD_C,VEND_SHELL_C,0.0,Historical,85.27,458,Circular Fund Flow
563,batch_563_loop_1,2,EMP_FRAUD_C -> VEND_SHELL_C -> SUB_PAYBACK_C -> EMP_FRAUD_C,VEND_SHELL_C,SUB_PAYBACK_C,0.0,Historical,92.38,458,Circular Fund Flow
563,batch_563_loop_1,3,EMP_FRAUD_C -> VEND_SHELL_C -> SUB_PAYBACK_C -> EMP_FRAUD_C,SUB_PAYBACK_C,EMP_FRAUD_C,0.0,Historical,90.0,458,Circular Fund Flow
563,batch_563_loop_2,1,EMP_FRAUD_B -> VEND_SHELL_B -> SUB_PAYBACK_B -> EMP_FRAUD_B,EMP_FRAUD_B,VEND_SHELL_B,0.0,Historical,90.22,458,Circular Fund Flow
563,batch_563_loop_2,2,EMP_FRAUD_B -> VEND_SHELL_B -> SUB_PAYBACK_B -> EMP_FRAUD_B,VEND_SHELL_B,SUB_PAYBACK_B,0.0,Historical,91.74,458,Circular Fund Flow
563,batch_563_loop_2,3,EMP_FRAUD_B -> VEND_SHELL_B -> SUB_PAYBACK_B -> EMP_FRAUD_B,SUB_PAYBACK_B,EMP_FRAUD_B,0.0,Historical,90.57,458,Circular Fund Flow
563,batch_563_loop_3,1,EMP_FRAUD_A -> VEND_SHELL_A -> SUB_PAYBACK_A -> EMP_FRAUD_A,EMP_FRAUD_A,VEND_SHELL_A,0.0,Historical,88.7,458,Circular Fund Flow
563,batch_563_loop_3,2,EMP_FRAUD_A -> VEND_SHELL_A -> SUB_PAYBACK_A -> EMP_FRAUD_A,VEND_SHELL_A,SUB_PAYBACK_A,0.0,Historical,88.51,458,Circular Fund Flow
563,batch_563_loop_3,3,EMP_FRAUD_A -> VEND_SHELL_A -> SUB_PAYBACK_A -> EMP_FRAUD_A,SUB_PAYBACK_A,EMP_FRAUD_A,0.0,Historical,91.61,458,Circular Fund Flow
564,batch_564_loop_1,1,EMP_FRAUD_C -> VEND_SHELL_C -> SUB_PAYBACK_C -> EMP_FRAUD_C,EMP_FRAUD_C,VEND_SHELL_C,0.0,Historical,89.96,463,Circular Fund Flow
564,batch_564_loop_1,2,EMP_FRAUD_C -> VEND_SHELL_C -> SUB_PAYBACK_C -> EMP_FRAUD_C,VEND_SHELL_C,SUB_PAYBACK_C,0.0,Historical,96.81,463,Circular Fund Flow
564,batch_564_loop_1,3,EMP_FRAUD_C -> VEND_SHELL_C -> SUB_PAYBACK_C -> EMP_FRAUD_C,SUB_PAYBACK_C,EMP_FRAUD_C,0.0,Historical,87.18,463,Circular Fund Flow
564,batch_564_loop_2,1,EMP_FRAUD_B -> VEND_SHELL_B -> SUB_PAYBACK_B -> EMP_FRAUD_B,EMP_FRAUD_B,VEND_SHELL_B,0.0,Historical,95.37,463,Circular Fund Flow
564,batch_564_loop_2,2,EMP_FRAUD_B -> VEND_SHELL_B -> SUB_PAYBACK_B -> EMP_FRAUD_B,VEND_SHELL_B,SUB_PAYBACK_B,0.0,Historical,87.44,463,Circular Fund Flow
564,batch_564_loop_2,3,EMP_FRAUD_B -> VEND_SHELL_B -> SUB_PAYBACK_B -> EMP_FRAUD_B,SUB_PAYBACK_B,EMP_FRAUD_B,0.0,Historical,89.84,463,Circular Fund Flow
564,batch_564_loop_3,1,EMP_FRAUD_A -> VEND_SHELL_A -> SUB_PAYBACK_A -> EMP_FRAUD_A,EMP_FRAUD_A,VEND_SHELL_A,0.0,Historical,95.47,463,Circular Fund Flow
564,batch_564_loop_3,2,EMP_FRAUD_A -> VEND_SHELL_A -> SUB_PAYBACK_A -> EMP_FRAUD_A,VEND_SHELL_A,SUB_PAYBACK_A,0.0,Historical,89.41,463,Circular Fund Flow
564,batch_564_loop_3,3,EMP_FRAUD_A -> VEND_SHELL_A -> SUB_PAYBACK_A -> EMP_FRAUD_A,SUB_PAYBACK_A,EMP_FRAUD_A,0.0,Historical,96.29,463,Circular Fund Flow
565,batch_565_loop_1,1,EMP_FRAUD_C -> VEND_SHELL_C -> SUB_PAYBACK_C -> EMP_FRAUD_C,EMP_FRAUD_C,VEND_SHELL_C,0.0,Historical,95.97,459,Circular Fund Flow
565,batch_565_loop_1,2,EMP_FRAUD_C -> VEND_SHELL_C -> SUB_PAYBACK_C -> EMP_FRAUD_C,VEND_SHELL_C,SUB_PAYBACK_C,0.0,Historical,95.6,459,Circular Fund Flow
565,batch_565_loop_1,3,EMP_FRAUD_C -> VEND_SHELL_C -> SUB_PAYBACK_C -> EMP_FRAUD_C,SUB_PAYBACK_C,EMP_FRAUD_C,0.0,Historical,97.17,459,Circular Fund Flow
565,batch_565_loop_2,1,EMP_FRAUD_B -> VEND_SHELL_B -> SUB_PAYBACK_B -> EMP_FRAUD_B,EMP_FRAUD_B,VEND_SHELL_B,0.0,Historical,92.88,459,Circular Fund Flow
565,batch_565_loop_2,2,EMP_FRAUD_B -> VEND_SHELL_B -> SUB_PAYBACK_B -> EMP_FRAUD_B,VEND_SHELL_B,SUB_PAYBACK_B,0.0,Historical,95.27,459,Circular Fund Flow
565,batch_565_loop_2,3,EMP_FRAUD_B -> VEND_SHELL_B -> SUB_PAYBACK_B -> EMP_FRAUD_B,SUB_PAYBACK_B,EMP_FRAUD_B,0.0,Historical,97.53,459,Circular Fund Flow
565,batch_565_loop_3,1,EMP_FRAUD_A -> VEND_SHELL_A -> SUB_PAYBACK_A -> EMP_FRAUD_A,EMP_FRAUD_A,VEND_SHELL_A,0.0,Historical,89.38,459,Circular Fund Flow
565,batch_565_loop_3,2,EMP_FRAUD_A -> VEND_SHELL_A -> SUB_PAYBACK_A -> EMP_FRAUD_A,VEND_SHELL_A,SUB_PAYBACK_A,0.0,Historical,93.92,459,Circular Fund Flow
565,batch_565_loop_3,3,EMP_FRAUD_A -> VEND_SHELL_A -> SUB_PAYBACK_A -> EMP_FRAUD_A,SUB_PAYBACK_A,EMP_FRAUD_A,0.0,Historical,91.32,459,Circular Fund Flow
566,batch_566_loop_1,1,EMP_FRAUD_C -> VEND_SHELL_C -> SUB_PAYBACK_C -> EMP_FRAUD_C,EMP_FRAUD_C,VEND_SHELL_C,0.0,Historical,95.96,462,Circular Fund Flow
566,batch_566_loop_1,2,EMP_FRAUD_C -> VEND_SHELL_C -> SUB_PAYBACK_C -> EMP_FRAUD_C,VEND_SHELL_C,SUB_PAYBACK_C,0.0,Historical,90.87,462,Circular Fund Flow
566,batch_566_loop_1,3,EMP_FRAUD_C -> VEND_SHELL_C -> SUB_PAYBACK_C -> EMP_FRAUD_C,SUB_PAYBACK_C,EMP_FRAUD_C,0.0,Historical,96.46,462,Circular Fund Flow
566,batch_566_loop_2,1,EMP_FRAUD_B -> VEND_SHELL_B -> SUB_PAYBACK_B -> EMP_FRAUD_B,EMP_FRAUD_B,VEND_SHELL_B,0.0,Historical,96.11,462,Circular Fund Flow
566,batch_566_loop_2,2,EMP_FRAUD_B -> VEND_SHELL_B -> SUB_PAYBACK_B -> EMP_FRAUD_B,VEND_SHELL_B,SUB_PAYBACK_B,0.0,Historical,98.07,462,Circular Fund Flow
566,batch_566_loop_2,3,EMP_FRAUD_B -> VEND_SHELL_B -> SUB_PAYBACK_B -> EMP_FRAUD_B,SUB_PAYBACK_B,EMP_FRAUD_B,0.0,Historical,95.56,462,Circular Fund Flow
566,batch_566_loop_3,1,EMP_FRAUD_A -> VEND_SHELL_A -> SUB_PAYBACK_A -> EMP_FRAUD_A,EMP_FRAUD_A,VEND_SHELL_A,0.0,Historical,94.69,462,Circular Fund Flow
566,batch_566_loop_3,2,EMP_FRAUD_A -> VEND_SHELL_A -> SUB_PAYBACK_A -> EMP_FRAUD_A,VEND_SHELL_A,SUB_PAYBACK_A,0.0,Historical,93.55,462,Circular Fund Flow
566,batch_566_loop_3,3,EMP_FRAUD_A -> VEND_SHELL_A -> SUB_PAYBACK_A -> EMP_FRAUD_A,SUB_PAYBACK_A,EMP_FRAUD_A,0.0,Historical,87.28,462,Circular Fund Flow
567,batch_567_loop_1,1,EMP_FRAUD_C -> VEND_SHELL_C -> SUB_PAYBACK_C -> EMP_FRAUD_C,EMP_FRAUD_C,VEND_SHELL_C,0.0,Historical,89.46,458,Circular Fund Flow
567,batch_567_loop_1,2,EMP_FRAUD_C -> VEND_SHELL_C -> SUB_PAYBACK_C -> EMP_FRAUD_C,VEND_SHELL_C,SUB_PAYBACK_C,0.0,Historical,94.64,458,Circular Fund Flow
567,batch_567_loop_1,3,EMP_FRAUD_C -> VEND_SHELL_C -> SUB_PAYBACK_C -> EMP_FRAUD_C,SUB_PAYBACK_C,EMP_FRAUD_C,0.0,Historical,86.42,458,Circular Fund Flow
567,batch_567_loop_2,1,EMP_FRAUD_B -> VEND_SHELL_B -> SUB_PAYBACK_B -> EMP_FRAUD_B,EMP_FRAUD_B,VEND_SHELL_B,0.0,Historical,89.5,458,Circular Fund Flow
567,batch_567_loop_2,2,EMP_FRAUD_B -> VEND_SHELL_B -> SUB_PAYBACK_B -> EMP_FRAUD_B,VEND_SHELL_B,SUB_PAYBACK_B,0.0,Historical,90.17,458,Circular Fund Flow
567,batch_567_loop_2,3,EMP_FRAUD_B -> VEND_SHELL_B -> SUB_PAYBACK_B -> EMP_FRAUD_B,SUB_PAYBACK_B,EMP_FRAUD_B,0.0,Historical,93.39,458,Circular Fund Flow
567,batch_567_loop_3,1,EMP_FRAUD_A -> VEND_SHELL_A -> SUB_PAYBACK_A -> EMP_FRAUD_A,EMP_FRAUD_A,VEND_SHELL_A,0.0,Historical,89.28,458,Circular Fund Flow
567,batch_567_loop_3,2,EMP_FRAUD_A -> VEND_SHELL_A -> SUB_PAYBACK_A -> EMP_FRAUD_A,VEND_SHELL_A,SUB_PAYBACK_A,0.0,Historical,94.96,458,Circular Fund Flow
567,batch_567_loop_3,3,EMP_FRAUD_A -> VEND_SHELL_A -> SUB_PAYBACK_A -> EMP_FRAUD_A,SUB_PAYBACK_A,EMP_FRAUD_A,0.0,Historical,95.52,458,Circular Fund Flow
568,batch_568_loop_1,1,EMP_FRAUD_C -> VEND_SHELL_C -> SUB_PAYBACK_C -> EMP_FRAUD_C,EMP_FRAUD_C,VEND_SHELL_C,8891.88,2026-04-18T06:52:42Z,100.0,458,Circular Fund Flow
568,batch_568_loop_1,2,EMP_FRAUD_C -> VEND_SHELL_C -> SUB_PAYBACK_C -> EMP_FRAUD_C,VEND_SHELL_C,SUB_PAYBACK_C,8828.63,2026-04-18T06:52:42Z,100.0,458,Circular Fund Flow
568,batch_568_loop_1,3,EMP_FRAUD_C -> VEND_SHELL_C -> SUB_PAYBACK_C -> EMP_FRAUD_C,SUB_PAYBACK_C,EMP_FRAUD_C,10686.71,2026-04-18T06:52:42Z,100.0,458,Circular Fund Flow
568,batch_568_loop_2,1,EMP_FRAUD_B -> VEND_SHELL_B -> SUB_PAYBACK_B -> EMP_FRAUD_B,EMP_FRAUD_B,VEND_SHELL_B,9012.05,2026-04-18T06:52:42Z,100.0,458,Circular Fund Flow
568,batch_568_loop_2,2,EMP_FRAUD_B -> VEND_SHELL_B -> SUB_PAYBACK_B -> EMP_FRAUD_B,VEND_SHELL_B,SUB_PAYBACK_B,12209.64,2026-04-18T06:52:42Z,100.0,458,Circular Fund Flow
568,batch_568_loop_2,3,EMP_FRAUD_B -> VEND_SHELL_B -> SUB_PAYBACK_B -> EMP_FRAUD_B,SUB_PAYBACK_B,EMP_FRAUD_B,13623.27,2026-04-18T06:52:42Z,100.0,458,Circular Fund Flow
568,batch_568_loop_3,1,EMP_FRAUD_A -> VEND_SHELL_A -> SUB_PAYBACK_A -> EMP_FRAUD_A,EMP_FRAUD_A,VEND_SHELL_A,10329.1,2026-04-18T06:52:42Z,100.0,458,Circular Fund Flow
568,batch_568_loop_3,2,EMP_FRAUD_A -> VEND_SHELL_A -> SUB_PAYBACK_A -> EMP_FRAUD_A,VEND_SHELL_A,SUB_PAYBACK_A,9011.23,2026-04-18T06:52:42Z,100.0,458,Circular Fund Flow
568,batch_568_loop_3,3,EMP_FRAUD_A -> VEND_SHELL_A -> SUB_PAYBACK_A -> EMP_FRAUD_A,SUB_PAYBACK_A,EMP_FRAUD_A,11894.32,2026-04-18T06:52:42Z,100.0,458,Circular Fund Flow
569,batch_569_loop_1,1,EMP_FRAUD_C -> VEND_SHELL_C -> SUB_PAYBACK_C -> EMP_FRAUD_C,EMP_FRAUD_C,VEND_SHELL_C,0.0,Historical,94.06,455,Circular Fund Flow
569,batch_569_loop_1,2,EMP_FRAUD_C -> VEND_SHELL_C -> SUB_PAYBACK_C -> EMP_FRAUD_C,VEND_SHELL_C,SUB_PAYBACK_C,0.0,Historical,93.73,455,Circular Fund Flow
569,batch_569_loop_1,3,EMP_FRAUD_C -> VEND_SHELL_C -> SUB_PAYBACK_C -> EMP_FRAUD_C,SUB_PAYBACK_C,EMP_FRAUD_C,0.0,Historical,87.77,455,Circular Fund Flow
569,batch_569_loop_2,1,EMP_FRAUD_B -> VEND_SHELL_B -> SUB_PAYBACK_B -> EMP_FRAUD_B,EMP_FRAUD_B,VEND_SHELL_B,0.0,Historical,88.32,455,Circular Fund Flow
569,batch_569_loop_2,2,EMP_FRAUD_B -> VEND_SHELL_B -> SUB_PAYBACK_B -> EMP_FRAUD_B,VEND_SHELL_B,SUB_PAYBACK_B,0.0,Historical,86.9,455,Circular Fund Flow
569,batch_569_loop_2,3,EMP_FRAUD_B -> VEND_SHELL_B -> SUB_PAYBACK_B -> EMP_FRAUD_B,SUB_PAYBACK_B,EMP_FRAUD_B,0.0,Historical,87.89,455,Circular Fund Flow
569,batch_569_loop_3,1,EMP_FRAUD_A -> VEND_SHELL_A -> SUB_PAYBACK_A -> EMP_FRAUD_A,EMP_FRAUD_A,VEND_SHELL_A,0.0,Historical,97.71,455,Circular Fund Flow
569,batch_569_loop_3,2,EMP_FRAUD_A -> VEND_SHELL_A -> SUB_PAYBACK_A -> EMP_FRAUD_A,VEND_SHELL_A,SUB_PAYBACK_A,0.0,Historical,89.22,455,Circular Fund Flow
569,batch_569_loop_3,3,EMP_FRAUD_A -> VEND_SHELL_A -> SUB_PAYBACK_A -> EMP_FRAUD_A,SUB_PAYBACK_A,EMP_FRAUD_A,0.0,Historical,91.71,455,Circular Fund Flow
570,batch_570_loop_1,1,EMP_FRAUD_C -> VEND_SHELL_C -> SUB_PAYBACK_C -> EMP_FRAUD_C,EMP_FRAUD_C,VEND_SHELL_C,0.0,Historical,86.68,464,Circular Fund Flow
570,batch_570_loop_1,2,EMP_FRAUD_C -> VEND_SHELL_C -> SUB_PAYBACK_C -> EMP_FRAUD_C,VEND_SHELL_C,SUB_PAYBACK_C,0.0,Historical,91.41,464,Circular Fund Flow
570,batch_570_loop_1,3,EMP_FRAUD_C -> VEND_SHELL_C -> SUB_PAYBACK_C -> EMP_FRAUD_C,SUB_PAYBACK_C,EMP_FRAUD_C,0.0,Historical,97.05,464,Circular Fund Flow
570,batch_570_loop_2,1,EMP_FRAUD_B -> VEND_SHELL_B -> SUB_PAYBACK_B -> EMP_FRAUD_B,EMP_FRAUD_B,VEND_SHELL_B,0.0,Historical,92.9,464,Circular Fund Flow
570,batch_570_loop_2,2,EMP_FRAUD_B -> VEND_SHELL_B -> SUB_PAYBACK_B -> EMP_FRAUD_B,VEND_SHELL_B,SUB_PAYBACK_B,0.0,Historical,89.01,464,Circular Fund Flow
570,batch_570_loop_2,3,EMP_FRAUD_B -> VEND_SHELL_B -> SUB_PAYBACK_B -> EMP_FRAUD_B,SUB_PAYBACK_B,EMP_FRAUD_B,0.0,Historical,87.84,464,Circular Fund Flow
570,batch_570_loop_3,1,EMP_FRAUD_A -> VEND_SHELL_A -> SUB_PAYBACK_A -> EMP_FRAUD_A,EMP_FRAUD_A,VEND_SHELL_A,0.0,Historical,92.66,464,Circular Fund Flow
570,batch_570_loop_3,2,EMP_FRAUD_A -> VEND_SHELL_A -> SUB_PAYBACK_A -> EMP_FRAUD_A,VEND_SHELL_A,SUB_PAYBACK_A,0.0,Historical,96.5,464,Circular Fund Flow
570,batch_570_loop_3,3,EMP_FRAUD_A -> VEND_SHELL_A -> SUB_PAYBACK_A -> EMP_FRAUD_A,SUB_PAYBACK_A,EMP_FRAUD_A,0.0,Historical,85.81,464,Circular Fund Flow
571,batch_571_loop_1,1,EMP_FRAUD_C -> VEND_SHELL_C -> SUB_PAYBACK_C -> EMP_FRAUD_C,EMP_FRAUD_C,VEND_SHELL_C,0.0,Historical,88.89,460,Circular Fund Flow
571,batch_571_loop_1,2,EMP_FRAUD_C -> VEND_SHELL_C -> SUB_PAYBACK_C -> EMP_FRAUD_C,VEND_SHELL_C,SUB_PAYBACK_C,0.0,Historical,97.52,460,Circular Fund Flow
571,batch_571_loop_1,3,EMP_FRAUD_C -> VEND_SHELL_C -> SUB_PAYBACK_C -> EMP_FRAUD_C,SUB_PAYBACK_C,EMP_FRAUD_C,0.0,Historical,98.79,460,Circular Fund Flow
571,batch_571_loop_2,1,EMP_FRAUD_B -> VEND_SHELL_B -> SUB_PAYBACK_B -> EMP_FRAUD_B,EMP_FRAUD_B,VEND_SHELL_B,0.0,Historical,89.7,460,Circular Fund Flow
571,batch_571_loop_2,2,EMP_FRAUD_B -> VEND_SHELL_B -> SUB_PAYBACK_B -> EMP_FRAUD_B,VEND_SHELL_B,SUB_PAYBACK_B,0.0,Historical,90.49,460,Circular Fund Flow
571,batch_571_loop_2,3,EMP_FRAUD_B -> VEND_SHELL_B -> SUB_PAYBACK_B -> EMP_FRAUD_B,SUB_PAYBACK_B,EMP_FRAUD_B,0.0,Historical,95.96,460,Circular Fund Flow
571,batch_571_loop_3,1,EMP_FRAUD_A -> VEND_SHELL_A -> SUB_PAYBACK_A -> EMP_FRAUD_A,EMP_FRAUD_A,VEND_SHELL_A,0.0,Historical,97.13,460,Circular Fund Flow
571,batch_571_loop_3,2,EMP_FRAUD_A -> VEND_SHELL_A -> SUB_PAYBACK_A -> EMP_FRAUD_A,VEND_SHELL_A,SUB_PAYBACK_A,0.0,Historical,89.69,460,Circular Fund Flow
571,batch_571_loop_3,3,EMP_FRAUD_A -> VEND_SHELL_A -> SUB_PAYBACK_A -> EMP_FRAUD_A,SUB_PAYBACK_A,EMP_FRAUD_A,0.0,Historical,87.94,460,Circular Fund Flow
572,batch_572_loop_1,1,EMP_FRAUD_C -> VEND_SHELL_C -> SUB_PAYBACK_C -> EMP_FRAUD_C,EMP_FRAUD_C,VEND_SHELL_C,0.0,Historical,89.96,454,Circular Fund Flow
572,batch_572_loop_1,2,EMP_FRAUD_C -> VEND_SHELL_C -> SUB_PAYBACK_C -> EMP_FRAUD_C,VEND_SHELL_C,SUB_PAYBACK_C,0.0,Historical,97.0,454,Circular Fund Flow
572,batch_572_loop_1,3,EMP_FRAUD_C -> VEND_SHELL_C -> SUB_PAYBACK_C -> EMP_FRAUD_C,SUB_PAYBACK_C,EMP_FRAUD_C,0.0,Historical,85.99,454,Circular Fund Flow
572,batch_572_loop_2,1,EMP_FRAUD_B -> VEND_SHELL_B -> SUB_PAYBACK_B -> EMP_FRAUD_B,EMP_FRAUD_B,VEND_SHELL_B,0.0,Historical,85.19,454,Circular Fund Flow
572,batch_572_loop_2,2,EMP_FRAUD_B -> VEND_SHELL_B -> SUB_PAYBACK_B -> EMP_FRAUD_B,VEND_SHELL_B,SUB_PAYBACK_B,0.0,Historical,93.09,454,Circular Fund Flow
572,batch_572_loop_2,3,EMP_FRAUD_B -> VEND_SHELL_B -> SUB_PAYBACK_B -> EMP_FRAUD_B,SUB_PAYBACK_B,EMP_FRAUD_B,0.0,Historical,98.98,454,Circular Fund Flow
572,batch_572_loop_3,1,EMP_FRAUD_A -> VEND_SHELL_A -> SUB_PAYBACK_A -> EMP_FRAUD_A,EMP_FRAUD_A,VEND_SHELL_A,0.0,Historical,90.26,454,Circular Fund Flow
572,batch_572_loop_3,2,EMP_FRAUD_A -> VEND_SHELL_A -> SUB_PAYBACK_A -> EMP_FRAUD_A,VEND_SHELL_A,SUB_PAYBACK_A,0.0,Historical,97.98,454,Circular Fund Flow
572,batch_572_loop_3,3,EMP_FRAUD_A -> VEND_SHELL_A -> SUB_PAYBACK_A -> EMP_FRAUD_A,SUB_PAYBACK_A,EMP_FRAUD_A,0.0,Historical,95.38,454,Circular Fund Flow
573,batch_573_loop_1,1,EMP_FRAUD_C -> VEND_SHELL_C -> SUB_PAYBACK_C -> EMP_FRAUD_C,EMP_FRAUD_C,VEND_SHELL_C,0.0,Historical,92.22,463,Circular Fund Flow
573,batch_573_loop_1,2,EMP_FRAUD_C -> VEND_SHELL_C -> SUB_PAYBACK_C -> EMP_FRAUD_C,VEND_SHELL_C,SUB_PAYBACK_C,0.0,Historical,93.08,463,Circular Fund Flow
573,batch_573_loop_1,3,EMP_FRAUD_C -> VEND_SHELL_C -> SUB_PAYBACK_C -> EMP_FRAUD_C,SUB_PAYBACK_C,EMP_FRAUD_C,0.0,Historical,87.12,463,Circular Fund Flow
573,batch_573_loop_2,1,EMP_FRAUD_B -> VEND_SHELL_B -> SUB_PAYBACK_B -> EMP_FRAUD_B,EMP_FRAUD_B,VEND_SHELL_B,0.0,Historical,96.02,463,Circular Fund Flow
573,batch_573_loop_2,2,EMP_FRAUD_B -> VEND_SHELL_B -> SUB_PAYBACK_B -> EMP_FRAUD_B,VEND_SHELL_B,SUB_PAYBACK_B,0.0,Historical,91.31,463,Circular Fund Flow
573,batch_573_loop_2,3,EMP_FRAUD_B -> VEND_SHELL_B -> SUB_PAYBACK_B -> EMP_FRAUD_B,SUB_PAYBACK_B,EMP_FRAUD_B,0.0,Historical,98.98,463,Circular Fund Flow
573,batch_573_loop_3,1,EMP_FRAUD_A -> VEND_SHELL_A -> SUB_PAYBACK_A -> EMP_FRAUD_A,EMP_FRAUD_A,VEND_SHELL_A,0.0,Historical,86.37,463,Circular Fund Flow
573,batch_573_loop_3,2,EMP_FRAUD_A -> VEND_SHELL_A -> SUB_PAYBACK_A -> EMP_FRAUD_A,VEND_SHELL_A,SUB_PAYBACK_A,0.0,Historical,95.42,463,Circular Fund Flow
573,batch_573_loop_3,3,EMP_FRAUD_A -> VEND_SHELL_A -> SUB_PAYBACK_A -> EMP_FRAUD_A,SUB_PAYBACK_A,EMP_FRAUD_A,0.0,Historical,93.6,463,Circular Fund Flow
574,batch_574_loop_1,1,EMP_FRAUD_C -> VEND_SHELL_C -> SUB_PAYBACK_C -> EMP_FRAUD_C,EMP_FRAUD_C,VEND_SHELL_C,0.0,Historical,89.23,455,Circular Fund Flow
574,batch_574_loop_1,2,EMP_FRAUD_C -> VEND_SHELL_C -> SUB_PAYBACK_C -> EMP_FRAUD_C,VEND_SHELL_C,SUB_PAYBACK_C,0.0,Historical,90.72,455,Circular Fund Flow
574,batch_574_loop_1,3,EMP_FRAUD_C -> VEND_SHELL_C -> SUB_PAYBACK_C -> EMP_FRAUD_C,SUB_PAYBACK_C,EMP_FRAUD_C,0.0,Historical,95.81,455,Circular Fund Flow
574,batch_574_loop_2,1,EMP_FRAUD_B -> VEND_SHELL_B -> SUB_PAYBACK_B -> EMP_FRAUD_B,EMP_FRAUD_B,VEND_SHELL_B,0.0,Historical,98.35,455,Circular Fund Flow
574,batch_574_loop_2,2,EMP_FRAUD_B -> VEND_SHELL_B -> SUB_PAYBACK_B -> EMP_FRAUD_B,VEND_SHELL_B,SUB_PAYBACK_B,0.0,Historical,94.28,455,Circular Fund Flow
574,batch_574_loop_2,3,EMP_FRAUD_B -> VEND_SHELL_B -> SUB_PAYBACK_B -> EMP_FRAUD_B,SUB_PAYBACK_B,EMP_FRAUD_B,0.0,Historical,91.12,455,Circular Fund Flow
574,batch_574_loop_3,1,EMP_FRAUD_A -> VEND_SHELL_A -> SUB_PAYBACK_A -> EMP_FRAUD_A,EMP_FRAUD_A,VEND_SHELL_A,0.0,Historical,96.24,455,Circular Fund Flow
574,batch_574_loop_3,2,EMP_FRAUD_A -> VEND_SHELL_A -> SUB_PAYBACK_A -> EMP_FRAUD_A,VEND_SHELL_A,SUB_PAYBACK_A,0.0,Historical,98.32,455,Circular Fund Flow
574,batch_574_loop_3,3,EMP_FRAUD_A -> VEND_SHELL_A -> SUB_PAYBACK_A -> EMP_FRAUD_A,SUB_PAYBACK_A,EMP_FRAUD_A,0.0,Historical,96.61,455,Circular Fund Flow
575,batch_575_loop_1,1,EMP_FRAUD_C -> VEND_SHELL_C -> SUB_PAYBACK_C -> EMP_FRAUD_C,EMP_FRAUD_C,VEND_SHELL_C,0.0,Historical,89.52,455,Circular Fund Flow
575,batch_575_loop_1,2,EMP_FRAUD_C -> VEND_SHELL_C -> SUB_PAYBACK_C -> EMP_FRAUD_C,VEND_SHELL_C,SUB_PAYBACK_C,0.0,Historical,91.75,455,Circular Fund Flow
575,batch_575_loop_1,3,EMP_FRAUD_C -> VEND_SHELL_C -> SUB_PAYBACK_C -> EMP_FRAUD_C,SUB_PAYBACK_C,EMP_FRAUD_C,0.0,Historical,86.62,455,Circular Fund Flow
575,batch_575_loop_2,1,EMP_FRAUD_B -> VEND_SHELL_B -> SUB_PAYBACK_B -> EMP_FRAUD_B,EMP_FRAUD_B,VEND_SHELL_B,0.0,Historical,95.83,455,Circular Fund Flow
575,batch_575_loop_2,2,EMP_FRAUD_B -> VEND_SHELL_B -> SUB_PAYBACK_B -> EMP_FRAUD_B,VEND_SHELL_B,SUB_PAYBACK_B,0.0,Historical,98.71,455,Circular Fund Flow
575,batch_575_loop_2,3,EMP_FRAUD_B -> VEND_SHELL_B -> SUB_PAYBACK_B -> EMP_FRAUD_B,SUB_PAYBACK_B,EMP_FRAUD_B,0.0,Historical,94.72,455,Circular Fund Flow
575,batch_575_loop_3,1,EMP_FRAUD_A -> VEND_SHELL_A -> SUB_PAYBACK_A -> EMP_FRAUD_A,EMP_FRAUD_A,VEND_SHELL_A,0.0,Historical,95.63,455,Circular Fund Flow
575,batch_575_loop_3,2,EMP_FRAUD_A -> VEND_SHELL_A -> SUB_PAYBACK_A -> EMP_FRAUD_A,VEND_SHELL_A,SUB_PAYBACK_A,0.0,Historical,98.29,455,Circular Fund Flow
575,batch_575_loop_3,3,EMP_FRAUD_A -> VEND_SHELL_A -> SUB_PAYBACK_A -> EMP_FRAUD_A,SUB_PAYBACK_A,EMP_FRAUD_A,0.0,Historical,85.28,455,Circular Fund Flow
576,batch_576_loop_1,1,EMP_FRAUD_C -> VEND_SHELL_C -> SUB_PAYBACK_C -> EMP_FRAUD_C,EMP_FRAUD_C,VEND_SHELL_C,0.0,Historical,94.16,453,Circular Fund Flow
576,batch_576_loop_1,2,EMP_FRAUD_C -> VEND_SHELL_C -> SUB_PAYBACK_C -> EMP_FRAUD_C,VEND_SHELL_C,SUB_PAYBACK_C,0.0,Historical,98.17,453,Circular Fund Flow
576,batch_576_loop_1,3,EMP_FRAUD_C -> VEND_SHELL_C -> SUB_PAYBACK_C -> EMP_FRAUD_C,SUB_PAYBACK_C,EMP_FRAUD_C,0.0,Historical,87.04,453,Circular Fund Flow
576,batch_576_loop_2,1,EMP_FRAUD_B -> VEND_SHELL_B -> SUB_PAYBACK_B -> EMP_FRAUD_B,EMP_FRAUD_B,VEND_SHELL_B,0.0,Historical,91.94,453,Circular Fund Flow
576,batch_576_loop_2,2,EMP_FRAUD_B -> VEND_SHELL_B -> SUB_PAYBACK_B -> EMP_FRAUD_B,VEND_SHELL_B,SUB_PAYBACK_B,0.0,Historical,91.14,453,Circular Fund Flow
576,batch_576_loop_2,3,EMP_FRAUD_B -> VEND_SHELL_B -> SUB_PAYBACK_B -> EMP_FRAUD_B,SUB_PAYBACK_B,EMP_FRAUD_B,0.0,Historical,96.22,453,Circular Fund Flow
576,batch_576_loop_3,1,EMP_FRAUD_A -> VEND_SHELL_A -> SUB_PAYBACK_A -> EMP_FRAUD_A,EMP_FRAUD_A,VEND_SHELL_A,0.0,Historical,94.47,453,Circular Fund Flow
576,batch_576_loop_3,2,EMP_FRAUD_A -> VEND_SHELL_A -> SUB_PAYBACK_A -> EMP_FRAUD_A,VEND_SHELL_A,SUB_PAYBACK_A,0.0,Historical,97.05,453,Circular Fund Flow
576,batch_576_loop_3,3,EMP_FRAUD_A -> VEND_SHELL_A -> SUB_PAYBACK_A -> EMP_FRAUD_A,SUB_PAYBACK_A,EMP_FRAUD_A,0.0,Historical,98.67,453,Circular Fund Flow
577,batch_577_loop_1,1,EMP_FRAUD_C -> VEND_SHELL_C -> SUB_PAYBACK_C -> EMP_FRAUD_C,EMP_FRAUD_C,VEND_SHELL_C,0.0,Historical,95.28,458,Circular Fund Flow
577,batch_577_loop_1,2,EMP_FRAUD_C -> VEND_SHELL_C -> SUB_PAYBACK_C -> EMP_FRAUD_C,VEND_SHELL_C,SUB_PAYBACK_C,0.0,Historical,91.83,458,Circular Fund Flow
577,batch_577_loop_1,3,EMP_FRAUD_C -> VEND_SHELL_C -> SUB_PAYBACK_C -> EMP_FRAUD_C,SUB_PAYBACK_C,EMP_FRAUD_C,0.0,Historical,92.24,458,Circular Fund Flow
577,batch_577_loop_2,1,EMP_FRAUD_B -> VEND_SHELL_B -> SUB_PAYBACK_B -> EMP_FRAUD_B,EMP_FRAUD_B,VEND_SHELL_B,0.0,Historical,86.8,458,Circular Fund Flow
577,batch_577_loop_2,2,EMP_FRAUD_B -> VEND_SHELL_B -> SUB_PAYBACK_B -> EMP_FRAUD_B,VEND_SHELL_B,SUB_PAYBACK_B,0.0,Historical,92.14,458,Circular Fund Flow
577,batch_577_loop_2,3,EMP_FRAUD_B -> VEND_SHELL_B -> SUB_PAYBACK_B -> EMP_FRAUD_B,SUB_PAYBACK_B,EMP_FRAUD_B,0.0,Historical,96.42,458,Circular Fund Flow
577,batch_577_loop_3,1,EMP_FRAUD_A -> VEND_SHELL_A -> SUB_PAYBACK_A -> EMP_FRAUD_A,EMP_FRAUD_A,VEND_SHELL_A,0.0,Historical,91.92,458,Circular Fund Flow
577,batch_577_loop_3,2,EMP_FRAUD_A -> VEND_SHELL_A -> SUB_PAYBACK_A -> EMP_FRAUD_A,VEND_SHELL_A,SUB_PAYBACK_A,0.0,Historical,88.17,458,Circular Fund Flow
577,batch_577_loop_3,3,EMP_FRAUD_A -> VEND_SHELL_A -> SUB_PAYBACK_A -> EMP_FRAUD_A,SUB_PAYBACK_A,EMP_FRAUD_A,0.0,Historical,96.35,458,Circular Fund Flow
578,batch_578_loop_1,1,EMP_FRAUD_C -> VEND_SHELL_C -> SUB_PAYBACK_C -> EMP_FRAUD_C,EMP_FRAUD_C,VEND_SHELL_C,0.0,Historical,93.07,459,Circular Fund Flow
578,batch_578_loop_1,2,EMP_FRAUD_C -> VEND_SHELL_C -> SUB_PAYBACK_C -> EMP_FRAUD_C,VEND_SHELL_C,SUB_PAYBACK_C,0.0,Historical,96.32,459,Circular Fund Flow
578,batch_578_loop_1,3,EMP_FRAUD_C -> VEND_SHELL_C -> SUB_PAYBACK_C -> EMP_FRAUD_C,SUB_PAYBACK_C,EMP_FRAUD_C,0.0,Historical,97.03,459,Circular Fund Flow
578,batch_578_loop_2,1,EMP_FRAUD_B -> VEND_SHELL_B -> SUB_PAYBACK_B -> EMP_FRAUD_B,EMP_FRAUD_B,VEND_SHELL_B,0.0,Historical,94.07,459,Circular Fund Flow
578,batch_578_loop_2,2,EMP_FRAUD_B -> VEND_SHELL_B -> SUB_PAYBACK_B -> EMP_FRAUD_B,VEND_SHELL_B,SUB_PAYBACK_B,0.0,Historical,89.91,459,Circular Fund Flow
578,batch_578_loop_2,3,EMP_FRAUD_B -> VEND_SHELL_B -> SUB_PAYBACK_B -> EMP_FRAUD_B,SUB_PAYBACK_B,EMP_FRAUD_B,0.0,Historical,93.4,459,Circular Fund Flow
578,batch_578_loop_3,1,EMP_FRAUD_A -> VEND_SHELL_A -> SUB_PAYBACK_A -> EMP_FRAUD_A,EMP_FRAUD_A,VEND_SHELL_A,0.0,Historical,96.49,459,Circular Fund Flow
578,batch_578_loop_3,2,EMP_FRAUD_A -> VEND_SHELL_A -> SUB_PAYBACK_A -> EMP_FRAUD_A,VEND_SHELL_A,SUB_PAYBACK_A,0.0,Historical,98.46,459,Circular Fund Flow
578,batch_578_loop_3,3,EMP_FRAUD_A -> VEND_SHELL_A -> SUB_PAYBACK_A -> EMP_FRAUD_A,SUB_PAYBACK_A,EMP_FRAUD_A,0.0,Historical,89.19,459,Circular Fund Flow
579,batch_579_loop_1,1,EMP_FRAUD_C -> VEND_SHELL_C -> SUB_PAYBACK_C -> EMP_FRAUD_C,EMP_FRAUD_C,VEND_SHELL_C,0.0,Historical,93.99,456,Circular Fund Flow
579,batch_579_loop_1,2,EMP_FRAUD_C -> VEND_SHELL_C -> SUB_PAYBACK_C -> EMP_FRAUD_C,VEND_SHELL_C,SUB_PAYBACK_C,0.0,Historical,96.77,456,Circular Fund Flow
579,batch_579_loop_1,3,EMP_FRAUD_C -> VEND_SHELL_C -> SUB_PAYBACK_C -> EMP_FRAUD_C,SUB_PAYBACK_C,EMP_FRAUD_C,0.0,Historical,87.36,456,Circular Fund Flow
579,batch_579_loop_2,1,EMP_FRAUD_B -> VEND_SHELL_B -> SUB_PAYBACK_B -> EMP_FRAUD_B,EMP_FRAUD_B,VEND_SHELL_B,0.0,Historical,88.39,456,Circular Fund Flow
579,batch_579_loop_2,2,EMP_FRAUD_B -> VEND_SHELL_B -> SUB_PAYBACK_B -> EMP_FRAUD_B,VEND_SHELL_B,SUB_PAYBACK_B,0.0,Historical,96.68,456,Circular Fund Flow
579,batch_579_loop_2,3,EMP_FRAUD_B -> VEND_SHELL_B -> SUB_PAYBACK_B -> EMP_FRAUD_B,SUB_PAYBACK_B,EMP_FRAUD_B,0.0,Historical,89.7,456,Circular Fund Flow
579,batch_579_loop_3,1,EMP_FRAUD_A -> VEND_SHELL_A -> SUB_PAYBACK_A -> EMP_FRAUD_A,EMP_FRAUD_A,VEND_SHELL_A,0.0,Historical,92.85,456,Circular Fund Flow
579,batch_579_loop_3,2,EMP_FRAUD_A -> VEND_SHELL_A -> SUB_PAYBACK_A -> EMP_FRAUD_A,VEND_SHELL_A,SUB_PAYBACK_A,0.0,Historical,85.09,456,Circular Fund Flow
579,batch_579_loop_3,3,EMP_FRAUD_A -> VEND_SHELL_A -> SUB_PAYBACK_A -> EMP_FRAUD_A,SUB_PAYBACK_A,EMP_FRAUD_A,0.0,Historical,86.16,456,Circular Fund Flow
580,batch_580_loop_1,1,EMP_FRAUD_C -> VEND_SHELL_C -> SUB_PAYBACK_C -> EMP_FRAUD_C,EMP_FRAUD_C,VEND_SHELL_C,0.0,Historical,87.56,461,Circular Fund Flow
580,batch_580_loop_1,2,EMP_FRAUD_C -> VEND_SHELL_C -> SUB_PAYBACK_C -> EMP_FRAUD_C,VEND_SHELL_C,SUB_PAYBACK_C,0.0,Historical,86.53,461,Circular Fund Flow
580,batch_580_loop_1,3,EMP_FRAUD_C -> VEND_SHELL_C -> SUB_PAYBACK_C -> EMP_FRAUD_C,SUB_PAYBACK_C,EMP_FRAUD_C,0.0,Historical,86.77,461,Circular Fund Flow
580,batch_580_loop_2,1,EMP_FRAUD_B -> VEND_SHELL_B -> SUB_PAYBACK_B -> EMP_FRAUD_B,EMP_FRAUD_B,VEND_SHELL_B,0.0,Historical,89.07,461,Circular Fund Flow
580,batch_580_loop_2,2,EMP_FRAUD_B -> VEND_SHELL_B -> SUB_PAYBACK_B -> EMP_FRAUD_B,VEND_SHELL_B,SUB_PAYBACK_B,0.0,Historical,85.27,461,Circular Fund Flow
580,batch_580_loop_2,3,EMP_FRAUD_B -> VEND_SHELL_B -> SUB_PAYBACK_B -> EMP_FRAUD_B,SUB_PAYBACK_B,EMP_FRAUD_B,0.0,Historical,94.65,461,Circular Fund Flow
580,batch_580_loop_3,1,EMP_FRAUD_A -> VEND_SHELL_A -> SUB_PAYBACK_A -> EMP_FRAUD_A,EMP_FRAUD_A,VEND_SHELL_A,0.0,Historical,88.56,461,Circular Fund Flow
580,batch_580_loop_3,2,EMP_FRAUD_A -> VEND_SHELL_A -> SUB_PAYBACK_A -> EMP_FRAUD_A,VEND_SHELL_A,SUB_PAYBACK_A,0.0,Historical,93.93,461,Circular Fund Flow
580,batch_580_loop_3,3,EMP_FRAUD_A -> VEND_SHELL_A -> SUB_PAYBACK_A -> EMP_FRAUD_A,SUB_PAYBACK_A,EMP_FRAUD_A,0.0,Historical,94.02,461,Circular Fund Flow
581,batch_581_loop_1,1,EMP_FRAUD_C -> VEND_SHELL_C -> SUB_PAYBACK_C -> EMP_FRAUD_C,EMP_FRAUD_C,VEND_SHELL_C,0.0,Historical,90.49,456,Circular Fund Flow
581,batch_581_loop_1,2,EMP_FRAUD_C -> VEND_SHELL_C -> SUB_PAYBACK_C -> EMP_FRAUD_C,VEND_SHELL_C,SUB_PAYBACK_C,0.0,Historical,88.13,456,Circular Fund Flow
581,batch_581_loop_1,3,EMP_FRAUD_C -> VEND_SHELL_C -> SUB_PAYBACK_C -> EMP_FRAUD_C,SUB_PAYBACK_C,EMP_FRAUD_C,0.0,Historical,91.05,456,Circular Fund Flow
581,batch_581_loop_2,1,EMP_FRAUD_B -> VEND_SHELL_B -> SUB_PAYBACK_B -> EMP_FRAUD_B,EMP_FRAUD_B,VEND_SHELL_B,0.0,Historical,98.45,456,Circular Fund Flow
581,batch_581_loop_2,2,EMP_FRAUD_B -> VEND_SHELL_B -> SUB_PAYBACK_B -> EMP_FRAUD_B,VEND_SHELL_B,SUB_PAYBACK_B,0.0,Historical,88.81,456,Circular Fund Flow
581,batch_581_loop_2,3,EMP_FRAUD_B -> VEND_SHELL_B -> SUB_PAYBACK_B -> EMP_FRAUD_B,SUB_PAYBACK_B,EMP_FRAUD_B,0.0,Historical,96.18,456,Circular Fund Flow
581,batch_581_loop_3,1,EMP_FRAUD_A -> VEND_SHELL_A -> SUB_PAYBACK_A -> EMP_FRAUD_A,EMP_FRAUD_A,VEND_SHELL_A,0.0,Historical,87.31,456,Circular Fund Flow
581,batch_581_loop_3,2,EMP_FRAUD_A -> VEND_SHELL_A -> SUB_PAYBACK_A -> EMP_FRAUD_A,VEND_SHELL_A,SUB_PAYBACK_A,0.0,Historical,95.17,456,Circular Fund Flow
581,batch_581_loop_3,3,EMP_FRAUD_A -> VEND_SHELL_A -> SUB_PAYBACK_A -> EMP_FRAUD_A,SUB_PAYBACK_A,EMP_FRAUD_A,0.0,Historical,96.73,456,Circular Fund Flow
582,batch_582_loop_1,1,EMP_FRAUD_C -> VEND_SHELL_C -> SUB_PAYBACK_C -> EMP_FRAUD_C,EMP_FRAUD_C,VEND_SHELL_C,0.0,Historical,90.97,451,Circular Fund Flow
582,batch_582_loop_1,2,EMP_FRAUD_C -> VEND_SHELL_C -> SUB_PAYBACK_C -> EMP_FRAUD_C,VEND_SHELL_C,SUB_PAYBACK_C,0.0,Historical,88.48,451,Circular Fund Flow
582,batch_582_loop_1,3,EMP_FRAUD_C -> VEND_SHELL_C -> SUB_PAYBACK_C -> EMP_FRAUD_C,SUB_PAYBACK_C,EMP_FRAUD_C,0.0,Historical,93.43,451,Circular Fund Flow
582,batch_582_loop_2,1,EMP_FRAUD_B -> VEND_SHELL_B -> SUB_PAYBACK_B -> EMP_FRAUD_B,EMP_FRAUD_B,VEND_SHELL_B,0.0,Historical,85.63,451,Circular Fund Flow
582,batch_582_loop_2,2,EMP_FRAUD_B -> VEND_SHELL_B -> SUB_PAYBACK_B -> EMP_FRAUD_B,VEND_SHELL_B,SUB_PAYBACK_B,0.0,Historical,89.36,451,Circular Fund Flow
582,batch_582_loop_2,3,EMP_FRAUD_B -> VEND_SHELL_B -> SUB_PAYBACK_B -> EMP_FRAUD_B,SUB_PAYBACK_B,EMP_FRAUD_B,0.0,Historical,86.6,451,Circular Fund Flow
582,batch_582_loop_3,1,EMP_FRAUD_A -> VEND_SHELL_A -> SUB_PAYBACK_A -> EMP_FRAUD_A,EMP_FRAUD_A,VEND_SHELL_A,0.0,Historical,90.19,451,Circular Fund Flow
582,batch_582_loop_3,2,EMP_FRAUD_A -> VEND_SHELL_A -> SUB_PAYBACK_A -> EMP_FRAUD_A,VEND_SHELL_A,SUB_PAYBACK_A,0.0,Historical,98.82,451,Circular Fund Flow
582,batch_582_loop_3,3,EMP_FRAUD_A -> VEND_SHELL_A -> SUB_PAYBACK_A -> EMP_FRAUD_A,SUB_PAYBACK_A,EMP_FRAUD_A,0.0,Historical,89.94,451,Circular Fund Flow
583,batch_583_loop_1,1,EMP_FRAUD_C -> VEND_SHELL_C -> SUB_PAYBACK_C -> EMP_FRAUD_C,EMP_FRAUD_C,VEND_SHELL_C,0.0,Historical,92.77,465,Circular Fund Flow
583,batch_583_loop_1,2,EMP_FRAUD_C -> VEND_SHELL_C -> SUB_PAYBACK_C -> EMP_FRAUD_C,VEND_SHELL_C,SUB_PAYBACK_C,0.0,Historical,92.84,465,Circular Fund Flow
583,batch_583_loop_1,3,EMP_FRAUD_C -> VEND_SHELL_C -> SUB_PAYBACK_C -> EMP_FRAUD_C,SUB_PAYBACK_C,EMP_FRAUD_C,0.0,Historical,87.01,465,Circular Fund Flow
583,batch_583_loop_2,1,EMP_FRAUD_B -> VEND_SHELL_B -> SUB_PAYBACK_B -> EMP_FRAUD_B,EMP_FRAUD_B,VEND_SHELL_B,0.0,Historical,94.74,465,Circular Fund Flow
583,batch_583_loop_2,2,EMP_FRAUD_B -> VEND_SHELL_B -> SUB_PAYBACK_B -> EMP_FRAUD_B,VEND_SHELL_B,SUB_PAYBACK_B,0.0,Historical,87.04,465,Circular Fund Flow
583,batch_583_loop_2,3,EMP_FRAUD_B -> VEND_SHELL_B -> SUB_PAYBACK_B -> EMP_FRAUD_B,SUB_PAYBACK_B,EMP_FRAUD_B,0.0,Historical,93.34,465,Circular Fund Flow
583,batch_583_loop_3,1,EMP_FRAUD_A -> VEND_SHELL_A -> SUB_PAYBACK_A -> EMP_FRAUD_A,EMP_FRAUD_A,VEND_SHELL_A,0.0,Historical,85.62,465,Circular Fund Flow
583,batch_583_loop_3,2,EMP_FRAUD_A -> VEND_SHELL_A -> SUB_PAYBACK_A -> EMP_FRAUD_A,VEND_SHELL_A,SUB_PAYBACK_A,0.0,Historical,90.37,465,Circular Fund Flow
583,batch_583_loop_3,3,EMP_FRAUD_A -> VEND_SHELL_A -> SUB_PAYBACK_A -> EMP_FRAUD_A,SUB_PAYBACK_A,EMP_FRAUD_A,0.0,Historical,86.77,465,Circular Fund Flow
584,batch_584_loop_1,1,EMP_FRAUD_C -> VEND_SHELL_C -> SUB_PAYBACK_C -> EMP_FRAUD_C,EMP_FRAUD_C,VEND_SHELL_C,0.0,Historical,90.85,454,Circular Fund Flow
584,batch_584_loop_1,2,EMP_FRAUD_C -> VEND_SHELL_C -> SUB_PAYBACK_C -> EMP_FRAUD_C,VEND_SHELL_C,SUB_PAYBACK_C,0.0,Historical,97.88,454,Circular Fund Flow
584,batch_584_loop_1,3,EMP_FRAUD_C -> VEND_SHELL_C -> SUB_PAYBACK_C -> EMP_FRAUD_C,SUB_PAYBACK_C,EMP_FRAUD_C,0.0,Historical,95.12,454,Circular Fund Flow
584,batch_584_loop_2,1,EMP_FRAUD_B -> VEND_SHELL_B -> SUB_PAYBACK_B -> EMP_FRAUD_B,EMP_FRAUD_B,VEND_SHELL_B,0.0,Historical,96.5,454,Circular Fund Flow
584,batch_584_loop_2,2,EMP_FRAUD_B -> VEND_SHELL_B -> SUB_PAYBACK_B -> EMP_FRAUD_B,VEND_SHELL_B,SUB_PAYBACK_B,0.0,Historical,90.25,454,Circular Fund Flow
584,batch_584_loop_2,3,EMP_FRAUD_B -> VEND_SHELL_B -> SUB_PAYBACK_B -> EMP_FRAUD_B,SUB_PAYBACK_B,EMP_FRAUD_B,0.0,Historical,87.44,454,Circular Fund Flow
584,batch_584_loop_3,1,EMP_FRAUD_A -> VEND_SHELL_A -> SUB_PAYBACK_A -> EMP_FRAUD_A,EMP_FRAUD_A,VEND_SHELL_A,0.0,Historical,97.69,454,Circular Fund Flow
584,batch_584_loop_3,2,EMP_FRAUD_A -> VEND_SHELL_A -> SUB_PAYBACK_A -> EMP_FRAUD_A,VEND_SHELL_A,SUB_PAYBACK_A,0.0,Historical,86.81,454,Circular Fund Flow
584,batch_584_loop_3,3,EMP_FRAUD_A -> VEND_SHELL_A -> SUB_PAYBACK_A -> EMP_FRAUD_A,SUB_PAYBACK_A,EMP_FRAUD_A,0.0,Historical,85.43,454,Circular Fund Flow
585,batch_585_loop_1,1,EMP_FRAUD_C -> VEND_SHELL_C -> SUB_PAYBACK_C -> EMP_FRAUD_C,EMP_FRAUD_C,VEND_SHELL_C,0.0,Historical,91.78,454,Circular Fund Flow
585,batch_585_loop_1,2,EMP_FRAUD_C -> VEND_SHELL_C -> SUB_PAYBACK_C -> EMP_FRAUD_C,VEND_SHELL_C,SUB_PAYBACK_C,0.0,Historical,86.56,454,Circular Fund Flow
585,batch_585_loop_1,3,EMP_FRAUD_C -> VEND_SHELL_C -> SUB_PAYBACK_C -> EMP_FRAUD_C,SUB_PAYBACK_C,EMP_FRAUD_C,0.0,Historical,89.49,454,Circular Fund Flow
585,batch_585_loop_2,1,EMP_FRAUD_B -> VEND_SHELL_B -> SUB_PAYBACK_B -> EMP_FRAUD_B,EMP_FRAUD_B,VEND_SHELL_B,0.0,Historical,90.95,454,Circular Fund Flow
585,batch_585_loop_2,2,EMP_FRAUD_B -> VEND_SHELL_B -> SUB_PAYBACK_B -> EMP_FRAUD_B,VEND_SHELL_B,SUB_PAYBACK_B,0.0,Historical,94.81,454,Circular Fund Flow
585,batch_585_loop_2,3,EMP_FRAUD_B -> VEND_SHELL_B -> SUB_PAYBACK_B -> EMP_FRAUD_B,SUB_PAYBACK_B,EMP_FRAUD_B,0.0,Historical,95.72,454,Circular Fund Flow
585,batch_585_loop_3,1,EMP_FRAUD_A -> VEND_SHELL_A -> SUB_PAYBACK_A -> EMP_FRAUD_A,EMP_FRAUD_A,VEND_SHELL_A,0.0,Historical,97.04,454,Circular Fund Flow
585,batch_585_loop_3,2,EMP_FRAUD_A -> VEND_SHELL_A -> SUB_PAYBACK_A -> EMP_FRAUD_A,VEND_SHELL_A,SUB_PAYBACK_A,0.0,Historical,89.99,454,Circular Fund Flow
585,batch_585_loop_3,3,EMP_FRAUD_A -> VEND_SHELL_A -> SUB_PAYBACK_A -> EMP_FRAUD_A,SUB_PAYBACK_A,EMP_FRAUD_A,0.0,Historical,93.67,454,Circular Fund Flow
586,batch_586_loop_1,1,EMP_FRAUD_C -> VEND_SHELL_C -> SUB_PAYBACK_C -> EMP_FRAUD_C,EMP_FRAUD_C,VEND_SHELL_C,0.0,Historical,90.66,453,Circular Fund Flow
586,batch_586_loop_1,2,EMP_FRAUD_C -> VEND_SHELL_C -> SUB_PAYBACK_C -> EMP_FRAUD_C,VEND_SHELL_C,SUB_PAYBACK_C,0.0,Historical,96.42,453,Circular Fund Flow
586,batch_586_loop_1,3,EMP_FRAUD_C -> VEND_SHELL_C -> SUB_PAYBACK_C -> EMP_FRAUD_C,SUB_PAYBACK_C,EMP_FRAUD_C,0.0,Historical,85.62,453,Circular Fund Flow
586,batch_586_loop_2,1,EMP_FRAUD_B -> VEND_SHELL_B -> SUB_PAYBACK_B -> EMP_FRAUD_B,EMP_FRAUD_B,VEND_SHELL_B,0.0,Historical,91.04,453,Circular Fund Flow
586,batch_586_loop_2,2,EMP_FRAUD_B -> VEND_SHELL_B -> SUB_PAYBACK_B -> EMP_FRAUD_B,VEND_SHELL_B,SUB_PAYBACK_B,0.0,Historical,95.7,453,Circular Fund Flow
586,batch_586_loop_2,3,EMP_FRAUD_B -> VEND_SHELL_B -> SUB_PAYBACK_B -> EMP_FRAUD_B,SUB_PAYBACK_B,EMP_FRAUD_B,0.0,Historical,91.59,453,Circular Fund Flow
586,batch_586_loop_3,1,EMP_FRAUD_A -> VEND_SHELL_A -> SUB_PAYBACK_A -> EMP_FRAUD_A,EMP_FRAUD_A,VEND_SHELL_A,0.0,Historical,97.96,453,Circular Fund Flow
586,batch_586_loop_3,2,EMP_FRAUD_A -> VEND_SHELL_A -> SUB_PAYBACK_A -> EMP_FRAUD_A,VEND_SHELL_A,SUB_PAYBACK_A,0.0,Historical,95.73,453,Circular Fund Flow
586,batch_586_loop_3,3,EMP_FRAUD_A -> VEND_SHELL_A -> SUB_PAYBACK_A -> EMP_FRAUD_A,SUB_PAYBACK_A,EMP_FRAUD_A,0.0,Historical,86.14,453,Circular Fund Flow
587,batch_587_loop_1,1,EMP_FRAUD_C -> VEND_SHELL_C -> SUB_PAYBACK_C -> EMP_FRAUD_C,EMP_FRAUD_C,VEND_SHELL_C,0.0,Historical,97.03,453,Circular Fund Flow
587,batch_587_loop_1,2,EMP_FRAUD_C -> VEND_SHELL_C -> SUB_PAYBACK_C -> EMP_FRAUD_C,VEND_SHELL_C,SUB_PAYBACK_C,0.0,Historical,96.42,453,Circular Fund Flow
587,batch_587_loop_1,3,EMP_FRAUD_C -> VEND_SHELL_C -> SUB_PAYBACK_C -> EMP_FRAUD_C,SUB_PAYBACK_C,EMP_FRAUD_C,0.0,Historical,86.94,453,Circular Fund Flow
587,batch_587_loop_2,1,EMP_FRAUD_B -> VEND_SHELL_B -> SUB_PAYBACK_B -> EMP_FRAUD_B,EMP_FRAUD_B,VEND_SHELL_B,0.0,Historical,89.87,453,Circular Fund Flow
587,batch_587_loop_2,2,EMP_FRAUD_B -> VEND_SHELL_B -> SUB_PAYBACK_B -> EMP_FRAUD_B,VEND_SHELL_B,SUB_PAYBACK_B,0.0,Historical,87.23,453,Circular Fund Flow
587,batch_587_loop_2,3,EMP_FRAUD_B -> VEND_SHELL_B -> SUB_PAYBACK_B -> EMP_FRAUD_B,SUB_PAYBACK_B,EMP_FRAUD_B,0.0,Historical,92.17,453,Circular Fund Flow
587,batch_587_loop_3,1,EMP_FRAUD_A -> VEND_SHELL_A -> SUB_PAYBACK_A -> EMP_FRAUD_A,EMP_FRAUD_A,VEND_SHELL_A,0.0,Historical,97.48,453,Circular Fund Flow
587,batch_587_loop_3,2,EMP_FRAUD_A -> VEND_SHELL_A -> SUB_PAYBACK_A -> EMP_FRAUD_A,VEND_SHELL_A,SUB_PAYBACK_A,0.0,Historical,94.8,453,Circular Fund Flow
587,batch_587_loop_3,3,EMP_FRAUD_A -> VEND_SHELL_A -> SUB_PAYBACK_A -> EMP_FRAUD_A,SUB_PAYBACK_A,EMP_FRAUD_A,0.0,Historical,92.13,453,Circular Fund Flow
588,batch_588_loop_1,1,EMP_FRAUD_C -> VEND_SHELL_C -> SUB_PAYBACK_C -> EMP_FRAUD_C,EMP_FRAUD_C,VEND_SHELL_C,0.0,Historical,85.71,457,Circular Fund Flow
588,batch_588_loop_1,2,EMP_FRAUD_C -> VEND_SHELL_C -> SUB_PAYBACK_C -> EMP_FRAUD_C,VEND_SHELL_C,SUB_PAYBACK_C,0.0,Historical,93.55,457,Circular Fund Flow
588,batch_588_loop_1,3,EMP_FRAUD_C -> VEND_SHELL_C -> SUB_PAYBACK_C -> EMP_FRAUD_C,SUB_PAYBACK_C,EMP_FRAUD_C,0.0,Historical,95.77,457,Circular Fund Flow
588,batch_588_loop_2,1,EMP_FRAUD_B -> VEND_SHELL_B -> SUB_PAYBACK_B -> EMP_FRAUD_B,EMP_FRAUD_B,VEND_SHELL_B,0.0,Historical,91.53,457,Circular Fund Flow
588,batch_588_loop_2,2,EMP_FRAUD_B -> VEND_SHELL_B -> SUB_PAYBACK_B -> EMP_FRAUD_B,VEND_SHELL_B,SUB_PAYBACK_B,0.0,Historical,87.84,457,Circular Fund Flow
588,batch_588_loop_2,3,EMP_FRAUD_B -> VEND_SHELL_B -> SUB_PAYBACK_B -> EMP_FRAUD_B,SUB_PAYBACK_B,EMP_FRAUD_B,0.0,Historical,86.16,457,Circular Fund Flow
588,batch_588_loop_3,1,EMP_FRAUD_A -> VEND_SHELL_A -> SUB_PAYBACK_A -> EMP_FRAUD_A,EMP_FRAUD_A,VEND_SHELL_A,0.0,Historical,90.68,457,Circular Fund Flow
588,batch_588_loop_3,2,EMP_FRAUD_A -> VEND_SHELL_A -> SUB_PAYBACK_A -> EMP_FRAUD_A,VEND_SHELL_A,SUB_PAYBACK_A,0.0,Historical,86.56,457,Circular Fund Flow
588,batch_588_loop_3,3,EMP_FRAUD_A -> VEND_SHELL_A -> SUB_PAYBACK_A -> EMP_FRAUD_A,SUB_PAYBACK_A,EMP_FRAUD_A,0.0,Historical,85.03,457,Circular Fund Flow
589,batch_589_loop_1,1,EMP_FRAUD_C -> VEND_SHELL_C -> SUB_PAYBACK_C -> EMP_FRAUD_C,EMP_FRAUD_C,VEND_SHELL_C,0.0,Historical,95.39,457,Circular Fund Flow
589,batch_589_loop_1,2,EMP_FRAUD_C -> VEND_SHELL_C -> SUB_PAYBACK_C -> EMP_FRAUD_C,VEND_SHELL_C,SUB_PAYBACK_C,0.0,Historical,90.2,457,Circular Fund Flow
589,batch_589_loop_1,3,EMP_FRAUD_C -> VEND_SHELL_C -> SUB_PAYBACK_C -> EMP_FRAUD_C,SUB_PAYBACK_C,EMP_FRAUD_C,0.0,Historical,96.7,457,Circular Fund Flow
589,batch_589_loop_2,1,EMP_FRAUD_B -> VEND_SHELL_B -> SUB_PAYBACK_B -> EMP_FRAUD_B,EMP_FRAUD_B,VEND_SHELL_B,0.0,Historical,90.23,457,Circular Fund Flow
589,batch_589_loop_2,2,EMP_FRAUD_B -> VEND_SHELL_B -> SUB_PAYBACK_B -> EMP_FRAUD_B,VEND_SHELL_B,SUB_PAYBACK_B,0.0,Historical,94.19,457,Circular Fund Flow
589,batch_589_loop_2,3,EMP_FRAUD_B -> VEND_SHELL_B -> SUB_PAYBACK_B -> EMP_FRAUD_B,SUB_PAYBACK_B,EMP_FRAUD_B,0.0,Historical,95.77,457,Circular Fund Flow
589,batch_589_loop_3,1,EMP_FRAUD_A -> VEND_SHELL_A -> SUB_PAYBACK_A -> EMP_FRAUD_A,EMP_FRAUD_A,VEND_SHELL_A,0.0,Historical,98.94,457,Circular Fund Flow
589,batch_589_loop_3,2,EMP_FRAUD_A -> VEND_SHELL_A -> SUB_PAYBACK_A -> EMP_FRAUD_A,VEND_SHELL_A,SUB_PAYBACK_A,0.0,Historical,89.98,457,Circular Fund Flow
589,batch_589_loop_3,3,EMP_FRAUD_A -> VEND_SHELL_A -> SUB_PAYBACK_A -> EMP_FRAUD_A,SUB_PAYBACK_A,EMP_FRAUD_A,0.0,Historical,90.77,457,Circular Fund Flow
590,batch_590_loop_1,1,EMP_FRAUD_C -> VEND_SHELL_C -> SUB_PAYBACK_C -> EMP_FRAUD_C,EMP_FRAUD_C,VEND_SHELL_C,0.0,Historical,88.01,466,Circular Fund Flow
590,batch_590_loop_1,2,EMP_FRAUD_C -> VEND_SHELL_C -> SUB_PAYBACK_C -> EMP_FRAUD_C,VEND_SHELL_C,SUB_PAYBACK_C,0.0,Historical,97.32,466,Circular Fund Flow
590,batch_590_loop_1,3,EMP_FRAUD_C -> VEND_SHELL_C -> SUB_PAYBACK_C -> EMP_FRAUD_C,SUB_PAYBACK_C,EMP_FRAUD_C,0.0,Historical,85.34,466,Circular Fund Flow
590,batch_590_loop_2,1,EMP_FRAUD_B -> VEND_SHELL_B -> SUB_PAYBACK_B -> EMP_FRAUD_B,EMP_FRAUD_B,VEND_SHELL_B,0.0,Historical,89.0,466,Circular Fund Flow
590,batch_590_loop_2,2,EMP_FRAUD_B -> VEND_SHELL_B -> SUB_PAYBACK_B -> EMP_FRAUD_B,VEND_SHELL_B,SUB_PAYBACK_B,0.0,Historical,92.03,466,Circular Fund Flow
590,batch_590_loop_2,3,EMP_FRAUD_B -> VEND_SHELL_B -> SUB_PAYBACK_B -> EMP_FRAUD_B,SUB_PAYBACK_B,EMP_FRAUD_B,0.0,Historical,88.06,466,Circular Fund Flow
590,batch_590_loop_3,1,EMP_FRAUD_A -> VEND_SHELL_A -> SUB_PAYBACK_A -> EMP_FRAUD_A,EMP_FRAUD_A,VEND_SHELL_A,0.0,Historical,95.54,466,Circular Fund Flow
590,batch_590_loop_3,2,EMP_FRAUD_A -> VEND_SHELL_A -> SUB_PAYBACK_A -> EMP_FRAUD_A,VEND_SHELL_A,SUB_PAYBACK_A,0.0,Historical,97.54,466,Circular Fund Flow
590,batch_590_loop_3,3,EMP_FRAUD_A -> VEND_SHELL_A -> SUB_PAYBACK_A -> EMP_FRAUD_A,SUB_PAYBACK_A,EMP_FRAUD_A,0.0,Historical,93.03,466,Circular Fund Flow
591,batch_591_loop_1,1,EMP_FRAUD_C -> VEND_SHELL_C -> SUB_PAYBACK_C -> EMP_FRAUD_C,EMP_FRAUD_C,VEND_SHELL_C,0.0,Historical,87.7,453,Circular Fund Flow
591,batch_591_loop_1,2,EMP_FRAUD_C -> VEND_SHELL_C -> SUB_PAYBACK_C -> EMP_FRAUD_C,VEND_SHELL_C,SUB_PAYBACK_C,0.0,Historical,90.62,453,Circular Fund Flow
591,batch_591_loop_1,3,EMP_FRAUD_C -> VEND_SHELL_C -> SUB_PAYBACK_C -> EMP_FRAUD_C,SUB_PAYBACK_C,EMP_FRAUD_C,0.0,Historical,88.09,453,Circular Fund Flow
591,batch_591_loop_2,1,EMP_FRAUD_B -> VEND_SHELL_B -> SUB_PAYBACK_B -> EMP_FRAUD_B,EMP_FRAUD_B,VEND_SHELL_B,0.0,Historical,92.69,453,Circular Fund Flow
591,batch_591_loop_2,2,EMP_FRAUD_B -> VEND_SHELL_B -> SUB_PAYBACK_B -> EMP_FRAUD_B,VEND_SHELL_B,SUB_PAYBACK_B,0.0,Historical,86.28,453,Circular Fund Flow
591,batch_591_loop_2,3,EMP_FRAUD_B -> VEND_SHELL_B -> SUB_PAYBACK_B -> EMP_FRAUD_B,SUB_PAYBACK_B,EMP_FRAUD_B,0.0,Historical,95.86,453,Circular Fund Flow
591,batch_591_loop_3,1,EMP_FRAUD_A -> VEND_SHELL_A -> SUB_PAYBACK_A -> EMP_FRAUD_A,EMP_FRAUD_A,VEND_SHELL_A,0.0,Historical,88.63,453,Circular Fund Flow
591,batch_591_loop_3,2,EMP_FRAUD_A -> VEND_SHELL_A -> SUB_PAYBACK_A -> EMP_FRAUD_A,VEND_SHELL_A,SUB_PAYBACK_A,0.0,Historical,96.93,453,Circular Fund Flow
591,batch_591_loop_3,3,EMP_FRAUD_A -> VEND_SHELL_A -> SUB_PAYBACK_A -> EMP_FRAUD_A,SUB_PAYBACK_A,EMP_FRAUD_A,0.0,Historical,89.22,453,Circular Fund Flow
592,batch_592_loop_1,1,EMP_FRAUD_C -> VEND_SHELL_C -> SUB_PAYBACK_C -> EMP_FRAUD_C,EMP_FRAUD_C,VEND_SHELL_C,0.0,Historical,89.59,456,Circular Fund Flow
592,batch_592_loop_1,2,EMP_FRAUD_C -> VEND_SHELL_C -> SUB_PAYBACK_C -> EMP_FRAUD_C,VEND_SHELL_C,SUB_PAYBACK_C,0.0,Historical,94.01,456,Circular Fund Flow
592,batch_592_loop_1,3,EMP_FRAUD_C -> VEND_SHELL_C -> SUB_PAYBACK_C -> EMP_FRAUD_C,SUB_PAYBACK_C,EMP_FRAUD_C,0.0,Historical,89.16,456,Circular Fund Flow
592,batch_592_loop_2,1,EMP_FRAUD_B -> VEND_SHELL_B -> SUB_PAYBACK_B -> EMP_FRAUD_B,EMP_FRAUD_B,VEND_SHELL_B,0.0,Historical,88.94,456,Circular Fund Flow
592,batch_592_loop_2,2,EMP_FRAUD_B -> VEND_SHELL_B -> SUB_PAYBACK_B -> EMP_FRAUD_B,VEND_SHELL_B,SUB_PAYBACK_B,0.0,Historical,94.27,456,Circular Fund Flow
592,batch_592_loop_2,3,EMP_FRAUD_B -> VEND_SHELL_B -> SUB_PAYBACK_B -> EMP_FRAUD_B,SUB_PAYBACK_B,EMP_FRAUD_B,0.0,Historical,92.56,456,Circular Fund Flow
592,batch_592_loop_3,1,EMP_FRAUD_A -> VEND_SHELL_A -> SUB_PAYBACK_A -> EMP_FRAUD_A,EMP_FRAUD_A,VEND_SHELL_A,0.0,Historical,90.3,456,Circular Fund Flow
592,batch_592_loop_3,2,EMP_FRAUD_A -> VEND_SHELL_A -> SUB_PAYBACK_A -> EMP_FRAUD_A,VEND_SHELL_A,SUB_PAYBACK_A,0.0,Historical,98.73,456,Circular Fund Flow
592,batch_592_loop_3,3,EMP_FRAUD_A -> VEND_SHELL_A -> SUB_PAYBACK_A -> EMP_FRAUD_A,SUB_PAYBACK_A,EMP_FRAUD_A,0.0,Historical,90.13,456,Circular Fund Flow
593,batch_593_loop_1,1,EMP_FRAUD_C -> VEND_SHELL_C -> SUB_PAYBACK_C -> EMP_FRAUD_C,EMP_FRAUD_C,VEND_SHELL_C,0.0,Historical,93.91,463,Circular Fund Flow
593,batch_593_loop_1,2,EMP_FRAUD_C -> VEND_SHELL_C -> SUB_PAYBACK_C -> EMP_FRAUD_C,VEND_SHELL_C,SUB_PAYBACK_C,0.0,Historical,87.72,463,Circular Fund Flow
593,batch_593_loop_1,3,EMP_FRAUD_C -> VEND_SHELL_C -> SUB_PAYBACK_C -> EMP_FRAUD_C,SUB_PAYBACK_C,EMP_FRAUD_C,0.0,Historical,87.86,463,Circular Fund Flow
593,batch_593_loop_2,1,EMP_FRAUD_B -> VEND_SHELL_B -> SUB_PAYBACK_B -> EMP_FRAUD_B,EMP_FRAUD_B,VEND_SHELL_B,0.0,Historical,86.96,463,Circular Fund Flow
593,batch_593_loop_2,2,EMP_FRAUD_B -> VEND_SHELL_B -> SUB_PAYBACK_B -> EMP_FRAUD_B,VEND_SHELL_B,SUB_PAYBACK_B,0.0,Historical,98.89,463,Circular Fund Flow
593,batch_593_loop_2,3,EMP_FRAUD_B -> VEND_SHELL_B -> SUB_PAYBACK_B -> EMP_FRAUD_B,SUB_PAYBACK_B,EMP_FRAUD_B,0.0,Historical,95.48,463,Circular Fund Flow
593,batch_593_loop_3,1,EMP_FRAUD_A -> VEND_SHELL_A -> SUB_PAYBACK_A -> EMP_FRAUD_A,EMP_FRAUD_A,VEND_SHELL_A,0.0,Historical,93.48,463,Circular Fund Flow
593,batch_593_loop_3,2,EMP_FRAUD_A -> VEND_SHELL_A -> SUB_PAYBACK_A -> EMP_FRAUD_A,VEND_SHELL_A,SUB_PAYBACK_A,0.0,Historical,95.48,463,Circular Fund Flow
593,batch_593_loop_3,3,EMP_FRAUD_A -> VEND_SHELL_A -> SUB_PAYBACK_A -> EMP_FRAUD_A,SUB_PAYBACK_A,EMP_FRAUD_A,0.0,Historical,85.27,463,Circular Fund Flow
594,batch_594_loop_1,1,EMP_FRAUD_C -> VEND_SHELL_C -> SUB_PAYBACK_C -> EMP_FRAUD_C,EMP_FRAUD_C,VEND_SHELL_C,0.0,Historical,87.06,457,Circular Fund Flow
594,batch_594_loop_1,2,EMP_FRAUD_C -> VEND_SHELL_C -> SUB_PAYBACK_C -> EMP_FRAUD_C,VEND_SHELL_C,SUB_PAYBACK_C,0.0,Historical,87.31,457,Circular Fund Flow
594,batch_594_loop_1,3,EMP_FRAUD_C -> VEND_SHELL_C -> SUB_PAYBACK_C -> EMP_FRAUD_C,SUB_PAYBACK_C,EMP_FRAUD_C,0.0,Historical,86.18,457,Circular Fund Flow
594,batch_594_loop_2,1,EMP_FRAUD_B -> VEND_SHELL_B -> SUB_PAYBACK_B -> EMP_FRAUD_B,EMP_FRAUD_B,VEND_SHELL_B,0.0,Historical,94.22,457,Circular Fund Flow
594,batch_594_loop_2,2,EMP_FRAUD_B -> VEND_SHELL_B -> SUB_PAYBACK_B -> EMP_FRAUD_B,VEND_SHELL_B,SUB_PAYBACK_B,0.0,Historical,86.31,457,Circular Fund Flow
594,batch_594_loop_2,3,EMP_FRAUD_B -> VEND_SHELL_B -> SUB_PAYBACK_B -> EMP_FRAUD_B,SUB_PAYBACK_B,EMP_FRAUD_B,0.0,Historical,92.81,457,Circular Fund Flow
594,batch_594_loop_3,1,EMP_FRAUD_A -> VEND_SHELL_A -> SUB_PAYBACK_A -> EMP_FRAUD_A,EMP_FRAUD_A,VEND_SHELL_A,0.0,Historical,90.66,457,Circular Fund Flow
594,batch_594_loop_3,2,EMP_FRAUD_A -> VEND_SHELL_A -> SUB_PAYBACK_A -> EMP_FRAUD_A,VEND_SHELL_A,SUB_PAYBACK_A,0.0,Historical,87.83,457,Circular Fund Flow
594,batch_594_loop_3,3,EMP_FRAUD_A -> VEND_SHELL_A -> SUB_PAYBACK_A -> EMP_FRAUD_A,SUB_PAYBACK_A,EMP_FRAUD_A,0.0,Historical,90.73,457,Circular Fund Flow
595,batch_595_loop_1,1,EMP_FRAUD_C -> VEND_SHELL_C -> SUB_PAYBACK_C -> EMP_FRAUD_C,EMP_FRAUD_C,VEND_SHELL_C,0.0,Historical,87.39,452,Circular Fund Flow
595,batch_595_loop_1,2,EMP_FRAUD_C -> VEND_SHELL_C -> SUB_PAYBACK_C -> EMP_FRAUD_C,VEND_SHELL_C,SUB_PAYBACK_C,0.0,Historical,85.72,452,Circular Fund Flow
595,batch_595_loop_1,3,EMP_FRAUD_C -> VEND_SHELL_C -> SUB_PAYBACK_C -> EMP_FRAUD_C,SUB_PAYBACK_C,EMP_FRAUD_C,0.0,Historical,97.14,452,Circular Fund Flow
595,batch_595_loop_2,1,EMP_FRAUD_B -> VEND_SHELL_B -> SUB_PAYBACK_B -> EMP_FRAUD_B,EMP_FRAUD_B,VEND_SHELL_B,0.0,Historical,97.57,452,Circular Fund Flow
595,batch_595_loop_2,2,EMP_FRAUD_B -> VEND_SHELL_B -> SUB_PAYBACK_B -> EMP_FRAUD_B,VEND_SHELL_B,SUB_PAYBACK_B,0.0,Historical,90.06,452,Circular Fund Flow
595,batch_595_loop_2,3,EMP_FRAUD_B -> VEND_SHELL_B -> SUB_PAYBACK_B -> EMP_FRAUD_B,SUB_PAYBACK_B,EMP_FRAUD_B,0.0,Historical,91.67,452,Circular Fund Flow
595,batch_595_loop_3,1,EMP_FRAUD_A -> VEND_SHELL_A -> SUB_PAYBACK_A -> EMP_FRAUD_A,EMP_FRAUD_A,VEND_SHELL_A,0.0,Historical,89.97,452,Circular Fund Flow
595,batch_595_loop_3,2,EMP_FRAUD_A -> VEND_SHELL_A -> SUB_PAYBACK_A -> EMP_FRAUD_A,VEND_SHELL_A,SUB_PAYBACK_A,0.0,Historical,89.35,452,Circular Fund Flow
595,batch_595_loop_3,3,EMP_FRAUD_A -> VEND_SHELL_A -> SUB_PAYBACK_A -> EMP_FRAUD_A,SUB_PAYBACK_A,EMP_FRAUD_A,0.0,Historical,90.22,452,Circular Fund Flow
596,batch_596_loop_1,1,EMP_FRAUD_C -> VEND_SHELL_C -> SUB_PAYBACK_C -> EMP_FRAUD_C,EMP_FRAUD_C,VEND_SHELL_C,0.0,Historical,97.42,465,Circular Fund Flow
596,batch_596_loop_1,2,EMP_FRAUD_C -> VEND_SHELL_C -> SUB_PAYBACK_C -> EMP_FRAUD_C,VEND_SHELL_C,SUB_PAYBACK_C,0.0,Historical,87.22,465,Circular Fund Flow
596,batch_596_loop_1,3,EMP_FRAUD_C -> VEND_SHELL_C -> SUB_PAYBACK_C -> EMP_FRAUD_C,SUB_PAYBACK_C,EMP_FRAUD_C,0.0,Historical,90.76,465,Circular Fund Flow
596,batch_596_loop_2,1,EMP_FRAUD_B -> VEND_SHELL_B -> SUB_PAYBACK_B -> EMP_FRAUD_B,EMP_FRAUD_B,VEND_SHELL_B,0.0,Historical,98.84,465,Circular Fund Flow
596,batch_596_loop_2,2,EMP_FRAUD_B -> VEND_SHELL_B -> SUB_PAYBACK_B -> EMP_FRAUD_B,VEND_SHELL_B,SUB_PAYBACK_B,0.0,Historical,97.27,465,Circular Fund Flow
596,batch_596_loop_2,3,EMP_FRAUD_B -> VEND_SHELL_B -> SUB_PAYBACK_B -> EMP_FRAUD_B,SUB_PAYBACK_B,EMP_FRAUD_B,0.0,Historical,94.26,465,Circular Fund Flow
596,batch_596_loop_3,1,EMP_FRAUD_A -> VEND_SHELL_A -> SUB_PAYBACK_A -> EMP_FRAUD_A,EMP_FRAUD_A,VEND_SHELL_A,0.0,Historical,92.92,465,Circular Fund Flow
596,batch_596_loop_3,2,EMP_FRAUD_A -> VEND_SHELL_A -> SUB_PAYBACK_A -> EMP_FRAUD_A,VEND_SHELL_A,SUB_PAYBACK_A,0.0,Historical,93.27,465,Circular Fund Flow
596,batch_596_loop_3,3,EMP_FRAUD_A -> VEND_SHELL_A -> SUB_PAYBACK_A -> EMP_FRAUD_A,SUB_PAYBACK_A,EMP_FRAUD_A,0.0,Historical,96.46,465,Circular Fund Flow
597,batch_597_loop_1,1,EMP_FRAUD_C -> VEND_SHELL_C -> SUB_PAYBACK_C -> EMP_FRAUD_C,EMP_FRAUD_C,VEND_SHELL_C,0.0,Historical,89.27,468,Circular Fund Flow
597,batch_597_loop_1,2,EMP_FRAUD_C -> VEND_SHELL_C -> SUB_PAYBACK_C -> EMP_FRAUD_C,VEND_SHELL_C,SUB_PAYBACK_C,0.0,Historical,98.3,468,Circular Fund Flow
597,batch_597_loop_1,3,EMP_FRAUD_C -> VEND_SHELL_C -> SUB_PAYBACK_C -> EMP_FRAUD_C,SUB_PAYBACK_C,EMP_FRAUD_C,0.0,Historical,94.65,468,Circular Fund Flow
597,batch_597_loop_2,1,EMP_FRAUD_B -> VEND_SHELL_B -> SUB_PAYBACK_B -> EMP_FRAUD_B,EMP_FRAUD_B,VEND_SHELL_B,0.0,Historical,87.45,468,Circular Fund Flow
597,batch_597_loop_2,2,EMP_FRAUD_B -> VEND_SHELL_B -> SUB_PAYBACK_B -> EMP_FRAUD_B,VEND_SHELL_B,SUB_PAYBACK_B,0.0,Historical,96.67,468,Circular Fund Flow
597,batch_597_loop_2,3,EMP_FRAUD_B -> VEND_SHELL_B -> SUB_PAYBACK_B -> EMP_FRAUD_B,SUB_PAYBACK_B,EMP_FRAUD_B,0.0,Historical,89.93,468,Circular Fund Flow
597,batch_597_loop_3,1,EMP_FRAUD_A -> VEND_SHELL_A -> SUB_PAYBACK_A -> EMP_FRAUD_A,EMP_FRAUD_A,VEND_SHELL_A,0.0,Historical,97.93,468,Circular Fund Flow
597,batch_597_loop_3,2,EMP_FRAUD_A -> VEND_SHELL_A -> SUB_PAYBACK_A -> EMP_FRAUD_A,VEND_SHELL_A,SUB_PAYBACK_A,0.0,Historical,90.16,468,Circular Fund Flow
597,batch_597_loop_3,3,EMP_FRAUD_A -> VEND_SHELL_A -> SUB_PAYBACK_A -> EMP_FRAUD_A,SUB_PAYBACK_A,EMP_FRAUD_A,0.0,Historical,91.19,468,Circular Fund Flow
598,batch_598_loop_1,1,EMP_FRAUD_C -> VEND_SHELL_C -> SUB_PAYBACK_C -> EMP_FRAUD_C,EMP_FRAUD_C,VEND_SHELL_C,0.0,Historical,86.99,470,Circular Fund Flow
598,batch_598_loop_1,2,EMP_FRAUD_C -> VEND_SHELL_C -> SUB_PAYBACK_C -> EMP_FRAUD_C,VEND_SHELL_C,SUB_PAYBACK_C,0.0,Historical,86.67,470,Circular Fund Flow
598,batch_598_loop_1,3,EMP_FRAUD_C -> VEND_SHELL_C -> SUB_PAYBACK_C -> EMP_FRAUD_C,SUB_PAYBACK_C,EMP_FRAUD_C,0.0,Historical,91.19,470,Circular Fund Flow
598,batch_598_loop_2,1,EMP_FRAUD_B -> VEND_SHELL_B -> SUB_PAYBACK_B -> EMP_FRAUD_B,EMP_FRAUD_B,VEND_SHELL_B,0.0,Historical,98.16,470,Circular Fund Flow
598,batch_598_loop_2,2,EMP_FRAUD_B -> VEND_SHELL_B -> SUB_PAYBACK_B -> EMP_FRAUD_B,VEND_SHELL_B,SUB_PAYBACK_B,0.0,Historical,90.38,470,Circular Fund Flow
598,batch_598_loop_2,3,EMP_FRAUD_B -> VEND_SHELL_B -> SUB_PAYBACK_B -> EMP_FRAUD_B,SUB_PAYBACK_B,EMP_FRAUD_B,0.0,Historical,88.6,470,Circular Fund Flow
598,batch_598_loop_3,1,EMP_FRAUD_A -> VEND_SHELL_A -> SUB_PAYBACK_A -> EMP_FRAUD_A,EMP_FRAUD_A,VEND_SHELL_A,0.0,Historical,97.82,470,Circular Fund Flow
598,batch_598_loop_3,2,EMP_FRAUD_A -> VEND_SHELL_A -> SUB_PAYBACK_A -> EMP_FRAUD_A,VEND_SHELL_A,SUB_PAYBACK_A,0.0,Historical,89.48,470,Circular Fund Flow
598,batch_598_loop_3,3,EMP_FRAUD_A -> VEND_SHELL_A -> SUB_PAYBACK_A -> EMP_FRAUD_A,SUB_PAYBACK_A,EMP_FRAUD_A,0.0,Historical,93.5,470,Circular Fund Flow
